ISO-10303-21;
HEADER;
FILE_DESCRIPTION(('Open CASCADE Model'),'2;1');
FILE_NAME('Open CASCADE Shape Model','2026-10-03T12:42:37',('Author'),(
    'Open CASCADE'),'Open CASCADE STEP processor 7.9','build123d',
  'Unknown');
FILE_SCHEMA(('AUTOMOTIVE_DESIGN { 1 0 10303 214 1 1 1 1 }'));
ENDSEC;
DATA;
#1 = APPLICATION_PROTOCOL_DEFINITION('international standard',
  'automotive_design',2000,#2);
#2 = APPLICATION_CONTEXT(
  'core data for automotive mechanical design processes');
#3 = SHAPE_DEFINITION_REPRESENTATION(#4,#10);
#4 = PRODUCT_DEFINITION_SHAPE('','',#5);
#5 = PRODUCT_DEFINITION('design','',#6,#9);
#6 = PRODUCT_DEFINITION_FORMATION('','',#7);
#7 = PRODUCT('=>[0:1:1:2]','=>[0:1:1:2]','',(#8));
#8 = PRODUCT_CONTEXT('',#2,'mechanical');
#9 = PRODUCT_DEFINITION_CONTEXT('part definition',#2,'design');
#10 = SHAPE_REPRESENTATION('',(#11,#15),#19);
#11 = AXIS2_PLACEMENT_3D('',#12,#13,#14);
#12 = CARTESIAN_POINT('',(0.,0.,0.));
#13 = DIRECTION('',(0.,0.,1.));
#14 = DIRECTION('',(1.,0.,-0.));
#15 = AXIS2_PLACEMENT_3D('',#16,#17,#18);
#16 = CARTESIAN_POINT('',(0.,0.,122.72));
#17 = DIRECTION('',(0.,0.,1.));
#18 = DIRECTION('',(1.,0.,-0.));
#19 = ( GEOMETRIC_REPRESENTATION_CONTEXT(3) 
GLOBAL_UNCERTAINTY_ASSIGNED_CONTEXT((#23)) GLOBAL_UNIT_ASSIGNED_CONTEXT(
(#20,#21,#22)) REPRESENTATION_CONTEXT('Context #1',
  '3D Context with UNIT and UNCERTAINTY') );
#20 = ( LENGTH_UNIT() NAMED_UNIT(*) SI_UNIT(.MILLI.,.METRE.) );
#21 = ( NAMED_UNIT(*) PLANE_ANGLE_UNIT() SI_UNIT($,.RADIAN.) );
#22 = ( NAMED_UNIT(*) SI_UNIT($,.STERADIAN.) SOLID_ANGLE_UNIT() );
#23 = UNCERTAINTY_MEASURE_WITH_UNIT(LENGTH_MEASURE(5.E-07),#20,
  'distance_accuracy_value','confusion accuracy');
#24 = PRODUCT_RELATED_PRODUCT_CATEGORY('part',$,(#7));
#25 = SHAPE_DEFINITION_REPRESENTATION(#26,#32);
#26 = PRODUCT_DEFINITION_SHAPE('','',#27);
#27 = PRODUCT_DEFINITION('design','',#28,#31);
#28 = PRODUCT_DEFINITION_FORMATION('','',#29);
#29 = PRODUCT('COMPOUND','COMPOUND','',(#30));
#30 = PRODUCT_CONTEXT('',#2,'mechanical');
#31 = PRODUCT_DEFINITION_CONTEXT('part definition',#2,'design');
#32 = ADVANCED_BREP_SHAPE_REPRESENTATION('',(#11,#33),#7290);
#33 = MANIFOLD_SOLID_BREP('',#34);
#34 = CLOSED_SHELL('',(#35,#155,#231,#1134,#1181,#1418,#1445,#1472,#1499
    ,#1524,#1531,#1668,#2013,#2133,#2182,#2231,#2322,#2371,#2399,#2426,
    #2458,#2556,#2603,#2721,#2748,#2963,#2991,#3173,#3222,#3270,#3317,
    #3408,#3475,#3530,#3585,#3640,#3695,#4302,#4357,#4412,#4917,#4944,
    #4969,#4976,#4981,#5028,#5055,#5082,#5089,#5615,#5622,#6091,#6098,
    #6207,#6212,#6237,#6264,#6271,#6278,#6282,#6286,#6290,#6294,#6351,
    #6427,#6484,#6488,#6492,#6549,#6598,#6647,#6704,#6731,#6804,#6851,
    #6898,#6924,#6959,#7085,#7115,#7145,#7175,#7182,#7209,#7236,#7263));
#35 = ADVANCED_FACE('',(#36),#50,.F.);
#36 = FACE_BOUND('',#37,.F.);
#37 = EDGE_LOOP('',(#38,#73,#101,#129));
#38 = ORIENTED_EDGE('',*,*,#39,.F.);
#39 = EDGE_CURVE('',#40,#42,#44,.T.);
#40 = VERTEX_POINT('',#41);
#41 = CARTESIAN_POINT('',(-17.52,-98.,0.));
#42 = VERTEX_POINT('',#43);
#43 = CARTESIAN_POINT('',(-17.52,-98.,5.));
#44 = SURFACE_CURVE('',#45,(#49,#61),.PCURVE_S1.);
#45 = LINE('',#46,#47);
#46 = CARTESIAN_POINT('',(-17.52,-98.,0.));
#47 = VECTOR('',#48,1.);
#48 = DIRECTION('',(0.,0.,1.));
#49 = PCURVE('',#50,#55);
#50 = PLANE('',#51);
#51 = AXIS2_PLACEMENT_3D('',#52,#53,#54);
#52 = CARTESIAN_POINT('',(-17.52,-98.,0.));
#53 = DIRECTION('',(1.,0.,-0.));
#54 = DIRECTION('',(0.,0.,1.));
#55 = DEFINITIONAL_REPRESENTATION('',(#56),#60);
#56 = LINE('',#57,#58);
#57 = CARTESIAN_POINT('',(0.,0.));
#58 = VECTOR('',#59,1.);
#59 = DIRECTION('',(1.,0.));
#60 = ( GEOMETRIC_REPRESENTATION_CONTEXT(2) 
PARAMETRIC_REPRESENTATION_CONTEXT() REPRESENTATION_CONTEXT('2D SPACE',''
  ) );
#61 = PCURVE('',#62,#67);
#62 = PLANE('',#63);
#63 = AXIS2_PLACEMENT_3D('',#64,#65,#66);
#64 = CARTESIAN_POINT('',(-17.52,-98.,0.));
#65 = DIRECTION('',(-0.,1.,0.));
#66 = DIRECTION('',(0.,0.,1.));
#67 = DEFINITIONAL_REPRESENTATION('',(#68),#72);
#68 = LINE('',#69,#70);
#69 = CARTESIAN_POINT('',(0.,0.));
#70 = VECTOR('',#71,1.);
#71 = DIRECTION('',(1.,0.));
#72 = ( GEOMETRIC_REPRESENTATION_CONTEXT(2) 
PARAMETRIC_REPRESENTATION_CONTEXT() REPRESENTATION_CONTEXT('2D SPACE',''
  ) );
#73 = ORIENTED_EDGE('',*,*,#74,.T.);
#74 = EDGE_CURVE('',#40,#75,#77,.T.);
#75 = VERTEX_POINT('',#76);
#76 = CARTESIAN_POINT('',(-17.52,-57.,0.));
#77 = SURFACE_CURVE('',#78,(#82,#89),.PCURVE_S1.);
#78 = LINE('',#79,#80);
#79 = CARTESIAN_POINT('',(-17.52,-98.,0.));
#80 = VECTOR('',#81,1.);
#81 = DIRECTION('',(-0.,1.,0.));
#82 = PCURVE('',#50,#83);
#83 = DEFINITIONAL_REPRESENTATION('',(#84),#88);
#84 = LINE('',#85,#86);
#85 = CARTESIAN_POINT('',(0.,0.));
#86 = VECTOR('',#87,1.);
#87 = DIRECTION('',(0.,-1.));
#88 = ( GEOMETRIC_REPRESENTATION_CONTEXT(2) 
PARAMETRIC_REPRESENTATION_CONTEXT() REPRESENTATION_CONTEXT('2D SPACE',''
  ) );
#89 = PCURVE('',#90,#95);
#90 = PLANE('',#91);
#91 = AXIS2_PLACEMENT_3D('',#92,#93,#94);
#92 = CARTESIAN_POINT('',(-17.52,-98.,0.));
#93 = DIRECTION('',(0.,0.,1.));
#94 = DIRECTION('',(1.,0.,-0.));
#95 = DEFINITIONAL_REPRESENTATION('',(#96),#100);
#96 = LINE('',#97,#98);
#97 = CARTESIAN_POINT('',(0.,0.));
#98 = VECTOR('',#99,1.);
#99 = DIRECTION('',(0.,1.));
#100 = ( GEOMETRIC_REPRESENTATION_CONTEXT(2) 
PARAMETRIC_REPRESENTATION_CONTEXT() REPRESENTATION_CONTEXT('2D SPACE',''
  ) );
#101 = ORIENTED_EDGE('',*,*,#102,.T.);
#102 = EDGE_CURVE('',#75,#103,#105,.T.);
#103 = VERTEX_POINT('',#104);
#104 = CARTESIAN_POINT('',(-17.52,-57.,5.));
#105 = SURFACE_CURVE('',#106,(#110,#117),.PCURVE_S1.);
#106 = LINE('',#107,#108);
#107 = CARTESIAN_POINT('',(-17.52,-57.,0.));
#108 = VECTOR('',#109,1.);
#109 = DIRECTION('',(0.,0.,1.));
#110 = PCURVE('',#50,#111);
#111 = DEFINITIONAL_REPRESENTATION('',(#112),#116);
#112 = LINE('',#113,#114);
#113 = CARTESIAN_POINT('',(0.,-41.));
#114 = VECTOR('',#115,1.);
#115 = DIRECTION('',(1.,0.));
#116 = ( GEOMETRIC_REPRESENTATION_CONTEXT(2) 
PARAMETRIC_REPRESENTATION_CONTEXT() REPRESENTATION_CONTEXT('2D SPACE',''
  ) );
#117 = PCURVE('',#118,#123);
#118 = PLANE('',#119);
#119 = AXIS2_PLACEMENT_3D('',#120,#121,#122);
#120 = CARTESIAN_POINT('',(-17.52,-57.,0.));
#121 = DIRECTION('',(-0.,1.,0.));
#122 = DIRECTION('',(0.,0.,1.));
#123 = DEFINITIONAL_REPRESENTATION('',(#124),#128);
#124 = LINE('',#125,#126);
#125 = CARTESIAN_POINT('',(0.,0.));
#126 = VECTOR('',#127,1.);
#127 = DIRECTION('',(1.,0.));
#128 = ( GEOMETRIC_REPRESENTATION_CONTEXT(2) 
PARAMETRIC_REPRESENTATION_CONTEXT() REPRESENTATION_CONTEXT('2D SPACE',''
  ) );
#129 = ORIENTED_EDGE('',*,*,#130,.F.);
#130 = EDGE_CURVE('',#42,#103,#131,.T.);
#131 = SURFACE_CURVE('',#132,(#136,#143),.PCURVE_S1.);
#132 = LINE('',#133,#134);
#133 = CARTESIAN_POINT('',(-17.52,-98.,5.));
#134 = VECTOR('',#135,1.);
#135 = DIRECTION('',(-0.,1.,0.));
#136 = PCURVE('',#50,#137);
#137 = DEFINITIONAL_REPRESENTATION('',(#138),#142);
#138 = LINE('',#139,#140);
#139 = CARTESIAN_POINT('',(5.,0.));
#140 = VECTOR('',#141,1.);
#141 = DIRECTION('',(0.,-1.));
#142 = ( GEOMETRIC_REPRESENTATION_CONTEXT(2) 
PARAMETRIC_REPRESENTATION_CONTEXT() REPRESENTATION_CONTEXT('2D SPACE',''
  ) );
#143 = PCURVE('',#144,#149);
#144 = PLANE('',#145);
#145 = AXIS2_PLACEMENT_3D('',#146,#147,#148);
#146 = CARTESIAN_POINT('',(-17.52,-98.,5.));
#147 = DIRECTION('',(0.,0.,1.));
#148 = DIRECTION('',(1.,0.,-0.));
#149 = DEFINITIONAL_REPRESENTATION('',(#150),#154);
#150 = LINE('',#151,#152);
#151 = CARTESIAN_POINT('',(0.,0.));
#152 = VECTOR('',#153,1.);
#153 = DIRECTION('',(0.,1.));
#154 = ( GEOMETRIC_REPRESENTATION_CONTEXT(2) 
PARAMETRIC_REPRESENTATION_CONTEXT() REPRESENTATION_CONTEXT('2D SPACE',''
  ) );
#155 = ADVANCED_FACE('',(#156),#62,.F.);
#156 = FACE_BOUND('',#157,.F.);
#157 = EDGE_LOOP('',(#158,#181,#182,#205));
#158 = ORIENTED_EDGE('',*,*,#159,.F.);
#159 = EDGE_CURVE('',#40,#160,#162,.T.);
#160 = VERTEX_POINT('',#161);
#161 = CARTESIAN_POINT('',(44.48,-98.,0.));
#162 = SURFACE_CURVE('',#163,(#167,#174),.PCURVE_S1.);
#163 = LINE('',#164,#165);
#164 = CARTESIAN_POINT('',(-17.52,-98.,0.));
#165 = VECTOR('',#166,1.);
#166 = DIRECTION('',(1.,0.,-0.));
#167 = PCURVE('',#62,#168);
#168 = DEFINITIONAL_REPRESENTATION('',(#169),#173);
#169 = LINE('',#170,#171);
#170 = CARTESIAN_POINT('',(0.,0.));
#171 = VECTOR('',#172,1.);
#172 = DIRECTION('',(0.,1.));
#173 = ( GEOMETRIC_REPRESENTATION_CONTEXT(2) 
PARAMETRIC_REPRESENTATION_CONTEXT() REPRESENTATION_CONTEXT('2D SPACE',''
  ) );
#174 = PCURVE('',#90,#175);
#175 = DEFINITIONAL_REPRESENTATION('',(#176),#180);
#176 = LINE('',#177,#178);
#177 = CARTESIAN_POINT('',(0.,0.));
#178 = VECTOR('',#179,1.);
#179 = DIRECTION('',(1.,0.));
#180 = ( GEOMETRIC_REPRESENTATION_CONTEXT(2) 
PARAMETRIC_REPRESENTATION_CONTEXT() REPRESENTATION_CONTEXT('2D SPACE',''
  ) );
#181 = ORIENTED_EDGE('',*,*,#39,.T.);
#182 = ORIENTED_EDGE('',*,*,#183,.T.);
#183 = EDGE_CURVE('',#42,#184,#186,.T.);
#184 = VERTEX_POINT('',#185);
#185 = CARTESIAN_POINT('',(44.48,-98.,5.));
#186 = SURFACE_CURVE('',#187,(#191,#198),.PCURVE_S1.);
#187 = LINE('',#188,#189);
#188 = CARTESIAN_POINT('',(-17.52,-98.,5.));
#189 = VECTOR('',#190,1.);
#190 = DIRECTION('',(1.,0.,-0.));
#191 = PCURVE('',#62,#192);
#192 = DEFINITIONAL_REPRESENTATION('',(#193),#197);
#193 = LINE('',#194,#195);
#194 = CARTESIAN_POINT('',(5.,0.));
#195 = VECTOR('',#196,1.);
#196 = DIRECTION('',(0.,1.));
#197 = ( GEOMETRIC_REPRESENTATION_CONTEXT(2) 
PARAMETRIC_REPRESENTATION_CONTEXT() REPRESENTATION_CONTEXT('2D SPACE',''
  ) );
#198 = PCURVE('',#144,#199);
#199 = DEFINITIONAL_REPRESENTATION('',(#200),#204);
#200 = LINE('',#201,#202);
#201 = CARTESIAN_POINT('',(0.,0.));
#202 = VECTOR('',#203,1.);
#203 = DIRECTION('',(1.,0.));
#204 = ( GEOMETRIC_REPRESENTATION_CONTEXT(2) 
PARAMETRIC_REPRESENTATION_CONTEXT() REPRESENTATION_CONTEXT('2D SPACE',''
  ) );
#205 = ORIENTED_EDGE('',*,*,#206,.F.);
#206 = EDGE_CURVE('',#160,#184,#207,.T.);
#207 = SURFACE_CURVE('',#208,(#212,#219),.PCURVE_S1.);
#208 = LINE('',#209,#210);
#209 = CARTESIAN_POINT('',(44.48,-98.,0.));
#210 = VECTOR('',#211,1.);
#211 = DIRECTION('',(0.,0.,1.));
#212 = PCURVE('',#62,#213);
#213 = DEFINITIONAL_REPRESENTATION('',(#214),#218);
#214 = LINE('',#215,#216);
#215 = CARTESIAN_POINT('',(0.,62.));
#216 = VECTOR('',#217,1.);
#217 = DIRECTION('',(1.,0.));
#218 = ( GEOMETRIC_REPRESENTATION_CONTEXT(2) 
PARAMETRIC_REPRESENTATION_CONTEXT() REPRESENTATION_CONTEXT('2D SPACE',''
  ) );
#219 = PCURVE('',#220,#225);
#220 = PLANE('',#221);
#221 = AXIS2_PLACEMENT_3D('',#222,#223,#224);
#222 = CARTESIAN_POINT('',(44.48,-98.,0.));
#223 = DIRECTION('',(1.,0.,-0.));
#224 = DIRECTION('',(0.,0.,1.));
#225 = DEFINITIONAL_REPRESENTATION('',(#226),#230);
#226 = LINE('',#227,#228);
#227 = CARTESIAN_POINT('',(0.,0.));
#228 = VECTOR('',#229,1.);
#229 = DIRECTION('',(1.,0.));
#230 = ( GEOMETRIC_REPRESENTATION_CONTEXT(2) 
PARAMETRIC_REPRESENTATION_CONTEXT() REPRESENTATION_CONTEXT('2D SPACE',''
  ) );
#231 = ADVANCED_FACE('',(#232,#386),#144,.T.);
#232 = FACE_BOUND('',#233,.T.);
#233 = EDGE_LOOP('',(#234,#257,#258,#259,#282,#310,#336,#362));
#234 = ORIENTED_EDGE('',*,*,#235,.F.);
#235 = EDGE_CURVE('',#103,#236,#238,.T.);
#236 = VERTEX_POINT('',#237);
#237 = CARTESIAN_POINT('',(23.14,-57.,5.));
#238 = SURFACE_CURVE('',#239,(#243,#250),.PCURVE_S1.);
#239 = LINE('',#240,#241);
#240 = CARTESIAN_POINT('',(-17.52,-57.,5.));
#241 = VECTOR('',#242,1.);
#242 = DIRECTION('',(1.,0.,-0.));
#243 = PCURVE('',#144,#244);
#244 = DEFINITIONAL_REPRESENTATION('',(#245),#249);
#245 = LINE('',#246,#247);
#246 = CARTESIAN_POINT('',(0.,41.));
#247 = VECTOR('',#248,1.);
#248 = DIRECTION('',(1.,0.));
#249 = ( GEOMETRIC_REPRESENTATION_CONTEXT(2) 
PARAMETRIC_REPRESENTATION_CONTEXT() REPRESENTATION_CONTEXT('2D SPACE',''
  ) );
#250 = PCURVE('',#118,#251);
#251 = DEFINITIONAL_REPRESENTATION('',(#252),#256);
#252 = LINE('',#253,#254);
#253 = CARTESIAN_POINT('',(5.,0.));
#254 = VECTOR('',#255,1.);
#255 = DIRECTION('',(0.,1.));
#256 = ( GEOMETRIC_REPRESENTATION_CONTEXT(2) 
PARAMETRIC_REPRESENTATION_CONTEXT() REPRESENTATION_CONTEXT('2D SPACE',''
  ) );
#257 = ORIENTED_EDGE('',*,*,#130,.F.);
#258 = ORIENTED_EDGE('',*,*,#183,.T.);
#259 = ORIENTED_EDGE('',*,*,#260,.T.);
#260 = EDGE_CURVE('',#184,#261,#263,.T.);
#261 = VERTEX_POINT('',#262);
#262 = CARTESIAN_POINT('',(44.48,-57.,5.));
#263 = SURFACE_CURVE('',#264,(#268,#275),.PCURVE_S1.);
#264 = LINE('',#265,#266);
#265 = CARTESIAN_POINT('',(44.48,-98.,5.));
#266 = VECTOR('',#267,1.);
#267 = DIRECTION('',(-0.,1.,0.));
#268 = PCURVE('',#144,#269);
#269 = DEFINITIONAL_REPRESENTATION('',(#270),#274);
#270 = LINE('',#271,#272);
#271 = CARTESIAN_POINT('',(62.,0.));
#272 = VECTOR('',#273,1.);
#273 = DIRECTION('',(0.,1.));
#274 = ( GEOMETRIC_REPRESENTATION_CONTEXT(2) 
PARAMETRIC_REPRESENTATION_CONTEXT() REPRESENTATION_CONTEXT('2D SPACE',''
  ) );
#275 = PCURVE('',#220,#276);
#276 = DEFINITIONAL_REPRESENTATION('',(#277),#281);
#277 = LINE('',#278,#279);
#278 = CARTESIAN_POINT('',(5.,0.));
#279 = VECTOR('',#280,1.);
#280 = DIRECTION('',(0.,-1.));
#281 = ( GEOMETRIC_REPRESENTATION_CONTEXT(2) 
PARAMETRIC_REPRESENTATION_CONTEXT() REPRESENTATION_CONTEXT('2D SPACE',''
  ) );
#282 = ORIENTED_EDGE('',*,*,#283,.F.);
#283 = EDGE_CURVE('',#284,#261,#286,.T.);
#284 = VERTEX_POINT('',#285);
#285 = CARTESIAN_POINT('',(37.94,-57.,5.));
#286 = SURFACE_CURVE('',#287,(#291,#298),.PCURVE_S1.);
#287 = LINE('',#288,#289);
#288 = CARTESIAN_POINT('',(-17.52,-57.,5.));
#289 = VECTOR('',#290,1.);
#290 = DIRECTION('',(1.,0.,-0.));
#291 = PCURVE('',#144,#292);
#292 = DEFINITIONAL_REPRESENTATION('',(#293),#297);
#293 = LINE('',#294,#295);
#294 = CARTESIAN_POINT('',(0.,41.));
#295 = VECTOR('',#296,1.);
#296 = DIRECTION('',(1.,0.));
#297 = ( GEOMETRIC_REPRESENTATION_CONTEXT(2) 
PARAMETRIC_REPRESENTATION_CONTEXT() REPRESENTATION_CONTEXT('2D SPACE',''
  ) );
#298 = PCURVE('',#299,#304);
#299 = PLANE('',#300);
#300 = AXIS2_PLACEMENT_3D('',#301,#302,#303);
#301 = CARTESIAN_POINT('',(-17.52,-57.,0.));
#302 = DIRECTION('',(-0.,1.,0.));
#303 = DIRECTION('',(0.,0.,1.));
#304 = DEFINITIONAL_REPRESENTATION('',(#305),#309);
#305 = LINE('',#306,#307);
#306 = CARTESIAN_POINT('',(5.,0.));
#307 = VECTOR('',#308,1.);
#308 = DIRECTION('',(0.,1.));
#309 = ( GEOMETRIC_REPRESENTATION_CONTEXT(2) 
PARAMETRIC_REPRESENTATION_CONTEXT() REPRESENTATION_CONTEXT('2D SPACE',''
  ) );
#310 = ORIENTED_EDGE('',*,*,#311,.F.);
#311 = EDGE_CURVE('',#312,#284,#314,.T.);
#312 = VERTEX_POINT('',#313);
#313 = CARTESIAN_POINT('',(37.94,-84.49,5.));
#314 = SURFACE_CURVE('',#315,(#319,#325),.PCURVE_S1.);
#315 = LINE('',#316,#317);
#316 = CARTESIAN_POINT('',(37.94,-91.245,5.));
#317 = VECTOR('',#318,1.);
#318 = DIRECTION('',(-0.,1.,0.));
#319 = PCURVE('',#144,#320);
#320 = DEFINITIONAL_REPRESENTATION('',(#321),#324);
#321 = B_SPLINE_CURVE_WITH_KNOTS('',1,(#322,#323),.UNSPECIFIED.,.F.,.F.,
  (2,2),(6.755,34.245),.PIECEWISE_BEZIER_KNOTS.);
#322 = CARTESIAN_POINT('',(55.46,13.51));
#323 = CARTESIAN_POINT('',(55.46,41.));
#324 = ( GEOMETRIC_REPRESENTATION_CONTEXT(2) 
PARAMETRIC_REPRESENTATION_CONTEXT() REPRESENTATION_CONTEXT('2D SPACE',''
  ) );
#325 = PCURVE('',#326,#331);
#326 = PLANE('',#327);
#327 = AXIS2_PLACEMENT_3D('',#328,#329,#330);
#328 = CARTESIAN_POINT('',(37.94,-84.49,-1.E-02));
#329 = DIRECTION('',(1.,0.,-0.));
#330 = DIRECTION('',(0.,0.,1.));
#331 = DEFINITIONAL_REPRESENTATION('',(#332),#335);
#332 = B_SPLINE_CURVE_WITH_KNOTS('',1,(#333,#334),.UNSPECIFIED.,.F.,.F.,
  (2,2),(6.755,34.245),.PIECEWISE_BEZIER_KNOTS.);
#333 = CARTESIAN_POINT('',(5.01,0.));
#334 = CARTESIAN_POINT('',(5.01,-27.49));
#335 = ( GEOMETRIC_REPRESENTATION_CONTEXT(2) 
PARAMETRIC_REPRESENTATION_CONTEXT() REPRESENTATION_CONTEXT('2D SPACE',''
  ) );
#336 = ORIENTED_EDGE('',*,*,#337,.T.);
#337 = EDGE_CURVE('',#312,#338,#340,.T.);
#338 = VERTEX_POINT('',#339);
#339 = CARTESIAN_POINT('',(23.14,-84.49,5.));
#340 = SURFACE_CURVE('',#341,(#345,#351),.PCURVE_S1.);
#341 = LINE('',#342,#343);
#342 = CARTESIAN_POINT('',(2.81,-84.49,5.));
#343 = VECTOR('',#344,1.);
#344 = DIRECTION('',(-1.,-0.,0.));
#345 = PCURVE('',#144,#346);
#346 = DEFINITIONAL_REPRESENTATION('',(#347),#350);
#347 = B_SPLINE_CURVE_WITH_KNOTS('',1,(#348,#349),.UNSPECIFIED.,.F.,.F.,
  (2,2),(-35.13,-20.33),.PIECEWISE_BEZIER_KNOTS.);
#348 = CARTESIAN_POINT('',(55.46,13.51));
#349 = CARTESIAN_POINT('',(40.66,13.51));
#350 = ( GEOMETRIC_REPRESENTATION_CONTEXT(2) 
PARAMETRIC_REPRESENTATION_CONTEXT() REPRESENTATION_CONTEXT('2D SPACE',''
  ) );
#351 = PCURVE('',#352,#357);
#352 = PLANE('',#353);
#353 = AXIS2_PLACEMENT_3D('',#354,#355,#356);
#354 = CARTESIAN_POINT('',(23.14,-84.49,-1.E-02));
#355 = DIRECTION('',(-0.,1.,0.));
#356 = DIRECTION('',(0.,0.,1.));
#357 = DEFINITIONAL_REPRESENTATION('',(#358),#361);
#358 = B_SPLINE_CURVE_WITH_KNOTS('',1,(#359,#360),.UNSPECIFIED.,.F.,.F.,
  (2,2),(-35.13,-20.33),.PIECEWISE_BEZIER_KNOTS.);
#359 = CARTESIAN_POINT('',(5.01,14.8));
#360 = CARTESIAN_POINT('',(5.01,0.));
#361 = ( GEOMETRIC_REPRESENTATION_CONTEXT(2) 
PARAMETRIC_REPRESENTATION_CONTEXT() REPRESENTATION_CONTEXT('2D SPACE',''
  ) );
#362 = ORIENTED_EDGE('',*,*,#363,.T.);
#363 = EDGE_CURVE('',#338,#236,#364,.T.);
#364 = SURFACE_CURVE('',#365,(#369,#375),.PCURVE_S1.);
#365 = LINE('',#366,#367);
#366 = CARTESIAN_POINT('',(23.14,-91.245,5.));
#367 = VECTOR('',#368,1.);
#368 = DIRECTION('',(-0.,1.,0.));
#369 = PCURVE('',#144,#370);
#370 = DEFINITIONAL_REPRESENTATION('',(#371),#374);
#371 = B_SPLINE_CURVE_WITH_KNOTS('',1,(#372,#373),.UNSPECIFIED.,.F.,.F.,
  (2,2),(6.755,34.245),.PIECEWISE_BEZIER_KNOTS.);
#372 = CARTESIAN_POINT('',(40.66,13.51));
#373 = CARTESIAN_POINT('',(40.66,41.));
#374 = ( GEOMETRIC_REPRESENTATION_CONTEXT(2) 
PARAMETRIC_REPRESENTATION_CONTEXT() REPRESENTATION_CONTEXT('2D SPACE',''
  ) );
#375 = PCURVE('',#376,#381);
#376 = PLANE('',#377);
#377 = AXIS2_PLACEMENT_3D('',#378,#379,#380);
#378 = CARTESIAN_POINT('',(23.14,-84.49,-1.E-02));
#379 = DIRECTION('',(1.,0.,-0.));
#380 = DIRECTION('',(0.,0.,1.));
#381 = DEFINITIONAL_REPRESENTATION('',(#382),#385);
#382 = B_SPLINE_CURVE_WITH_KNOTS('',1,(#383,#384),.UNSPECIFIED.,.F.,.F.,
  (2,2),(6.755,34.245),.PIECEWISE_BEZIER_KNOTS.);
#383 = CARTESIAN_POINT('',(5.01,0.));
#384 = CARTESIAN_POINT('',(5.01,-27.49));
#385 = ( GEOMETRIC_REPRESENTATION_CONTEXT(2) 
PARAMETRIC_REPRESENTATION_CONTEXT() REPRESENTATION_CONTEXT('2D SPACE',''
  ) );
#386 = FACE_BOUND('',#387,.T.);
#387 = EDGE_LOOP('',(#388,#417,#444,#471,#498,#527,#549,#582,#604,#631,
    #659,#687,#715,#742,#769,#797,#824,#853,#881,#910,#933,#956,#984,
    #1006,#1033,#1060,#1087,#1114));
#388 = ORIENTED_EDGE('',*,*,#389,.F.);
#389 = EDGE_CURVE('',#390,#392,#394,.T.);
#390 = VERTEX_POINT('',#391);
#391 = CARTESIAN_POINT('',(17.48,-91.5,5.));
#392 = VERTEX_POINT('',#393);
#393 = CARTESIAN_POINT('',(17.48,-61.5,5.));
#394 = SURFACE_CURVE('',#395,(#399,#406),.PCURVE_S1.);
#395 = LINE('',#396,#397);
#396 = CARTESIAN_POINT('',(17.48,-94.75,5.));
#397 = VECTOR('',#398,1.);
#398 = DIRECTION('',(-0.,1.,0.));
#399 = PCURVE('',#144,#400);
#400 = DEFINITIONAL_REPRESENTATION('',(#401),#405);
#401 = LINE('',#402,#403);
#402 = CARTESIAN_POINT('',(35.,3.25));
#403 = VECTOR('',#404,1.);
#404 = DIRECTION('',(0.,1.));
#405 = ( GEOMETRIC_REPRESENTATION_CONTEXT(2) 
PARAMETRIC_REPRESENTATION_CONTEXT() REPRESENTATION_CONTEXT('2D SPACE',''
  ) );
#406 = PCURVE('',#407,#412);
#407 = PLANE('',#408);
#408 = AXIS2_PLACEMENT_3D('',#409,#410,#411);
#409 = CARTESIAN_POINT('',(17.48,-91.5,0.));
#410 = DIRECTION('',(1.,0.,-0.));
#411 = DIRECTION('',(0.,0.,1.));
#412 = DEFINITIONAL_REPRESENTATION('',(#413),#416);
#413 = B_SPLINE_CURVE_WITH_KNOTS('',1,(#414,#415),.UNSPECIFIED.,.F.,.F.,
  (2,2),(3.25,33.25),.PIECEWISE_BEZIER_KNOTS.);
#414 = CARTESIAN_POINT('',(5.,0.));
#415 = CARTESIAN_POINT('',(5.,-30.));
#416 = ( GEOMETRIC_REPRESENTATION_CONTEXT(2) 
PARAMETRIC_REPRESENTATION_CONTEXT() REPRESENTATION_CONTEXT('2D SPACE',''
  ) );
#417 = ORIENTED_EDGE('',*,*,#418,.T.);
#418 = EDGE_CURVE('',#390,#419,#421,.T.);
#419 = VERTEX_POINT('',#420);
#420 = CARTESIAN_POINT('',(16.98,-91.5,5.));
#421 = SURFACE_CURVE('',#422,(#426,#433),.PCURVE_S1.);
#422 = LINE('',#423,#424);
#423 = CARTESIAN_POINT('',(-15.02,-91.5,5.));
#424 = VECTOR('',#425,1.);
#425 = DIRECTION('',(-1.,-0.,0.));
#426 = PCURVE('',#144,#427);
#427 = DEFINITIONAL_REPRESENTATION('',(#428),#432);
#428 = LINE('',#429,#430);
#429 = CARTESIAN_POINT('',(2.5,6.5));
#430 = VECTOR('',#431,1.);
#431 = DIRECTION('',(-1.,0.));
#432 = ( GEOMETRIC_REPRESENTATION_CONTEXT(2) 
PARAMETRIC_REPRESENTATION_CONTEXT() REPRESENTATION_CONTEXT('2D SPACE',''
  ) );
#433 = PCURVE('',#434,#439);
#434 = PLANE('',#435);
#435 = AXIS2_PLACEMENT_3D('',#436,#437,#438);
#436 = CARTESIAN_POINT('',(-12.52,-91.5,0.));
#437 = DIRECTION('',(-0.,1.,0.));
#438 = DIRECTION('',(0.,0.,1.));
#439 = DEFINITIONAL_REPRESENTATION('',(#440),#443);
#440 = B_SPLINE_CURVE_WITH_KNOTS('',1,(#441,#442),.UNSPECIFIED.,.F.,.F.,
  (2,2),(-32.5,-2.5),.PIECEWISE_BEZIER_KNOTS.);
#441 = CARTESIAN_POINT('',(5.,30.));
#442 = CARTESIAN_POINT('',(5.,0.));
#443 = ( GEOMETRIC_REPRESENTATION_CONTEXT(2) 
PARAMETRIC_REPRESENTATION_CONTEXT() REPRESENTATION_CONTEXT('2D SPACE',''
  ) );
#444 = ORIENTED_EDGE('',*,*,#445,.F.);
#445 = EDGE_CURVE('',#446,#419,#448,.T.);
#446 = VERTEX_POINT('',#447);
#447 = CARTESIAN_POINT('',(16.98,-93.,5.));
#448 = SURFACE_CURVE('',#449,(#453,#460),.PCURVE_S1.);
#449 = LINE('',#450,#451);
#450 = CARTESIAN_POINT('',(16.98,-95.5,5.));
#451 = VECTOR('',#452,1.);
#452 = DIRECTION('',(-0.,1.,0.));
#453 = PCURVE('',#144,#454);
#454 = DEFINITIONAL_REPRESENTATION('',(#455),#459);
#455 = LINE('',#456,#457);
#456 = CARTESIAN_POINT('',(34.5,2.5));
#457 = VECTOR('',#458,1.);
#458 = DIRECTION('',(0.,1.));
#459 = ( GEOMETRIC_REPRESENTATION_CONTEXT(2) 
PARAMETRIC_REPRESENTATION_CONTEXT() REPRESENTATION_CONTEXT('2D SPACE',''
  ) );
#460 = PCURVE('',#461,#466);
#461 = PLANE('',#462);
#462 = AXIS2_PLACEMENT_3D('',#463,#464,#465);
#463 = CARTESIAN_POINT('',(16.98,-93.,0.));
#464 = DIRECTION('',(1.,0.,-0.));
#465 = DIRECTION('',(0.,0.,1.));
#466 = DEFINITIONAL_REPRESENTATION('',(#467),#470);
#467 = B_SPLINE_CURVE_WITH_KNOTS('',1,(#468,#469),.UNSPECIFIED.,.F.,.F.,
  (2,2),(2.5,11.5),.PIECEWISE_BEZIER_KNOTS.);
#468 = CARTESIAN_POINT('',(5.,0.));
#469 = CARTESIAN_POINT('',(5.,-9.));
#470 = ( GEOMETRIC_REPRESENTATION_CONTEXT(2) 
PARAMETRIC_REPRESENTATION_CONTEXT() REPRESENTATION_CONTEXT('2D SPACE',''
  ) );
#471 = ORIENTED_EDGE('',*,*,#472,.T.);
#472 = EDGE_CURVE('',#446,#473,#475,.T.);
#473 = VERTEX_POINT('',#474);
#474 = CARTESIAN_POINT('',(13.95744346698,-93.,5.));
#475 = SURFACE_CURVE('',#476,(#480,#487),.PCURVE_S1.);
#476 = LINE('',#477,#478);
#477 = CARTESIAN_POINT('',(-3.52,-93.,5.));
#478 = VECTOR('',#479,1.);
#479 = DIRECTION('',(-1.,-0.,0.));
#480 = PCURVE('',#144,#481);
#481 = DEFINITIONAL_REPRESENTATION('',(#482),#486);
#482 = LINE('',#483,#484);
#483 = CARTESIAN_POINT('',(14.,5.));
#484 = VECTOR('',#485,1.);
#485 = DIRECTION('',(-1.,0.));
#486 = ( GEOMETRIC_REPRESENTATION_CONTEXT(2) 
PARAMETRIC_REPRESENTATION_CONTEXT() REPRESENTATION_CONTEXT('2D SPACE',''
  ) );
#487 = PCURVE('',#488,#493);
#488 = PLANE('',#489);
#489 = AXIS2_PLACEMENT_3D('',#490,#491,#492);
#490 = CARTESIAN_POINT('',(10.48,-93.,0.));
#491 = DIRECTION('',(-0.,1.,0.));
#492 = DIRECTION('',(0.,0.,1.));
#493 = DEFINITIONAL_REPRESENTATION('',(#494),#497);
#494 = B_SPLINE_CURVE_WITH_KNOTS('',1,(#495,#496),.UNSPECIFIED.,.F.,.F.,
  (2,2),(-20.5,-14.),.PIECEWISE_BEZIER_KNOTS.);
#495 = CARTESIAN_POINT('',(5.,6.5));
#496 = CARTESIAN_POINT('',(5.,0.));
#497 = ( GEOMETRIC_REPRESENTATION_CONTEXT(2) 
PARAMETRIC_REPRESENTATION_CONTEXT() REPRESENTATION_CONTEXT('2D SPACE',''
  ) );
#498 = ORIENTED_EDGE('',*,*,#499,.F.);
#499 = EDGE_CURVE('',#500,#473,#502,.T.);
#500 = VERTEX_POINT('',#501);
#501 = CARTESIAN_POINT('',(5.104214356256,-91.5,5.));
#502 = SURFACE_CURVE('',#503,(#508,#515),.PCURVE_S1.);
#503 = CIRCLE('',#504,4.5);
#504 = AXIS2_PLACEMENT_3D('',#505,#506,#507);
#505 = CARTESIAN_POINT('',(9.48,-92.55,5.));
#506 = DIRECTION('',(0.,0.,1.));
#507 = DIRECTION('',(1.,0.,-0.));
#508 = PCURVE('',#144,#509);
#509 = DEFINITIONAL_REPRESENTATION('',(#510),#514);
#510 = CIRCLE('',#511,4.5);
#511 = AXIS2_PLACEMENT_2D('',#512,#513);
#512 = CARTESIAN_POINT('',(27.,5.45));
#513 = DIRECTION('',(1.,0.));
#514 = ( GEOMETRIC_REPRESENTATION_CONTEXT(2) 
PARAMETRIC_REPRESENTATION_CONTEXT() REPRESENTATION_CONTEXT('2D SPACE',''
  ) );
#515 = PCURVE('',#516,#521);
#516 = CYLINDRICAL_SURFACE('',#517,4.5);
#517 = AXIS2_PLACEMENT_3D('',#518,#519,#520);
#518 = CARTESIAN_POINT('',(9.48,-92.55,0.));
#519 = DIRECTION('',(0.,0.,1.));
#520 = DIRECTION('',(1.,0.,-0.));
#521 = DEFINITIONAL_REPRESENTATION('',(#522),#526);
#522 = LINE('',#523,#524);
#523 = CARTESIAN_POINT('',(0.,5.));
#524 = VECTOR('',#525,1.);
#525 = DIRECTION('',(1.,0.));
#526 = ( GEOMETRIC_REPRESENTATION_CONTEXT(2) 
PARAMETRIC_REPRESENTATION_CONTEXT() REPRESENTATION_CONTEXT('2D SPACE',''
  ) );
#527 = ORIENTED_EDGE('',*,*,#528,.T.);
#528 = EDGE_CURVE('',#500,#529,#531,.T.);
#529 = VERTEX_POINT('',#530);
#530 = CARTESIAN_POINT('',(-0.144214356255,-91.5,5.));
#531 = SURFACE_CURVE('',#532,(#536,#543),.PCURVE_S1.);
#532 = LINE('',#533,#534);
#533 = CARTESIAN_POINT('',(-15.02,-91.5,5.));
#534 = VECTOR('',#535,1.);
#535 = DIRECTION('',(-1.,-0.,0.));
#536 = PCURVE('',#144,#537);
#537 = DEFINITIONAL_REPRESENTATION('',(#538),#542);
#538 = LINE('',#539,#540);
#539 = CARTESIAN_POINT('',(2.5,6.5));
#540 = VECTOR('',#541,1.);
#541 = DIRECTION('',(-1.,0.));
#542 = ( GEOMETRIC_REPRESENTATION_CONTEXT(2) 
PARAMETRIC_REPRESENTATION_CONTEXT() REPRESENTATION_CONTEXT('2D SPACE',''
  ) );
#543 = PCURVE('',#434,#544);
#544 = DEFINITIONAL_REPRESENTATION('',(#545),#548);
#545 = B_SPLINE_CURVE_WITH_KNOTS('',1,(#546,#547),.UNSPECIFIED.,.F.,.F.,
  (2,2),(-32.5,-2.5),.PIECEWISE_BEZIER_KNOTS.);
#546 = CARTESIAN_POINT('',(5.,30.));
#547 = CARTESIAN_POINT('',(5.,0.));
#548 = ( GEOMETRIC_REPRESENTATION_CONTEXT(2) 
PARAMETRIC_REPRESENTATION_CONTEXT() REPRESENTATION_CONTEXT('2D SPACE',''
  ) );
#549 = ORIENTED_EDGE('',*,*,#550,.T.);
#550 = EDGE_CURVE('',#529,#551,#553,.T.);
#551 = VERTEX_POINT('',#552);
#552 = CARTESIAN_POINT('',(-8.895785643745,-91.5,5.));
#553 = SURFACE_CURVE('',#554,(#559,#570),.PCURVE_S1.);
#554 = CIRCLE('',#555,4.5);
#555 = AXIS2_PLACEMENT_3D('',#556,#557,#558);
#556 = CARTESIAN_POINT('',(-4.52,-92.55,5.));
#557 = DIRECTION('',(0.,0.,-1.));
#558 = DIRECTION('',(0.972396809721,0.233333333333,0.));
#559 = PCURVE('',#144,#560);
#560 = DEFINITIONAL_REPRESENTATION('',(#561),#569);
#561 = ( BOUNDED_CURVE() B_SPLINE_CURVE(2,(#562,#563,#564,#565,#566,#567
,#568),.UNSPECIFIED.,.T.,.F.) B_SPLINE_CURVE_WITH_KNOTS((1,2,2,2,2,1),(
    -2.094395102393,0.,2.094395102393,4.188790204786,6.28318530718,
8.377580409573),.UNSPECIFIED.) CURVE() GEOMETRIC_REPRESENTATION_ITEM() 
RATIONAL_B_SPLINE_CURVE((1.,0.5,1.,0.5,1.,0.5,1.)) REPRESENTATION_ITEM(
  '') );
#562 = CARTESIAN_POINT('',(17.375785643744,6.5));
#563 = CARTESIAN_POINT('',(19.194438991692,-1.079083057996));
#564 = CARTESIAN_POINT('',(11.721433852101,1.135458471002));
#565 = CARTESIAN_POINT('',(4.248428712511,3.35));
#566 = CARTESIAN_POINT('',(9.902780504154,8.714541528998));
#567 = CARTESIAN_POINT('',(15.557132295797,14.079083057996));
#568 = CARTESIAN_POINT('',(17.375785643744,6.5));
#569 = ( GEOMETRIC_REPRESENTATION_CONTEXT(2) 
PARAMETRIC_REPRESENTATION_CONTEXT() REPRESENTATION_CONTEXT('2D SPACE',''
  ) );
#570 = PCURVE('',#571,#576);
#571 = CYLINDRICAL_SURFACE('',#572,4.5);
#572 = AXIS2_PLACEMENT_3D('',#573,#574,#575);
#573 = CARTESIAN_POINT('',(-4.52,-92.55,0.));
#574 = DIRECTION('',(0.,0.,1.));
#575 = DIRECTION('',(1.,0.,-0.));
#576 = DEFINITIONAL_REPRESENTATION('',(#577),#581);
#577 = LINE('',#578,#579);
#578 = CARTESIAN_POINT('',(6.5186895439,5.));
#579 = VECTOR('',#580,1.);
#580 = DIRECTION('',(-1.,-0.));
#581 = ( GEOMETRIC_REPRESENTATION_CONTEXT(2) 
PARAMETRIC_REPRESENTATION_CONTEXT() REPRESENTATION_CONTEXT('2D SPACE',''
  ) );
#582 = ORIENTED_EDGE('',*,*,#583,.T.);
#583 = EDGE_CURVE('',#551,#584,#586,.T.);
#584 = VERTEX_POINT('',#585);
#585 = CARTESIAN_POINT('',(-12.52,-91.5,5.));
#586 = SURFACE_CURVE('',#587,(#591,#598),.PCURVE_S1.);
#587 = LINE('',#588,#589);
#588 = CARTESIAN_POINT('',(-15.02,-91.5,5.));
#589 = VECTOR('',#590,1.);
#590 = DIRECTION('',(-1.,-0.,0.));
#591 = PCURVE('',#144,#592);
#592 = DEFINITIONAL_REPRESENTATION('',(#593),#597);
#593 = LINE('',#594,#595);
#594 = CARTESIAN_POINT('',(2.5,6.5));
#595 = VECTOR('',#596,1.);
#596 = DIRECTION('',(-1.,0.));
#597 = ( GEOMETRIC_REPRESENTATION_CONTEXT(2) 
PARAMETRIC_REPRESENTATION_CONTEXT() REPRESENTATION_CONTEXT('2D SPACE',''
  ) );
#598 = PCURVE('',#434,#599);
#599 = DEFINITIONAL_REPRESENTATION('',(#600),#603);
#600 = B_SPLINE_CURVE_WITH_KNOTS('',1,(#601,#602),.UNSPECIFIED.,.F.,.F.,
  (2,2),(-32.5,-2.5),.PIECEWISE_BEZIER_KNOTS.);
#601 = CARTESIAN_POINT('',(5.,30.));
#602 = CARTESIAN_POINT('',(5.,0.));
#603 = ( GEOMETRIC_REPRESENTATION_CONTEXT(2) 
PARAMETRIC_REPRESENTATION_CONTEXT() REPRESENTATION_CONTEXT('2D SPACE',''
  ) );
#604 = ORIENTED_EDGE('',*,*,#605,.T.);
#605 = EDGE_CURVE('',#584,#606,#608,.T.);
#606 = VERTEX_POINT('',#607);
#607 = CARTESIAN_POINT('',(-12.52,-85.5,5.));
#608 = SURFACE_CURVE('',#609,(#613,#620),.PCURVE_S1.);
#609 = LINE('',#610,#611);
#610 = CARTESIAN_POINT('',(-12.52,-94.75,5.));
#611 = VECTOR('',#612,1.);
#612 = DIRECTION('',(-0.,1.,0.));
#613 = PCURVE('',#144,#614);
#614 = DEFINITIONAL_REPRESENTATION('',(#615),#619);
#615 = LINE('',#616,#617);
#616 = CARTESIAN_POINT('',(5.,3.25));
#617 = VECTOR('',#618,1.);
#618 = DIRECTION('',(0.,1.));
#619 = ( GEOMETRIC_REPRESENTATION_CONTEXT(2) 
PARAMETRIC_REPRESENTATION_CONTEXT() REPRESENTATION_CONTEXT('2D SPACE',''
  ) );
#620 = PCURVE('',#621,#626);
#621 = PLANE('',#622);
#622 = AXIS2_PLACEMENT_3D('',#623,#624,#625);
#623 = CARTESIAN_POINT('',(-12.52,-91.5,0.));
#624 = DIRECTION('',(1.,0.,-0.));
#625 = DIRECTION('',(0.,0.,1.));
#626 = DEFINITIONAL_REPRESENTATION('',(#627),#630);
#627 = B_SPLINE_CURVE_WITH_KNOTS('',1,(#628,#629),.UNSPECIFIED.,.F.,.F.,
  (2,2),(3.25,33.25),.PIECEWISE_BEZIER_KNOTS.);
#628 = CARTESIAN_POINT('',(5.,0.));
#629 = CARTESIAN_POINT('',(5.,-30.));
#630 = ( GEOMETRIC_REPRESENTATION_CONTEXT(2) 
PARAMETRIC_REPRESENTATION_CONTEXT() REPRESENTATION_CONTEXT('2D SPACE',''
  ) );
#631 = ORIENTED_EDGE('',*,*,#632,.T.);
#632 = EDGE_CURVE('',#606,#633,#635,.T.);
#633 = VERTEX_POINT('',#634);
#634 = CARTESIAN_POINT('',(-10.12,-85.5,5.));
#635 = SURFACE_CURVE('',#636,(#640,#647),.PCURVE_S1.);
#636 = LINE('',#637,#638);
#637 = CARTESIAN_POINT('',(-13.52,-85.5,5.));
#638 = VECTOR('',#639,1.);
#639 = DIRECTION('',(1.,0.,-0.));
#640 = PCURVE('',#144,#641);
#641 = DEFINITIONAL_REPRESENTATION('',(#642),#646);
#642 = LINE('',#643,#644);
#643 = CARTESIAN_POINT('',(4.,12.5));
#644 = VECTOR('',#645,1.);
#645 = DIRECTION('',(1.,0.));
#646 = ( GEOMETRIC_REPRESENTATION_CONTEXT(2) 
PARAMETRIC_REPRESENTATION_CONTEXT() REPRESENTATION_CONTEXT('2D SPACE',''
  ) );
#647 = PCURVE('',#648,#653);
#648 = PLANE('',#649);
#649 = AXIS2_PLACEMENT_3D('',#650,#651,#652);
#650 = CARTESIAN_POINT('',(-13.52,-85.5,5.));
#651 = DIRECTION('',(-0.,1.,0.));
#652 = DIRECTION('',(0.,0.,1.));
#653 = DEFINITIONAL_REPRESENTATION('',(#654),#658);
#654 = LINE('',#655,#656);
#655 = CARTESIAN_POINT('',(0.,0.));
#656 = VECTOR('',#657,1.);
#657 = DIRECTION('',(0.,1.));
#658 = ( GEOMETRIC_REPRESENTATION_CONTEXT(2) 
PARAMETRIC_REPRESENTATION_CONTEXT() REPRESENTATION_CONTEXT('2D SPACE',''
  ) );
#659 = ORIENTED_EDGE('',*,*,#660,.F.);
#660 = EDGE_CURVE('',#661,#633,#663,.T.);
#661 = VERTEX_POINT('',#662);
#662 = CARTESIAN_POINT('',(-10.12,-89.1,5.));
#663 = SURFACE_CURVE('',#664,(#668,#675),.PCURVE_S1.);
#664 = LINE('',#665,#666);
#665 = CARTESIAN_POINT('',(-10.12,-89.1,5.));
#666 = VECTOR('',#667,1.);
#667 = DIRECTION('',(-0.,1.,0.));
#668 = PCURVE('',#144,#669);
#669 = DEFINITIONAL_REPRESENTATION('',(#670),#674);
#670 = LINE('',#671,#672);
#671 = CARTESIAN_POINT('',(7.4,8.9));
#672 = VECTOR('',#673,1.);
#673 = DIRECTION('',(0.,1.));
#674 = ( GEOMETRIC_REPRESENTATION_CONTEXT(2) 
PARAMETRIC_REPRESENTATION_CONTEXT() REPRESENTATION_CONTEXT('2D SPACE',''
  ) );
#675 = PCURVE('',#676,#681);
#676 = PLANE('',#677);
#677 = AXIS2_PLACEMENT_3D('',#678,#679,#680);
#678 = CARTESIAN_POINT('',(-10.12,-89.1,5.));
#679 = DIRECTION('',(1.,0.,-0.));
#680 = DIRECTION('',(0.,0.,1.));
#681 = DEFINITIONAL_REPRESENTATION('',(#682),#686);
#682 = LINE('',#683,#684);
#683 = CARTESIAN_POINT('',(0.,0.));
#684 = VECTOR('',#685,1.);
#685 = DIRECTION('',(0.,-1.));
#686 = ( GEOMETRIC_REPRESENTATION_CONTEXT(2) 
PARAMETRIC_REPRESENTATION_CONTEXT() REPRESENTATION_CONTEXT('2D SPACE',''
  ) );
#687 = ORIENTED_EDGE('',*,*,#688,.T.);
#688 = EDGE_CURVE('',#661,#689,#691,.T.);
#689 = VERTEX_POINT('',#690);
#690 = CARTESIAN_POINT('',(10.48,-89.1,5.));
#691 = SURFACE_CURVE('',#692,(#696,#703),.PCURVE_S1.);
#692 = LINE('',#693,#694);
#693 = CARTESIAN_POINT('',(-10.12,-89.1,5.));
#694 = VECTOR('',#695,1.);
#695 = DIRECTION('',(1.,0.,-0.));
#696 = PCURVE('',#144,#697);
#697 = DEFINITIONAL_REPRESENTATION('',(#698),#702);
#698 = LINE('',#699,#700);
#699 = CARTESIAN_POINT('',(7.4,8.9));
#700 = VECTOR('',#701,1.);
#701 = DIRECTION('',(1.,0.));
#702 = ( GEOMETRIC_REPRESENTATION_CONTEXT(2) 
PARAMETRIC_REPRESENTATION_CONTEXT() REPRESENTATION_CONTEXT('2D SPACE',''
  ) );
#703 = PCURVE('',#704,#709);
#704 = PLANE('',#705);
#705 = AXIS2_PLACEMENT_3D('',#706,#707,#708);
#706 = CARTESIAN_POINT('',(-10.12,-89.1,5.));
#707 = DIRECTION('',(-0.,1.,0.));
#708 = DIRECTION('',(0.,0.,1.));
#709 = DEFINITIONAL_REPRESENTATION('',(#710),#714);
#710 = LINE('',#711,#712);
#711 = CARTESIAN_POINT('',(0.,0.));
#712 = VECTOR('',#713,1.);
#713 = DIRECTION('',(0.,1.));
#714 = ( GEOMETRIC_REPRESENTATION_CONTEXT(2) 
PARAMETRIC_REPRESENTATION_CONTEXT() REPRESENTATION_CONTEXT('2D SPACE',''
  ) );
#715 = ORIENTED_EDGE('',*,*,#716,.T.);
#716 = EDGE_CURVE('',#689,#717,#719,.T.);
#717 = VERTEX_POINT('',#718);
#718 = CARTESIAN_POINT('',(10.48,-84.,5.));
#719 = SURFACE_CURVE('',#720,(#724,#731),.PCURVE_S1.);
#720 = LINE('',#721,#722);
#721 = CARTESIAN_POINT('',(10.48,-91.05,5.));
#722 = VECTOR('',#723,1.);
#723 = DIRECTION('',(-0.,1.,0.));
#724 = PCURVE('',#144,#725);
#725 = DEFINITIONAL_REPRESENTATION('',(#726),#730);
#726 = LINE('',#727,#728);
#727 = CARTESIAN_POINT('',(28.,6.95));
#728 = VECTOR('',#729,1.);
#729 = DIRECTION('',(0.,1.));
#730 = ( GEOMETRIC_REPRESENTATION_CONTEXT(2) 
PARAMETRIC_REPRESENTATION_CONTEXT() REPRESENTATION_CONTEXT('2D SPACE',''
  ) );
#731 = PCURVE('',#732,#737);
#732 = PLANE('',#733);
#733 = AXIS2_PLACEMENT_3D('',#734,#735,#736);
#734 = CARTESIAN_POINT('',(10.48,-93.,0.));
#735 = DIRECTION('',(1.,0.,-0.));
#736 = DIRECTION('',(0.,0.,1.));
#737 = DEFINITIONAL_REPRESENTATION('',(#738),#741);
#738 = B_SPLINE_CURVE_WITH_KNOTS('',1,(#739,#740),.UNSPECIFIED.,.F.,.F.,
  (2,2),(1.95,7.05),.PIECEWISE_BEZIER_KNOTS.);
#739 = CARTESIAN_POINT('',(5.,-3.9));
#740 = CARTESIAN_POINT('',(5.,-9.));
#741 = ( GEOMETRIC_REPRESENTATION_CONTEXT(2) 
PARAMETRIC_REPRESENTATION_CONTEXT() REPRESENTATION_CONTEXT('2D SPACE',''
  ) );
#742 = ORIENTED_EDGE('',*,*,#743,.F.);
#743 = EDGE_CURVE('',#744,#717,#746,.T.);
#744 = VERTEX_POINT('',#745);
#745 = CARTESIAN_POINT('',(15.08,-84.,5.));
#746 = SURFACE_CURVE('',#747,(#751,#758),.PCURVE_S1.);
#747 = LINE('',#748,#749);
#748 = CARTESIAN_POINT('',(0.18,-84.,5.));
#749 = VECTOR('',#750,1.);
#750 = DIRECTION('',(-1.,-0.,0.));
#751 = PCURVE('',#144,#752);
#752 = DEFINITIONAL_REPRESENTATION('',(#753),#757);
#753 = LINE('',#754,#755);
#754 = CARTESIAN_POINT('',(17.7,14.));
#755 = VECTOR('',#756,1.);
#756 = DIRECTION('',(-1.,0.));
#757 = ( GEOMETRIC_REPRESENTATION_CONTEXT(2) 
PARAMETRIC_REPRESENTATION_CONTEXT() REPRESENTATION_CONTEXT('2D SPACE',''
  ) );
#758 = PCURVE('',#759,#764);
#759 = PLANE('',#760);
#760 = AXIS2_PLACEMENT_3D('',#761,#762,#763);
#761 = CARTESIAN_POINT('',(10.48,-84.,0.));
#762 = DIRECTION('',(-0.,1.,0.));
#763 = DIRECTION('',(0.,0.,1.));
#764 = DEFINITIONAL_REPRESENTATION('',(#765),#768);
#765 = B_SPLINE_CURVE_WITH_KNOTS('',1,(#766,#767),.UNSPECIFIED.,.F.,.F.,
  (2,2),(-14.9,-10.3),.PIECEWISE_BEZIER_KNOTS.);
#766 = CARTESIAN_POINT('',(5.,4.6));
#767 = CARTESIAN_POINT('',(5.,0.));
#768 = ( GEOMETRIC_REPRESENTATION_CONTEXT(2) 
PARAMETRIC_REPRESENTATION_CONTEXT() REPRESENTATION_CONTEXT('2D SPACE',''
  ) );
#769 = ORIENTED_EDGE('',*,*,#770,.T.);
#770 = EDGE_CURVE('',#744,#771,#773,.T.);
#771 = VERTEX_POINT('',#772);
#772 = CARTESIAN_POINT('',(15.08,-69.,5.));
#773 = SURFACE_CURVE('',#774,(#778,#785),.PCURVE_S1.);
#774 = LINE('',#775,#776);
#775 = CARTESIAN_POINT('',(15.08,-89.1,5.));
#776 = VECTOR('',#777,1.);
#777 = DIRECTION('',(-0.,1.,0.));
#778 = PCURVE('',#144,#779);
#779 = DEFINITIONAL_REPRESENTATION('',(#780),#784);
#780 = LINE('',#781,#782);
#781 = CARTESIAN_POINT('',(32.6,8.9));
#782 = VECTOR('',#783,1.);
#783 = DIRECTION('',(0.,1.));
#784 = ( GEOMETRIC_REPRESENTATION_CONTEXT(2) 
PARAMETRIC_REPRESENTATION_CONTEXT() REPRESENTATION_CONTEXT('2D SPACE',''
  ) );
#785 = PCURVE('',#786,#791);
#786 = PLANE('',#787);
#787 = AXIS2_PLACEMENT_3D('',#788,#789,#790);
#788 = CARTESIAN_POINT('',(15.08,-89.1,5.));
#789 = DIRECTION('',(1.,0.,-0.));
#790 = DIRECTION('',(0.,0.,1.));
#791 = DEFINITIONAL_REPRESENTATION('',(#792),#796);
#792 = LINE('',#793,#794);
#793 = CARTESIAN_POINT('',(0.,0.));
#794 = VECTOR('',#795,1.);
#795 = DIRECTION('',(0.,-1.));
#796 = ( GEOMETRIC_REPRESENTATION_CONTEXT(2) 
PARAMETRIC_REPRESENTATION_CONTEXT() REPRESENTATION_CONTEXT('2D SPACE',''
  ) );
#797 = ORIENTED_EDGE('',*,*,#798,.T.);
#798 = EDGE_CURVE('',#771,#799,#801,.T.);
#799 = VERTEX_POINT('',#800);
#800 = CARTESIAN_POINT('',(11.844473983663,-69.,5.));
#801 = SURFACE_CURVE('',#802,(#806,#813),.PCURVE_S1.);
#802 = LINE('',#803,#804);
#803 = CARTESIAN_POINT('',(0.18,-69.,5.));
#804 = VECTOR('',#805,1.);
#805 = DIRECTION('',(-1.,-0.,0.));
#806 = PCURVE('',#144,#807);
#807 = DEFINITIONAL_REPRESENTATION('',(#808),#812);
#808 = LINE('',#809,#810);
#809 = CARTESIAN_POINT('',(17.7,29.));
#810 = VECTOR('',#811,1.);
#811 = DIRECTION('',(-1.,0.));
#812 = ( GEOMETRIC_REPRESENTATION_CONTEXT(2) 
PARAMETRIC_REPRESENTATION_CONTEXT() REPRESENTATION_CONTEXT('2D SPACE',''
  ) );
#813 = PCURVE('',#814,#819);
#814 = PLANE('',#815);
#815 = AXIS2_PLACEMENT_3D('',#816,#817,#818);
#816 = CARTESIAN_POINT('',(10.48,-69.,0.));
#817 = DIRECTION('',(-0.,1.,0.));
#818 = DIRECTION('',(0.,0.,1.));
#819 = DEFINITIONAL_REPRESENTATION('',(#820),#823);
#820 = B_SPLINE_CURVE_WITH_KNOTS('',1,(#821,#822),.UNSPECIFIED.,.F.,.F.,
  (2,2),(-14.9,-10.3),.PIECEWISE_BEZIER_KNOTS.);
#821 = CARTESIAN_POINT('',(5.,4.6));
#822 = CARTESIAN_POINT('',(5.,0.));
#823 = ( GEOMETRIC_REPRESENTATION_CONTEXT(2) 
PARAMETRIC_REPRESENTATION_CONTEXT() REPRESENTATION_CONTEXT('2D SPACE',''
  ) );
#824 = ORIENTED_EDGE('',*,*,#825,.F.);
#825 = EDGE_CURVE('',#826,#799,#828,.T.);
#826 = VERTEX_POINT('',#827);
#827 = CARTESIAN_POINT('',(7.280441730588,-63.9,5.));
#828 = SURFACE_CURVE('',#829,(#834,#841),.PCURVE_S1.);
#829 = CIRCLE('',#830,3.5);
#830 = AXIS2_PLACEMENT_3D('',#831,#832,#833);
#831 = CARTESIAN_POINT('',(10.11,-65.96,5.));
#832 = DIRECTION('',(0.,0.,1.));
#833 = DIRECTION('',(1.,0.,-0.));
#834 = PCURVE('',#144,#835);
#835 = DEFINITIONAL_REPRESENTATION('',(#836),#840);
#836 = CIRCLE('',#837,3.5);
#837 = AXIS2_PLACEMENT_2D('',#838,#839);
#838 = CARTESIAN_POINT('',(27.63,32.04));
#839 = DIRECTION('',(1.,0.));
#840 = ( GEOMETRIC_REPRESENTATION_CONTEXT(2) 
PARAMETRIC_REPRESENTATION_CONTEXT() REPRESENTATION_CONTEXT('2D SPACE',''
  ) );
#841 = PCURVE('',#842,#847);
#842 = CYLINDRICAL_SURFACE('',#843,3.5);
#843 = AXIS2_PLACEMENT_3D('',#844,#845,#846);
#844 = CARTESIAN_POINT('',(10.11,-65.96,0.));
#845 = DIRECTION('',(0.,0.,1.));
#846 = DIRECTION('',(1.,0.,-0.));
#847 = DEFINITIONAL_REPRESENTATION('',(#848),#852);
#848 = LINE('',#849,#850);
#849 = CARTESIAN_POINT('',(0.,5.));
#850 = VECTOR('',#851,1.);
#851 = DIRECTION('',(1.,0.));
#852 = ( GEOMETRIC_REPRESENTATION_CONTEXT(2) 
PARAMETRIC_REPRESENTATION_CONTEXT() REPRESENTATION_CONTEXT('2D SPACE',''
  ) );
#853 = ORIENTED_EDGE('',*,*,#854,.F.);
#854 = EDGE_CURVE('',#855,#826,#857,.T.);
#855 = VERTEX_POINT('',#856);
#856 = CARTESIAN_POINT('',(-2.320441730588,-63.9,5.));
#857 = SURFACE_CURVE('',#858,(#862,#869),.PCURVE_S1.);
#858 = LINE('',#859,#860);
#859 = CARTESIAN_POINT('',(-10.12,-63.9,5.));
#860 = VECTOR('',#861,1.);
#861 = DIRECTION('',(1.,0.,-0.));
#862 = PCURVE('',#144,#863);
#863 = DEFINITIONAL_REPRESENTATION('',(#864),#868);
#864 = LINE('',#865,#866);
#865 = CARTESIAN_POINT('',(7.4,34.1));
#866 = VECTOR('',#867,1.);
#867 = DIRECTION('',(1.,0.));
#868 = ( GEOMETRIC_REPRESENTATION_CONTEXT(2) 
PARAMETRIC_REPRESENTATION_CONTEXT() REPRESENTATION_CONTEXT('2D SPACE',''
  ) );
#869 = PCURVE('',#870,#875);
#870 = PLANE('',#871);
#871 = AXIS2_PLACEMENT_3D('',#872,#873,#874);
#872 = CARTESIAN_POINT('',(-10.12,-63.9,5.));
#873 = DIRECTION('',(-0.,1.,0.));
#874 = DIRECTION('',(0.,0.,1.));
#875 = DEFINITIONAL_REPRESENTATION('',(#876),#880);
#876 = LINE('',#877,#878);
#877 = CARTESIAN_POINT('',(0.,0.));
#878 = VECTOR('',#879,1.);
#879 = DIRECTION('',(0.,1.));
#880 = ( GEOMETRIC_REPRESENTATION_CONTEXT(2) 
PARAMETRIC_REPRESENTATION_CONTEXT() REPRESENTATION_CONTEXT('2D SPACE',''
  ) );
#881 = ORIENTED_EDGE('',*,*,#882,.F.);
#882 = EDGE_CURVE('',#883,#855,#885,.T.);
#883 = VERTEX_POINT('',#884);
#884 = CARTESIAN_POINT('',(-7.979558269412,-63.9,5.));
#885 = SURFACE_CURVE('',#886,(#891,#898),.PCURVE_S1.);
#886 = CIRCLE('',#887,3.5);
#887 = AXIS2_PLACEMENT_3D('',#888,#889,#890);
#888 = CARTESIAN_POINT('',(-5.15,-65.96,5.));
#889 = DIRECTION('',(0.,0.,1.));
#890 = DIRECTION('',(-0.808445219832,0.588571428571,0.));
#891 = PCURVE('',#144,#892);
#892 = DEFINITIONAL_REPRESENTATION('',(#893),#897);
#893 = CIRCLE('',#894,3.5);
#894 = AXIS2_PLACEMENT_2D('',#895,#896);
#895 = CARTESIAN_POINT('',(12.37,32.04));
#896 = DIRECTION('',(-0.808445219832,0.588571428571));
#897 = ( GEOMETRIC_REPRESENTATION_CONTEXT(2) 
PARAMETRIC_REPRESENTATION_CONTEXT() REPRESENTATION_CONTEXT('2D SPACE',''
  ) );
#898 = PCURVE('',#899,#904);
#899 = CYLINDRICAL_SURFACE('',#900,3.5);
#900 = AXIS2_PLACEMENT_3D('',#901,#902,#903);
#901 = CARTESIAN_POINT('',(-5.15,-65.96,0.));
#902 = DIRECTION('',(0.,0.,1.));
#903 = DIRECTION('',(1.,0.,-0.));
#904 = DEFINITIONAL_REPRESENTATION('',(#905),#909);
#905 = LINE('',#906,#907);
#906 = CARTESIAN_POINT('',(2.512302012105,5.));
#907 = VECTOR('',#908,1.);
#908 = DIRECTION('',(1.,0.));
#909 = ( GEOMETRIC_REPRESENTATION_CONTEXT(2) 
PARAMETRIC_REPRESENTATION_CONTEXT() REPRESENTATION_CONTEXT('2D SPACE',''
  ) );
#910 = ORIENTED_EDGE('',*,*,#911,.F.);
#911 = EDGE_CURVE('',#912,#883,#914,.T.);
#912 = VERTEX_POINT('',#913);
#913 = CARTESIAN_POINT('',(-10.12,-63.9,5.));
#914 = SURFACE_CURVE('',#915,(#919,#926),.PCURVE_S1.);
#915 = LINE('',#916,#917);
#916 = CARTESIAN_POINT('',(-10.12,-63.9,5.));
#917 = VECTOR('',#918,1.);
#918 = DIRECTION('',(1.,0.,-0.));
#919 = PCURVE('',#144,#920);
#920 = DEFINITIONAL_REPRESENTATION('',(#921),#925);
#921 = LINE('',#922,#923);
#922 = CARTESIAN_POINT('',(7.4,34.1));
#923 = VECTOR('',#924,1.);
#924 = DIRECTION('',(1.,0.));
#925 = ( GEOMETRIC_REPRESENTATION_CONTEXT(2) 
PARAMETRIC_REPRESENTATION_CONTEXT() REPRESENTATION_CONTEXT('2D SPACE',''
  ) );
#926 = PCURVE('',#870,#927);
#927 = DEFINITIONAL_REPRESENTATION('',(#928),#932);
#928 = LINE('',#929,#930);
#929 = CARTESIAN_POINT('',(0.,0.));
#930 = VECTOR('',#931,1.);
#931 = DIRECTION('',(0.,1.));
#932 = ( GEOMETRIC_REPRESENTATION_CONTEXT(2) 
PARAMETRIC_REPRESENTATION_CONTEXT() REPRESENTATION_CONTEXT('2D SPACE',''
  ) );
#933 = ORIENTED_EDGE('',*,*,#934,.F.);
#934 = EDGE_CURVE('',#935,#912,#937,.T.);
#935 = VERTEX_POINT('',#936);
#936 = CARTESIAN_POINT('',(-10.12,-75.5,5.));
#937 = SURFACE_CURVE('',#938,(#942,#949),.PCURVE_S1.);
#938 = LINE('',#939,#940);
#939 = CARTESIAN_POINT('',(-10.12,-89.1,5.));
#940 = VECTOR('',#941,1.);
#941 = DIRECTION('',(-0.,1.,0.));
#942 = PCURVE('',#144,#943);
#943 = DEFINITIONAL_REPRESENTATION('',(#944),#948);
#944 = LINE('',#945,#946);
#945 = CARTESIAN_POINT('',(7.4,8.9));
#946 = VECTOR('',#947,1.);
#947 = DIRECTION('',(0.,1.));
#948 = ( GEOMETRIC_REPRESENTATION_CONTEXT(2) 
PARAMETRIC_REPRESENTATION_CONTEXT() REPRESENTATION_CONTEXT('2D SPACE',''
  ) );
#949 = PCURVE('',#676,#950);
#950 = DEFINITIONAL_REPRESENTATION('',(#951),#955);
#951 = LINE('',#952,#953);
#952 = CARTESIAN_POINT('',(0.,0.));
#953 = VECTOR('',#954,1.);
#954 = DIRECTION('',(0.,-1.));
#955 = ( GEOMETRIC_REPRESENTATION_CONTEXT(2) 
PARAMETRIC_REPRESENTATION_CONTEXT() REPRESENTATION_CONTEXT('2D SPACE',''
  ) );
#956 = ORIENTED_EDGE('',*,*,#957,.F.);
#957 = EDGE_CURVE('',#958,#935,#960,.T.);
#958 = VERTEX_POINT('',#959);
#959 = CARTESIAN_POINT('',(-12.52,-75.5,5.));
#960 = SURFACE_CURVE('',#961,(#965,#972),.PCURVE_S1.);
#961 = LINE('',#962,#963);
#962 = CARTESIAN_POINT('',(-13.52,-75.5,5.));
#963 = VECTOR('',#964,1.);
#964 = DIRECTION('',(1.,0.,-0.));
#965 = PCURVE('',#144,#966);
#966 = DEFINITIONAL_REPRESENTATION('',(#967),#971);
#967 = LINE('',#968,#969);
#968 = CARTESIAN_POINT('',(4.,22.5));
#969 = VECTOR('',#970,1.);
#970 = DIRECTION('',(1.,0.));
#971 = ( GEOMETRIC_REPRESENTATION_CONTEXT(2) 
PARAMETRIC_REPRESENTATION_CONTEXT() REPRESENTATION_CONTEXT('2D SPACE',''
  ) );
#972 = PCURVE('',#973,#978);
#973 = PLANE('',#974);
#974 = AXIS2_PLACEMENT_3D('',#975,#976,#977);
#975 = CARTESIAN_POINT('',(-13.52,-75.5,5.));
#976 = DIRECTION('',(-0.,1.,0.));
#977 = DIRECTION('',(0.,0.,1.));
#978 = DEFINITIONAL_REPRESENTATION('',(#979),#983);
#979 = LINE('',#980,#981);
#980 = CARTESIAN_POINT('',(0.,0.));
#981 = VECTOR('',#982,1.);
#982 = DIRECTION('',(0.,1.));
#983 = ( GEOMETRIC_REPRESENTATION_CONTEXT(2) 
PARAMETRIC_REPRESENTATION_CONTEXT() REPRESENTATION_CONTEXT('2D SPACE',''
  ) );
#984 = ORIENTED_EDGE('',*,*,#985,.T.);
#985 = EDGE_CURVE('',#958,#986,#988,.T.);
#986 = VERTEX_POINT('',#987);
#987 = CARTESIAN_POINT('',(-12.52,-61.5,5.));
#988 = SURFACE_CURVE('',#989,(#993,#1000),.PCURVE_S1.);
#989 = LINE('',#990,#991);
#990 = CARTESIAN_POINT('',(-12.52,-94.75,5.));
#991 = VECTOR('',#992,1.);
#992 = DIRECTION('',(-0.,1.,0.));
#993 = PCURVE('',#144,#994);
#994 = DEFINITIONAL_REPRESENTATION('',(#995),#999);
#995 = LINE('',#996,#997);
#996 = CARTESIAN_POINT('',(5.,3.25));
#997 = VECTOR('',#998,1.);
#998 = DIRECTION('',(0.,1.));
#999 = ( GEOMETRIC_REPRESENTATION_CONTEXT(2) 
PARAMETRIC_REPRESENTATION_CONTEXT() REPRESENTATION_CONTEXT('2D SPACE',''
  ) );
#1000 = PCURVE('',#621,#1001);
#1001 = DEFINITIONAL_REPRESENTATION('',(#1002),#1005);
#1002 = B_SPLINE_CURVE_WITH_KNOTS('',1,(#1003,#1004),.UNSPECIFIED.,.F.,
  .F.,(2,2),(3.25,33.25),.PIECEWISE_BEZIER_KNOTS.);
#1003 = CARTESIAN_POINT('',(5.,0.));
#1004 = CARTESIAN_POINT('',(5.,-30.));
#1005 = ( GEOMETRIC_REPRESENTATION_CONTEXT(2) 
PARAMETRIC_REPRESENTATION_CONTEXT() REPRESENTATION_CONTEXT('2D SPACE',''
  ) );
#1006 = ORIENTED_EDGE('',*,*,#1007,.F.);
#1007 = EDGE_CURVE('',#1008,#986,#1010,.T.);
#1008 = VERTEX_POINT('',#1009);
#1009 = CARTESIAN_POINT('',(10.48,-61.5,5.));
#1010 = SURFACE_CURVE('',#1011,(#1015,#1022),.PCURVE_S1.);
#1011 = LINE('',#1012,#1013);
#1012 = CARTESIAN_POINT('',(-15.02,-61.5,5.));
#1013 = VECTOR('',#1014,1.);
#1014 = DIRECTION('',(-1.,-0.,0.));
#1015 = PCURVE('',#144,#1016);
#1016 = DEFINITIONAL_REPRESENTATION('',(#1017),#1021);
#1017 = LINE('',#1018,#1019);
#1018 = CARTESIAN_POINT('',(2.5,36.5));
#1019 = VECTOR('',#1020,1.);
#1020 = DIRECTION('',(-1.,0.));
#1021 = ( GEOMETRIC_REPRESENTATION_CONTEXT(2) 
PARAMETRIC_REPRESENTATION_CONTEXT() REPRESENTATION_CONTEXT('2D SPACE',''
  ) );
#1022 = PCURVE('',#1023,#1028);
#1023 = PLANE('',#1024);
#1024 = AXIS2_PLACEMENT_3D('',#1025,#1026,#1027);
#1025 = CARTESIAN_POINT('',(-12.52,-61.5,0.));
#1026 = DIRECTION('',(-0.,1.,0.));
#1027 = DIRECTION('',(0.,0.,1.));
#1028 = DEFINITIONAL_REPRESENTATION('',(#1029),#1032);
#1029 = B_SPLINE_CURVE_WITH_KNOTS('',1,(#1030,#1031),.UNSPECIFIED.,.F.,
  .F.,(2,2),(-32.5,-2.5),.PIECEWISE_BEZIER_KNOTS.);
#1030 = CARTESIAN_POINT('',(5.,30.));
#1031 = CARTESIAN_POINT('',(5.,0.));
#1032 = ( GEOMETRIC_REPRESENTATION_CONTEXT(2) 
PARAMETRIC_REPRESENTATION_CONTEXT() REPRESENTATION_CONTEXT('2D SPACE',''
  ) );
#1033 = ORIENTED_EDGE('',*,*,#1034,.T.);
#1034 = EDGE_CURVE('',#1008,#1035,#1037,.T.);
#1035 = VERTEX_POINT('',#1036);
#1036 = CARTESIAN_POINT('',(10.48,-60.,5.));
#1037 = SURFACE_CURVE('',#1038,(#1042,#1049),.PCURVE_S1.);
#1038 = LINE('',#1039,#1040);
#1039 = CARTESIAN_POINT('',(10.48,-83.5,5.));
#1040 = VECTOR('',#1041,1.);
#1041 = DIRECTION('',(-0.,1.,0.));
#1042 = PCURVE('',#144,#1043);
#1043 = DEFINITIONAL_REPRESENTATION('',(#1044),#1048);
#1044 = LINE('',#1045,#1046);
#1045 = CARTESIAN_POINT('',(28.,14.5));
#1046 = VECTOR('',#1047,1.);
#1047 = DIRECTION('',(0.,1.));
#1048 = ( GEOMETRIC_REPRESENTATION_CONTEXT(2) 
PARAMETRIC_REPRESENTATION_CONTEXT() REPRESENTATION_CONTEXT('2D SPACE',''
  ) );
#1049 = PCURVE('',#1050,#1055);
#1050 = PLANE('',#1051);
#1051 = AXIS2_PLACEMENT_3D('',#1052,#1053,#1054);
#1052 = CARTESIAN_POINT('',(10.48,-69.,0.));
#1053 = DIRECTION('',(1.,0.,-0.));
#1054 = DIRECTION('',(0.,0.,1.));
#1055 = DEFINITIONAL_REPRESENTATION('',(#1056),#1059);
#1056 = B_SPLINE_CURVE_WITH_KNOTS('',1,(#1057,#1058),.UNSPECIFIED.,.F.,
  .F.,(2,2),(14.5,23.5),.PIECEWISE_BEZIER_KNOTS.);
#1057 = CARTESIAN_POINT('',(5.,0.));
#1058 = CARTESIAN_POINT('',(5.,-9.));
#1059 = ( GEOMETRIC_REPRESENTATION_CONTEXT(2) 
PARAMETRIC_REPRESENTATION_CONTEXT() REPRESENTATION_CONTEXT('2D SPACE',''
  ) );
#1060 = ORIENTED_EDGE('',*,*,#1061,.F.);
#1061 = EDGE_CURVE('',#1062,#1035,#1064,.T.);
#1062 = VERTEX_POINT('',#1063);
#1063 = CARTESIAN_POINT('',(16.98,-60.,5.));
#1064 = SURFACE_CURVE('',#1065,(#1069,#1076),.PCURVE_S1.);
#1065 = LINE('',#1066,#1067);
#1066 = CARTESIAN_POINT('',(-3.52,-60.,5.));
#1067 = VECTOR('',#1068,1.);
#1068 = DIRECTION('',(-1.,-0.,0.));
#1069 = PCURVE('',#144,#1070);
#1070 = DEFINITIONAL_REPRESENTATION('',(#1071),#1075);
#1071 = LINE('',#1072,#1073);
#1072 = CARTESIAN_POINT('',(14.,38.));
#1073 = VECTOR('',#1074,1.);
#1074 = DIRECTION('',(-1.,0.));
#1075 = ( GEOMETRIC_REPRESENTATION_CONTEXT(2) 
PARAMETRIC_REPRESENTATION_CONTEXT() REPRESENTATION_CONTEXT('2D SPACE',''
  ) );
#1076 = PCURVE('',#1077,#1082);
#1077 = PLANE('',#1078);
#1078 = AXIS2_PLACEMENT_3D('',#1079,#1080,#1081);
#1079 = CARTESIAN_POINT('',(10.48,-60.,0.));
#1080 = DIRECTION('',(-0.,1.,0.));
#1081 = DIRECTION('',(0.,0.,1.));
#1082 = DEFINITIONAL_REPRESENTATION('',(#1083),#1086);
#1083 = B_SPLINE_CURVE_WITH_KNOTS('',1,(#1084,#1085),.UNSPECIFIED.,.F.,
  .F.,(2,2),(-20.5,-14.),.PIECEWISE_BEZIER_KNOTS.);
#1084 = CARTESIAN_POINT('',(5.,6.5));
#1085 = CARTESIAN_POINT('',(5.,0.));
#1086 = ( GEOMETRIC_REPRESENTATION_CONTEXT(2) 
PARAMETRIC_REPRESENTATION_CONTEXT() REPRESENTATION_CONTEXT('2D SPACE',''
  ) );
#1087 = ORIENTED_EDGE('',*,*,#1088,.F.);
#1088 = EDGE_CURVE('',#1089,#1062,#1091,.T.);
#1089 = VERTEX_POINT('',#1090);
#1090 = CARTESIAN_POINT('',(16.98,-61.5,5.));
#1091 = SURFACE_CURVE('',#1092,(#1096,#1103),.PCURVE_S1.);
#1092 = LINE('',#1093,#1094);
#1093 = CARTESIAN_POINT('',(16.98,-83.5,5.));
#1094 = VECTOR('',#1095,1.);
#1095 = DIRECTION('',(-0.,1.,0.));
#1096 = PCURVE('',#144,#1097);
#1097 = DEFINITIONAL_REPRESENTATION('',(#1098),#1102);
#1098 = LINE('',#1099,#1100);
#1099 = CARTESIAN_POINT('',(34.5,14.5));
#1100 = VECTOR('',#1101,1.);
#1101 = DIRECTION('',(0.,1.));
#1102 = ( GEOMETRIC_REPRESENTATION_CONTEXT(2) 
PARAMETRIC_REPRESENTATION_CONTEXT() REPRESENTATION_CONTEXT('2D SPACE',''
  ) );
#1103 = PCURVE('',#1104,#1109);
#1104 = PLANE('',#1105);
#1105 = AXIS2_PLACEMENT_3D('',#1106,#1107,#1108);
#1106 = CARTESIAN_POINT('',(16.98,-69.,0.));
#1107 = DIRECTION('',(1.,0.,-0.));
#1108 = DIRECTION('',(0.,0.,1.));
#1109 = DEFINITIONAL_REPRESENTATION('',(#1110),#1113);
#1110 = B_SPLINE_CURVE_WITH_KNOTS('',1,(#1111,#1112),.UNSPECIFIED.,.F.,
  .F.,(2,2),(14.5,23.5),.PIECEWISE_BEZIER_KNOTS.);
#1111 = CARTESIAN_POINT('',(5.,0.));
#1112 = CARTESIAN_POINT('',(5.,-9.));
#1113 = ( GEOMETRIC_REPRESENTATION_CONTEXT(2) 
PARAMETRIC_REPRESENTATION_CONTEXT() REPRESENTATION_CONTEXT('2D SPACE',''
  ) );
#1114 = ORIENTED_EDGE('',*,*,#1115,.F.);
#1115 = EDGE_CURVE('',#392,#1089,#1116,.T.);
#1116 = SURFACE_CURVE('',#1117,(#1121,#1128),.PCURVE_S1.);
#1117 = LINE('',#1118,#1119);
#1118 = CARTESIAN_POINT('',(-15.02,-61.5,5.));
#1119 = VECTOR('',#1120,1.);
#1120 = DIRECTION('',(-1.,-0.,0.));
#1121 = PCURVE('',#144,#1122);
#1122 = DEFINITIONAL_REPRESENTATION('',(#1123),#1127);
#1123 = LINE('',#1124,#1125);
#1124 = CARTESIAN_POINT('',(2.5,36.5));
#1125 = VECTOR('',#1126,1.);
#1126 = DIRECTION('',(-1.,0.));
#1127 = ( GEOMETRIC_REPRESENTATION_CONTEXT(2) 
PARAMETRIC_REPRESENTATION_CONTEXT() REPRESENTATION_CONTEXT('2D SPACE',''
  ) );
#1128 = PCURVE('',#1023,#1129);
#1129 = DEFINITIONAL_REPRESENTATION('',(#1130),#1133);
#1130 = B_SPLINE_CURVE_WITH_KNOTS('',1,(#1131,#1132),.UNSPECIFIED.,.F.,
  .F.,(2,2),(-32.5,-2.5),.PIECEWISE_BEZIER_KNOTS.);
#1131 = CARTESIAN_POINT('',(5.,30.));
#1132 = CARTESIAN_POINT('',(5.,0.));
#1133 = ( GEOMETRIC_REPRESENTATION_CONTEXT(2) 
PARAMETRIC_REPRESENTATION_CONTEXT() REPRESENTATION_CONTEXT('2D SPACE',''
  ) );
#1134 = ADVANCED_FACE('',(#1135),#118,.T.);
#1135 = FACE_BOUND('',#1136,.T.);
#1136 = EDGE_LOOP('',(#1137,#1160,#1161,#1162));
#1137 = ORIENTED_EDGE('',*,*,#1138,.F.);
#1138 = EDGE_CURVE('',#75,#1139,#1141,.T.);
#1139 = VERTEX_POINT('',#1140);
#1140 = CARTESIAN_POINT('',(23.14,-57.,0.));
#1141 = SURFACE_CURVE('',#1142,(#1146,#1153),.PCURVE_S1.);
#1142 = LINE('',#1143,#1144);
#1143 = CARTESIAN_POINT('',(-17.52,-57.,0.));
#1144 = VECTOR('',#1145,1.);
#1145 = DIRECTION('',(1.,0.,-0.));
#1146 = PCURVE('',#118,#1147);
#1147 = DEFINITIONAL_REPRESENTATION('',(#1148),#1152);
#1148 = LINE('',#1149,#1150);
#1149 = CARTESIAN_POINT('',(0.,0.));
#1150 = VECTOR('',#1151,1.);
#1151 = DIRECTION('',(0.,1.));
#1152 = ( GEOMETRIC_REPRESENTATION_CONTEXT(2) 
PARAMETRIC_REPRESENTATION_CONTEXT() REPRESENTATION_CONTEXT('2D SPACE',''
  ) );
#1153 = PCURVE('',#90,#1154);
#1154 = DEFINITIONAL_REPRESENTATION('',(#1155),#1159);
#1155 = LINE('',#1156,#1157);
#1156 = CARTESIAN_POINT('',(0.,41.));
#1157 = VECTOR('',#1158,1.);
#1158 = DIRECTION('',(1.,0.));
#1159 = ( GEOMETRIC_REPRESENTATION_CONTEXT(2) 
PARAMETRIC_REPRESENTATION_CONTEXT() REPRESENTATION_CONTEXT('2D SPACE',''
  ) );
#1160 = ORIENTED_EDGE('',*,*,#102,.T.);
#1161 = ORIENTED_EDGE('',*,*,#235,.T.);
#1162 = ORIENTED_EDGE('',*,*,#1163,.T.);
#1163 = EDGE_CURVE('',#236,#1139,#1164,.T.);
#1164 = SURFACE_CURVE('',#1165,(#1169,#1175),.PCURVE_S1.);
#1165 = LINE('',#1166,#1167);
#1166 = CARTESIAN_POINT('',(23.14,-57.,-5.E-03));
#1167 = VECTOR('',#1168,1.);
#1168 = DIRECTION('',(-0.,0.,-1.));
#1169 = PCURVE('',#118,#1170);
#1170 = DEFINITIONAL_REPRESENTATION('',(#1171),#1174);
#1171 = B_SPLINE_CURVE_WITH_KNOTS('',1,(#1172,#1173),.UNSPECIFIED.,.F.,
  .F.,(2,2),(-5.005,-5.E-03),.PIECEWISE_BEZIER_KNOTS.);
#1172 = CARTESIAN_POINT('',(5.,40.66));
#1173 = CARTESIAN_POINT('',(0.,40.66));
#1174 = ( GEOMETRIC_REPRESENTATION_CONTEXT(2) 
PARAMETRIC_REPRESENTATION_CONTEXT() REPRESENTATION_CONTEXT('2D SPACE',''
  ) );
#1175 = PCURVE('',#376,#1176);
#1176 = DEFINITIONAL_REPRESENTATION('',(#1177),#1180);
#1177 = B_SPLINE_CURVE_WITH_KNOTS('',1,(#1178,#1179),.UNSPECIFIED.,.F.,
  .F.,(2,2),(-5.005,-5.E-03),.PIECEWISE_BEZIER_KNOTS.);
#1178 = CARTESIAN_POINT('',(5.01,-27.49));
#1179 = CARTESIAN_POINT('',(1.E-02,-27.49));
#1180 = ( GEOMETRIC_REPRESENTATION_CONTEXT(2) 
PARAMETRIC_REPRESENTATION_CONTEXT() REPRESENTATION_CONTEXT('2D SPACE',''
  ) );
#1181 = ADVANCED_FACE('',(#1182,#1294,#1325,#1356,#1387),#90,.F.);
#1182 = FACE_BOUND('',#1183,.F.);
#1183 = EDGE_LOOP('',(#1184,#1185,#1186,#1187,#1210,#1233,#1254,#1275));
#1184 = ORIENTED_EDGE('',*,*,#1138,.F.);
#1185 = ORIENTED_EDGE('',*,*,#74,.F.);
#1186 = ORIENTED_EDGE('',*,*,#159,.T.);
#1187 = ORIENTED_EDGE('',*,*,#1188,.T.);
#1188 = EDGE_CURVE('',#160,#1189,#1191,.T.);
#1189 = VERTEX_POINT('',#1190);
#1190 = CARTESIAN_POINT('',(44.48,-57.,0.));
#1191 = SURFACE_CURVE('',#1192,(#1196,#1203),.PCURVE_S1.);
#1192 = LINE('',#1193,#1194);
#1193 = CARTESIAN_POINT('',(44.48,-98.,0.));
#1194 = VECTOR('',#1195,1.);
#1195 = DIRECTION('',(-0.,1.,0.));
#1196 = PCURVE('',#90,#1197);
#1197 = DEFINITIONAL_REPRESENTATION('',(#1198),#1202);
#1198 = LINE('',#1199,#1200);
#1199 = CARTESIAN_POINT('',(62.,0.));
#1200 = VECTOR('',#1201,1.);
#1201 = DIRECTION('',(0.,1.));
#1202 = ( GEOMETRIC_REPRESENTATION_CONTEXT(2) 
PARAMETRIC_REPRESENTATION_CONTEXT() REPRESENTATION_CONTEXT('2D SPACE',''
  ) );
#1203 = PCURVE('',#220,#1204);
#1204 = DEFINITIONAL_REPRESENTATION('',(#1205),#1209);
#1205 = LINE('',#1206,#1207);
#1206 = CARTESIAN_POINT('',(0.,0.));
#1207 = VECTOR('',#1208,1.);
#1208 = DIRECTION('',(0.,-1.));
#1209 = ( GEOMETRIC_REPRESENTATION_CONTEXT(2) 
PARAMETRIC_REPRESENTATION_CONTEXT() REPRESENTATION_CONTEXT('2D SPACE',''
  ) );
#1210 = ORIENTED_EDGE('',*,*,#1211,.F.);
#1211 = EDGE_CURVE('',#1212,#1189,#1214,.T.);
#1212 = VERTEX_POINT('',#1213);
#1213 = CARTESIAN_POINT('',(37.94,-57.,0.));
#1214 = SURFACE_CURVE('',#1215,(#1219,#1226),.PCURVE_S1.);
#1215 = LINE('',#1216,#1217);
#1216 = CARTESIAN_POINT('',(-17.52,-57.,0.));
#1217 = VECTOR('',#1218,1.);
#1218 = DIRECTION('',(1.,0.,-0.));
#1219 = PCURVE('',#90,#1220);
#1220 = DEFINITIONAL_REPRESENTATION('',(#1221),#1225);
#1221 = LINE('',#1222,#1223);
#1222 = CARTESIAN_POINT('',(0.,41.));
#1223 = VECTOR('',#1224,1.);
#1224 = DIRECTION('',(1.,0.));
#1225 = ( GEOMETRIC_REPRESENTATION_CONTEXT(2) 
PARAMETRIC_REPRESENTATION_CONTEXT() REPRESENTATION_CONTEXT('2D SPACE',''
  ) );
#1226 = PCURVE('',#299,#1227);
#1227 = DEFINITIONAL_REPRESENTATION('',(#1228),#1232);
#1228 = LINE('',#1229,#1230);
#1229 = CARTESIAN_POINT('',(0.,0.));
#1230 = VECTOR('',#1231,1.);
#1231 = DIRECTION('',(0.,1.));
#1232 = ( GEOMETRIC_REPRESENTATION_CONTEXT(2) 
PARAMETRIC_REPRESENTATION_CONTEXT() REPRESENTATION_CONTEXT('2D SPACE',''
  ) );
#1233 = ORIENTED_EDGE('',*,*,#1234,.F.);
#1234 = EDGE_CURVE('',#1235,#1212,#1237,.T.);
#1235 = VERTEX_POINT('',#1236);
#1236 = CARTESIAN_POINT('',(37.94,-84.49,0.));
#1237 = SURFACE_CURVE('',#1238,(#1242,#1248),.PCURVE_S1.);
#1238 = LINE('',#1239,#1240);
#1239 = CARTESIAN_POINT('',(37.94,-91.245,0.));
#1240 = VECTOR('',#1241,1.);
#1241 = DIRECTION('',(-0.,1.,0.));
#1242 = PCURVE('',#90,#1243);
#1243 = DEFINITIONAL_REPRESENTATION('',(#1244),#1247);
#1244 = B_SPLINE_CURVE_WITH_KNOTS('',1,(#1245,#1246),.UNSPECIFIED.,.F.,
  .F.,(2,2),(6.755,34.245),.PIECEWISE_BEZIER_KNOTS.);
#1245 = CARTESIAN_POINT('',(55.46,13.51));
#1246 = CARTESIAN_POINT('',(55.46,41.));
#1247 = ( GEOMETRIC_REPRESENTATION_CONTEXT(2) 
PARAMETRIC_REPRESENTATION_CONTEXT() REPRESENTATION_CONTEXT('2D SPACE',''
  ) );
#1248 = PCURVE('',#326,#1249);
#1249 = DEFINITIONAL_REPRESENTATION('',(#1250),#1253);
#1250 = B_SPLINE_CURVE_WITH_KNOTS('',1,(#1251,#1252),.UNSPECIFIED.,.F.,
  .F.,(2,2),(6.755,34.245),.PIECEWISE_BEZIER_KNOTS.);
#1251 = CARTESIAN_POINT('',(1.E-02,0.));
#1252 = CARTESIAN_POINT('',(1.E-02,-27.49));
#1253 = ( GEOMETRIC_REPRESENTATION_CONTEXT(2) 
PARAMETRIC_REPRESENTATION_CONTEXT() REPRESENTATION_CONTEXT('2D SPACE',''
  ) );
#1254 = ORIENTED_EDGE('',*,*,#1255,.T.);
#1255 = EDGE_CURVE('',#1235,#1256,#1258,.T.);
#1256 = VERTEX_POINT('',#1257);
#1257 = CARTESIAN_POINT('',(23.14,-84.49,0.));
#1258 = SURFACE_CURVE('',#1259,(#1263,#1269),.PCURVE_S1.);
#1259 = LINE('',#1260,#1261);
#1260 = CARTESIAN_POINT('',(2.81,-84.49,0.));
#1261 = VECTOR('',#1262,1.);
#1262 = DIRECTION('',(-1.,-0.,0.));
#1263 = PCURVE('',#90,#1264);
#1264 = DEFINITIONAL_REPRESENTATION('',(#1265),#1268);
#1265 = B_SPLINE_CURVE_WITH_KNOTS('',1,(#1266,#1267),.UNSPECIFIED.,.F.,
  .F.,(2,2),(-35.13,-20.33),.PIECEWISE_BEZIER_KNOTS.);
#1266 = CARTESIAN_POINT('',(55.46,13.51));
#1267 = CARTESIAN_POINT('',(40.66,13.51));
#1268 = ( GEOMETRIC_REPRESENTATION_CONTEXT(2) 
PARAMETRIC_REPRESENTATION_CONTEXT() REPRESENTATION_CONTEXT('2D SPACE',''
  ) );
#1269 = PCURVE('',#352,#1270);
#1270 = DEFINITIONAL_REPRESENTATION('',(#1271),#1274);
#1271 = B_SPLINE_CURVE_WITH_KNOTS('',1,(#1272,#1273),.UNSPECIFIED.,.F.,
  .F.,(2,2),(-35.13,-20.33),.PIECEWISE_BEZIER_KNOTS.);
#1272 = CARTESIAN_POINT('',(1.E-02,14.8));
#1273 = CARTESIAN_POINT('',(1.E-02,0.));
#1274 = ( GEOMETRIC_REPRESENTATION_CONTEXT(2) 
PARAMETRIC_REPRESENTATION_CONTEXT() REPRESENTATION_CONTEXT('2D SPACE',''
  ) );
#1275 = ORIENTED_EDGE('',*,*,#1276,.T.);
#1276 = EDGE_CURVE('',#1256,#1139,#1277,.T.);
#1277 = SURFACE_CURVE('',#1278,(#1282,#1288),.PCURVE_S1.);
#1278 = LINE('',#1279,#1280);
#1279 = CARTESIAN_POINT('',(23.14,-91.245,0.));
#1280 = VECTOR('',#1281,1.);
#1281 = DIRECTION('',(-0.,1.,0.));
#1282 = PCURVE('',#90,#1283);
#1283 = DEFINITIONAL_REPRESENTATION('',(#1284),#1287);
#1284 = B_SPLINE_CURVE_WITH_KNOTS('',1,(#1285,#1286),.UNSPECIFIED.,.F.,
  .F.,(2,2),(6.755,34.245),.PIECEWISE_BEZIER_KNOTS.);
#1285 = CARTESIAN_POINT('',(40.66,13.51));
#1286 = CARTESIAN_POINT('',(40.66,41.));
#1287 = ( GEOMETRIC_REPRESENTATION_CONTEXT(2) 
PARAMETRIC_REPRESENTATION_CONTEXT() REPRESENTATION_CONTEXT('2D SPACE',''
  ) );
#1288 = PCURVE('',#376,#1289);
#1289 = DEFINITIONAL_REPRESENTATION('',(#1290),#1293);
#1290 = B_SPLINE_CURVE_WITH_KNOTS('',1,(#1291,#1292),.UNSPECIFIED.,.F.,
  .F.,(2,2),(6.755,34.245),.PIECEWISE_BEZIER_KNOTS.);
#1291 = CARTESIAN_POINT('',(1.E-02,0.));
#1292 = CARTESIAN_POINT('',(1.E-02,-27.49));
#1293 = ( GEOMETRIC_REPRESENTATION_CONTEXT(2) 
PARAMETRIC_REPRESENTATION_CONTEXT() REPRESENTATION_CONTEXT('2D SPACE',''
  ) );
#1294 = FACE_BOUND('',#1295,.F.);
#1295 = EDGE_LOOP('',(#1296));
#1296 = ORIENTED_EDGE('',*,*,#1297,.F.);
#1297 = EDGE_CURVE('',#1298,#1298,#1300,.T.);
#1298 = VERTEX_POINT('',#1299);
#1299 = CARTESIAN_POINT('',(-2.52,-92.55,0.));
#1300 = SURFACE_CURVE('',#1301,(#1306,#1313),.PCURVE_S1.);
#1301 = CIRCLE('',#1302,2.);
#1302 = AXIS2_PLACEMENT_3D('',#1303,#1304,#1305);
#1303 = CARTESIAN_POINT('',(-4.52,-92.55,0.));
#1304 = DIRECTION('',(0.,0.,1.));
#1305 = DIRECTION('',(1.,0.,-0.));
#1306 = PCURVE('',#90,#1307);
#1307 = DEFINITIONAL_REPRESENTATION('',(#1308),#1312);
#1308 = CIRCLE('',#1309,2.);
#1309 = AXIS2_PLACEMENT_2D('',#1310,#1311);
#1310 = CARTESIAN_POINT('',(13.,5.45));
#1311 = DIRECTION('',(1.,0.));
#1312 = ( GEOMETRIC_REPRESENTATION_CONTEXT(2) 
PARAMETRIC_REPRESENTATION_CONTEXT() REPRESENTATION_CONTEXT('2D SPACE',''
  ) );
#1313 = PCURVE('',#1314,#1319);
#1314 = CYLINDRICAL_SURFACE('',#1315,2.);
#1315 = AXIS2_PLACEMENT_3D('',#1316,#1317,#1318);
#1316 = CARTESIAN_POINT('',(-4.52,-92.55,-0.5));
#1317 = DIRECTION('',(0.,0.,1.));
#1318 = DIRECTION('',(1.,0.,-0.));
#1319 = DEFINITIONAL_REPRESENTATION('',(#1320),#1324);
#1320 = LINE('',#1321,#1322);
#1321 = CARTESIAN_POINT('',(0.,0.5));
#1322 = VECTOR('',#1323,1.);
#1323 = DIRECTION('',(1.,0.));
#1324 = ( GEOMETRIC_REPRESENTATION_CONTEXT(2) 
PARAMETRIC_REPRESENTATION_CONTEXT() REPRESENTATION_CONTEXT('2D SPACE',''
  ) );
#1325 = FACE_BOUND('',#1326,.F.);
#1326 = EDGE_LOOP('',(#1327));
#1327 = ORIENTED_EDGE('',*,*,#1328,.F.);
#1328 = EDGE_CURVE('',#1329,#1329,#1331,.T.);
#1329 = VERTEX_POINT('',#1330);
#1330 = CARTESIAN_POINT('',(11.48,-92.55,0.));
#1331 = SURFACE_CURVE('',#1332,(#1337,#1344),.PCURVE_S1.);
#1332 = CIRCLE('',#1333,2.);
#1333 = AXIS2_PLACEMENT_3D('',#1334,#1335,#1336);
#1334 = CARTESIAN_POINT('',(9.48,-92.55,0.));
#1335 = DIRECTION('',(0.,0.,1.));
#1336 = DIRECTION('',(1.,0.,-0.));
#1337 = PCURVE('',#90,#1338);
#1338 = DEFINITIONAL_REPRESENTATION('',(#1339),#1343);
#1339 = CIRCLE('',#1340,2.);
#1340 = AXIS2_PLACEMENT_2D('',#1341,#1342);
#1341 = CARTESIAN_POINT('',(27.,5.45));
#1342 = DIRECTION('',(1.,0.));
#1343 = ( GEOMETRIC_REPRESENTATION_CONTEXT(2) 
PARAMETRIC_REPRESENTATION_CONTEXT() REPRESENTATION_CONTEXT('2D SPACE',''
  ) );
#1344 = PCURVE('',#1345,#1350);
#1345 = CYLINDRICAL_SURFACE('',#1346,2.);
#1346 = AXIS2_PLACEMENT_3D('',#1347,#1348,#1349);
#1347 = CARTESIAN_POINT('',(9.48,-92.55,-0.5));
#1348 = DIRECTION('',(0.,0.,1.));
#1349 = DIRECTION('',(1.,0.,-0.));
#1350 = DEFINITIONAL_REPRESENTATION('',(#1351),#1355);
#1351 = LINE('',#1352,#1353);
#1352 = CARTESIAN_POINT('',(0.,0.5));
#1353 = VECTOR('',#1354,1.);
#1354 = DIRECTION('',(1.,0.));
#1355 = ( GEOMETRIC_REPRESENTATION_CONTEXT(2) 
PARAMETRIC_REPRESENTATION_CONTEXT() REPRESENTATION_CONTEXT('2D SPACE',''
  ) );
#1356 = FACE_BOUND('',#1357,.F.);
#1357 = EDGE_LOOP('',(#1358));
#1358 = ORIENTED_EDGE('',*,*,#1359,.F.);
#1359 = EDGE_CURVE('',#1360,#1360,#1362,.T.);
#1360 = VERTEX_POINT('',#1361);
#1361 = CARTESIAN_POINT('',(-4.05,-65.96,0.));
#1362 = SURFACE_CURVE('',#1363,(#1368,#1375),.PCURVE_S1.);
#1363 = CIRCLE('',#1364,1.1);
#1364 = AXIS2_PLACEMENT_3D('',#1365,#1366,#1367);
#1365 = CARTESIAN_POINT('',(-5.15,-65.96,0.));
#1366 = DIRECTION('',(0.,0.,1.));
#1367 = DIRECTION('',(1.,0.,-0.));
#1368 = PCURVE('',#90,#1369);
#1369 = DEFINITIONAL_REPRESENTATION('',(#1370),#1374);
#1370 = CIRCLE('',#1371,1.1);
#1371 = AXIS2_PLACEMENT_2D('',#1372,#1373);
#1372 = CARTESIAN_POINT('',(12.37,32.04));
#1373 = DIRECTION('',(1.,0.));
#1374 = ( GEOMETRIC_REPRESENTATION_CONTEXT(2) 
PARAMETRIC_REPRESENTATION_CONTEXT() REPRESENTATION_CONTEXT('2D SPACE',''
  ) );
#1375 = PCURVE('',#1376,#1381);
#1376 = CYLINDRICAL_SURFACE('',#1377,1.1);
#1377 = AXIS2_PLACEMENT_3D('',#1378,#1379,#1380);
#1378 = CARTESIAN_POINT('',(-5.15,-65.96,-1.E-02));
#1379 = DIRECTION('',(0.,0.,1.));
#1380 = DIRECTION('',(1.,0.,-0.));
#1381 = DEFINITIONAL_REPRESENTATION('',(#1382),#1386);
#1382 = LINE('',#1383,#1384);
#1383 = CARTESIAN_POINT('',(0.,1.E-02));
#1384 = VECTOR('',#1385,1.);
#1385 = DIRECTION('',(1.,0.));
#1386 = ( GEOMETRIC_REPRESENTATION_CONTEXT(2) 
PARAMETRIC_REPRESENTATION_CONTEXT() REPRESENTATION_CONTEXT('2D SPACE',''
  ) );
#1387 = FACE_BOUND('',#1388,.F.);
#1388 = EDGE_LOOP('',(#1389));
#1389 = ORIENTED_EDGE('',*,*,#1390,.F.);
#1390 = EDGE_CURVE('',#1391,#1391,#1393,.T.);
#1391 = VERTEX_POINT('',#1392);
#1392 = CARTESIAN_POINT('',(11.21,-65.96,0.));
#1393 = SURFACE_CURVE('',#1394,(#1399,#1406),.PCURVE_S1.);
#1394 = CIRCLE('',#1395,1.1);
#1395 = AXIS2_PLACEMENT_3D('',#1396,#1397,#1398);
#1396 = CARTESIAN_POINT('',(10.11,-65.96,0.));
#1397 = DIRECTION('',(0.,0.,1.));
#1398 = DIRECTION('',(1.,0.,-0.));
#1399 = PCURVE('',#90,#1400);
#1400 = DEFINITIONAL_REPRESENTATION('',(#1401),#1405);
#1401 = CIRCLE('',#1402,1.1);
#1402 = AXIS2_PLACEMENT_2D('',#1403,#1404);
#1403 = CARTESIAN_POINT('',(27.63,32.04));
#1404 = DIRECTION('',(1.,0.));
#1405 = ( GEOMETRIC_REPRESENTATION_CONTEXT(2) 
PARAMETRIC_REPRESENTATION_CONTEXT() REPRESENTATION_CONTEXT('2D SPACE',''
  ) );
#1406 = PCURVE('',#1407,#1412);
#1407 = CYLINDRICAL_SURFACE('',#1408,1.1);
#1408 = AXIS2_PLACEMENT_3D('',#1409,#1410,#1411);
#1409 = CARTESIAN_POINT('',(10.11,-65.96,-1.E-02));
#1410 = DIRECTION('',(0.,0.,1.));
#1411 = DIRECTION('',(1.,0.,-0.));
#1412 = DEFINITIONAL_REPRESENTATION('',(#1413),#1417);
#1413 = LINE('',#1414,#1415);
#1414 = CARTESIAN_POINT('',(0.,1.E-02));
#1415 = VECTOR('',#1416,1.);
#1416 = DIRECTION('',(1.,0.));
#1417 = ( GEOMETRIC_REPRESENTATION_CONTEXT(2) 
PARAMETRIC_REPRESENTATION_CONTEXT() REPRESENTATION_CONTEXT('2D SPACE',''
  ) );
#1418 = ADVANCED_FACE('',(#1419),#220,.T.);
#1419 = FACE_BOUND('',#1420,.T.);
#1420 = EDGE_LOOP('',(#1421,#1422,#1423,#1444));
#1421 = ORIENTED_EDGE('',*,*,#206,.F.);
#1422 = ORIENTED_EDGE('',*,*,#1188,.T.);
#1423 = ORIENTED_EDGE('',*,*,#1424,.T.);
#1424 = EDGE_CURVE('',#1189,#261,#1425,.T.);
#1425 = SURFACE_CURVE('',#1426,(#1430,#1437),.PCURVE_S1.);
#1426 = LINE('',#1427,#1428);
#1427 = CARTESIAN_POINT('',(44.48,-57.,0.));
#1428 = VECTOR('',#1429,1.);
#1429 = DIRECTION('',(0.,0.,1.));
#1430 = PCURVE('',#220,#1431);
#1431 = DEFINITIONAL_REPRESENTATION('',(#1432),#1436);
#1432 = LINE('',#1433,#1434);
#1433 = CARTESIAN_POINT('',(0.,-41.));
#1434 = VECTOR('',#1435,1.);
#1435 = DIRECTION('',(1.,0.));
#1436 = ( GEOMETRIC_REPRESENTATION_CONTEXT(2) 
PARAMETRIC_REPRESENTATION_CONTEXT() REPRESENTATION_CONTEXT('2D SPACE',''
  ) );
#1437 = PCURVE('',#299,#1438);
#1438 = DEFINITIONAL_REPRESENTATION('',(#1439),#1443);
#1439 = LINE('',#1440,#1441);
#1440 = CARTESIAN_POINT('',(0.,62.));
#1441 = VECTOR('',#1442,1.);
#1442 = DIRECTION('',(1.,0.));
#1443 = ( GEOMETRIC_REPRESENTATION_CONTEXT(2) 
PARAMETRIC_REPRESENTATION_CONTEXT() REPRESENTATION_CONTEXT('2D SPACE',''
  ) );
#1444 = ORIENTED_EDGE('',*,*,#260,.F.);
#1445 = ADVANCED_FACE('',(#1446),#376,.T.);
#1446 = FACE_BOUND('',#1447,.T.);
#1447 = EDGE_LOOP('',(#1448,#1469,#1470,#1471));
#1448 = ORIENTED_EDGE('',*,*,#1449,.F.);
#1449 = EDGE_CURVE('',#1256,#338,#1450,.T.);
#1450 = SURFACE_CURVE('',#1451,(#1455,#1462),.PCURVE_S1.);
#1451 = LINE('',#1452,#1453);
#1452 = CARTESIAN_POINT('',(23.14,-84.49,-1.E-02));
#1453 = VECTOR('',#1454,1.);
#1454 = DIRECTION('',(0.,0.,1.));
#1455 = PCURVE('',#376,#1456);
#1456 = DEFINITIONAL_REPRESENTATION('',(#1457),#1461);
#1457 = LINE('',#1458,#1459);
#1458 = CARTESIAN_POINT('',(0.,0.));
#1459 = VECTOR('',#1460,1.);
#1460 = DIRECTION('',(1.,0.));
#1461 = ( GEOMETRIC_REPRESENTATION_CONTEXT(2) 
PARAMETRIC_REPRESENTATION_CONTEXT() REPRESENTATION_CONTEXT('2D SPACE',''
  ) );
#1462 = PCURVE('',#352,#1463);
#1463 = DEFINITIONAL_REPRESENTATION('',(#1464),#1468);
#1464 = LINE('',#1465,#1466);
#1465 = CARTESIAN_POINT('',(0.,0.));
#1466 = VECTOR('',#1467,1.);
#1467 = DIRECTION('',(1.,0.));
#1468 = ( GEOMETRIC_REPRESENTATION_CONTEXT(2) 
PARAMETRIC_REPRESENTATION_CONTEXT() REPRESENTATION_CONTEXT('2D SPACE',''
  ) );
#1469 = ORIENTED_EDGE('',*,*,#1276,.T.);
#1470 = ORIENTED_EDGE('',*,*,#1163,.F.);
#1471 = ORIENTED_EDGE('',*,*,#363,.F.);
#1472 = ADVANCED_FACE('',(#1473),#352,.T.);
#1473 = FACE_BOUND('',#1474,.T.);
#1474 = EDGE_LOOP('',(#1475,#1496,#1497,#1498));
#1475 = ORIENTED_EDGE('',*,*,#1476,.F.);
#1476 = EDGE_CURVE('',#1235,#312,#1477,.T.);
#1477 = SURFACE_CURVE('',#1478,(#1482,#1489),.PCURVE_S1.);
#1478 = LINE('',#1479,#1480);
#1479 = CARTESIAN_POINT('',(37.94,-84.49,-1.E-02));
#1480 = VECTOR('',#1481,1.);
#1481 = DIRECTION('',(0.,0.,1.));
#1482 = PCURVE('',#352,#1483);
#1483 = DEFINITIONAL_REPRESENTATION('',(#1484),#1488);
#1484 = LINE('',#1485,#1486);
#1485 = CARTESIAN_POINT('',(0.,14.8));
#1486 = VECTOR('',#1487,1.);
#1487 = DIRECTION('',(1.,0.));
#1488 = ( GEOMETRIC_REPRESENTATION_CONTEXT(2) 
PARAMETRIC_REPRESENTATION_CONTEXT() REPRESENTATION_CONTEXT('2D SPACE',''
  ) );
#1489 = PCURVE('',#326,#1490);
#1490 = DEFINITIONAL_REPRESENTATION('',(#1491),#1495);
#1491 = LINE('',#1492,#1493);
#1492 = CARTESIAN_POINT('',(0.,0.));
#1493 = VECTOR('',#1494,1.);
#1494 = DIRECTION('',(1.,0.));
#1495 = ( GEOMETRIC_REPRESENTATION_CONTEXT(2) 
PARAMETRIC_REPRESENTATION_CONTEXT() REPRESENTATION_CONTEXT('2D SPACE',''
  ) );
#1496 = ORIENTED_EDGE('',*,*,#1255,.T.);
#1497 = ORIENTED_EDGE('',*,*,#1449,.T.);
#1498 = ORIENTED_EDGE('',*,*,#337,.F.);
#1499 = ADVANCED_FACE('',(#1500),#326,.F.);
#1500 = FACE_BOUND('',#1501,.F.);
#1501 = EDGE_LOOP('',(#1502,#1503,#1504,#1523));
#1502 = ORIENTED_EDGE('',*,*,#1476,.F.);
#1503 = ORIENTED_EDGE('',*,*,#1234,.T.);
#1504 = ORIENTED_EDGE('',*,*,#1505,.F.);
#1505 = EDGE_CURVE('',#284,#1212,#1506,.T.);
#1506 = SURFACE_CURVE('',#1507,(#1511,#1517),.PCURVE_S1.);
#1507 = LINE('',#1508,#1509);
#1508 = CARTESIAN_POINT('',(37.94,-57.,-5.E-03));
#1509 = VECTOR('',#1510,1.);
#1510 = DIRECTION('',(-0.,0.,-1.));
#1511 = PCURVE('',#326,#1512);
#1512 = DEFINITIONAL_REPRESENTATION('',(#1513),#1516);
#1513 = B_SPLINE_CURVE_WITH_KNOTS('',1,(#1514,#1515),.UNSPECIFIED.,.F.,
  .F.,(2,2),(-5.005,-5.E-03),.PIECEWISE_BEZIER_KNOTS.);
#1514 = CARTESIAN_POINT('',(5.01,-27.49));
#1515 = CARTESIAN_POINT('',(1.E-02,-27.49));
#1516 = ( GEOMETRIC_REPRESENTATION_CONTEXT(2) 
PARAMETRIC_REPRESENTATION_CONTEXT() REPRESENTATION_CONTEXT('2D SPACE',''
  ) );
#1517 = PCURVE('',#299,#1518);
#1518 = DEFINITIONAL_REPRESENTATION('',(#1519),#1522);
#1519 = B_SPLINE_CURVE_WITH_KNOTS('',1,(#1520,#1521),.UNSPECIFIED.,.F.,
  .F.,(2,2),(-5.005,-5.E-03),.PIECEWISE_BEZIER_KNOTS.);
#1520 = CARTESIAN_POINT('',(5.,55.46));
#1521 = CARTESIAN_POINT('',(0.,55.46));
#1522 = ( GEOMETRIC_REPRESENTATION_CONTEXT(2) 
PARAMETRIC_REPRESENTATION_CONTEXT() REPRESENTATION_CONTEXT('2D SPACE',''
  ) );
#1523 = ORIENTED_EDGE('',*,*,#311,.F.);
#1524 = ADVANCED_FACE('',(#1525),#299,.T.);
#1525 = FACE_BOUND('',#1526,.T.);
#1526 = EDGE_LOOP('',(#1527,#1528,#1529,#1530));
#1527 = ORIENTED_EDGE('',*,*,#1211,.F.);
#1528 = ORIENTED_EDGE('',*,*,#1505,.F.);
#1529 = ORIENTED_EDGE('',*,*,#283,.T.);
#1530 = ORIENTED_EDGE('',*,*,#1424,.F.);
#1531 = ADVANCED_FACE('',(#1532,#1606,#1637),#407,.T.);
#1532 = FACE_BOUND('',#1533,.T.);
#1533 = EDGE_LOOP('',(#1534,#1557,#1558,#1581));
#1534 = ORIENTED_EDGE('',*,*,#1535,.F.);
#1535 = EDGE_CURVE('',#390,#1536,#1538,.T.);
#1536 = VERTEX_POINT('',#1537);
#1537 = CARTESIAN_POINT('',(17.48,-91.5,65.));
#1538 = SURFACE_CURVE('',#1539,(#1543,#1550),.PCURVE_S1.);
#1539 = LINE('',#1540,#1541);
#1540 = CARTESIAN_POINT('',(17.48,-91.5,0.));
#1541 = VECTOR('',#1542,1.);
#1542 = DIRECTION('',(0.,0.,1.));
#1543 = PCURVE('',#407,#1544);
#1544 = DEFINITIONAL_REPRESENTATION('',(#1545),#1549);
#1545 = LINE('',#1546,#1547);
#1546 = CARTESIAN_POINT('',(0.,0.));
#1547 = VECTOR('',#1548,1.);
#1548 = DIRECTION('',(1.,0.));
#1549 = ( GEOMETRIC_REPRESENTATION_CONTEXT(2) 
PARAMETRIC_REPRESENTATION_CONTEXT() REPRESENTATION_CONTEXT('2D SPACE',''
  ) );
#1550 = PCURVE('',#434,#1551);
#1551 = DEFINITIONAL_REPRESENTATION('',(#1552),#1556);
#1552 = LINE('',#1553,#1554);
#1553 = CARTESIAN_POINT('',(0.,30.));
#1554 = VECTOR('',#1555,1.);
#1555 = DIRECTION('',(1.,0.));
#1556 = ( GEOMETRIC_REPRESENTATION_CONTEXT(2) 
PARAMETRIC_REPRESENTATION_CONTEXT() REPRESENTATION_CONTEXT('2D SPACE',''
  ) );
#1557 = ORIENTED_EDGE('',*,*,#389,.T.);
#1558 = ORIENTED_EDGE('',*,*,#1559,.T.);
#1559 = EDGE_CURVE('',#392,#1560,#1562,.T.);
#1560 = VERTEX_POINT('',#1561);
#1561 = CARTESIAN_POINT('',(17.48,-61.5,65.));
#1562 = SURFACE_CURVE('',#1563,(#1567,#1574),.PCURVE_S1.);
#1563 = LINE('',#1564,#1565);
#1564 = CARTESIAN_POINT('',(17.48,-61.5,0.));
#1565 = VECTOR('',#1566,1.);
#1566 = DIRECTION('',(0.,0.,1.));
#1567 = PCURVE('',#407,#1568);
#1568 = DEFINITIONAL_REPRESENTATION('',(#1569),#1573);
#1569 = LINE('',#1570,#1571);
#1570 = CARTESIAN_POINT('',(0.,-30.));
#1571 = VECTOR('',#1572,1.);
#1572 = DIRECTION('',(1.,0.));
#1573 = ( GEOMETRIC_REPRESENTATION_CONTEXT(2) 
PARAMETRIC_REPRESENTATION_CONTEXT() REPRESENTATION_CONTEXT('2D SPACE',''
  ) );
#1574 = PCURVE('',#1023,#1575);
#1575 = DEFINITIONAL_REPRESENTATION('',(#1576),#1580);
#1576 = LINE('',#1577,#1578);
#1577 = CARTESIAN_POINT('',(0.,30.));
#1578 = VECTOR('',#1579,1.);
#1579 = DIRECTION('',(1.,0.));
#1580 = ( GEOMETRIC_REPRESENTATION_CONTEXT(2) 
PARAMETRIC_REPRESENTATION_CONTEXT() REPRESENTATION_CONTEXT('2D SPACE',''
  ) );
#1581 = ORIENTED_EDGE('',*,*,#1582,.F.);
#1582 = EDGE_CURVE('',#1536,#1560,#1583,.T.);
#1583 = SURFACE_CURVE('',#1584,(#1588,#1595),.PCURVE_S1.);
#1584 = LINE('',#1585,#1586);
#1585 = CARTESIAN_POINT('',(17.48,-91.5,65.));
#1586 = VECTOR('',#1587,1.);
#1587 = DIRECTION('',(-0.,1.,0.));
#1588 = PCURVE('',#407,#1589);
#1589 = DEFINITIONAL_REPRESENTATION('',(#1590),#1594);
#1590 = LINE('',#1591,#1592);
#1591 = CARTESIAN_POINT('',(65.,0.));
#1592 = VECTOR('',#1593,1.);
#1593 = DIRECTION('',(0.,-1.));
#1594 = ( GEOMETRIC_REPRESENTATION_CONTEXT(2) 
PARAMETRIC_REPRESENTATION_CONTEXT() REPRESENTATION_CONTEXT('2D SPACE',''
  ) );
#1595 = PCURVE('',#1596,#1601);
#1596 = B_SPLINE_SURFACE_WITH_KNOTS('',1,1,(
    (#1597,#1598)
    ,(#1599,#1600
    )),.UNSPECIFIED.,.F.,.F.,.F.,(2,2),(2,2),(-27.8,27.8),(0.,1.),
  .PIECEWISE_BEZIER_KNOTS.);
#1597 = CARTESIAN_POINT('',(17.48,-91.5,65.));
#1598 = CARTESIAN_POINT('',(30.28,-104.3,77.8));
#1599 = CARTESIAN_POINT('',(17.48,-61.5,65.));
#1600 = CARTESIAN_POINT('',(30.28,-48.7,77.8));
#1601 = DEFINITIONAL_REPRESENTATION('',(#1602),#1605);
#1602 = B_SPLINE_CURVE_WITH_KNOTS('',1,(#1603,#1604),.UNSPECIFIED.,.F.,
  .F.,(2,2),(0.,30.),.PIECEWISE_BEZIER_KNOTS.);
#1603 = CARTESIAN_POINT('',(-27.8,0.));
#1604 = CARTESIAN_POINT('',(27.8,0.));
#1605 = ( GEOMETRIC_REPRESENTATION_CONTEXT(2) 
PARAMETRIC_REPRESENTATION_CONTEXT() REPRESENTATION_CONTEXT('2D SPACE',''
  ) );
#1606 = FACE_BOUND('',#1607,.T.);
#1607 = EDGE_LOOP('',(#1608));
#1608 = ORIENTED_EDGE('',*,*,#1609,.F.);
#1609 = EDGE_CURVE('',#1610,#1610,#1612,.T.);
#1610 = VERTEX_POINT('',#1611);
#1611 = CARTESIAN_POINT('',(17.48,-64.5,23.));
#1612 = SURFACE_CURVE('',#1613,(#1618,#1625),.PCURVE_S1.);
#1613 = CIRCLE('',#1614,2.);
#1614 = AXIS2_PLACEMENT_3D('',#1615,#1616,#1617);
#1615 = CARTESIAN_POINT('',(17.48,-64.5,25.));
#1616 = DIRECTION('',(1.,0.,2.22044604925E-16));
#1617 = DIRECTION('',(2.22044604925E-16,0.,-1.));
#1618 = PCURVE('',#407,#1619);
#1619 = DEFINITIONAL_REPRESENTATION('',(#1620),#1624);
#1620 = CIRCLE('',#1621,2.);
#1621 = AXIS2_PLACEMENT_2D('',#1622,#1623);
#1622 = CARTESIAN_POINT('',(25.,-27.));
#1623 = DIRECTION('',(-1.,0.));
#1624 = ( GEOMETRIC_REPRESENTATION_CONTEXT(2) 
PARAMETRIC_REPRESENTATION_CONTEXT() REPRESENTATION_CONTEXT('2D SPACE',''
  ) );
#1625 = PCURVE('',#1626,#1631);
#1626 = CYLINDRICAL_SURFACE('',#1627,2.);
#1627 = AXIS2_PLACEMENT_3D('',#1628,#1629,#1630);
#1628 = CARTESIAN_POINT('',(11.49,-64.5,25.));
#1629 = DIRECTION('',(1.,0.,2.22044604925E-16));
#1630 = DIRECTION('',(2.22044604925E-16,0.,-1.));
#1631 = DEFINITIONAL_REPRESENTATION('',(#1632),#1636);
#1632 = LINE('',#1633,#1634);
#1633 = CARTESIAN_POINT('',(0.,5.99));
#1634 = VECTOR('',#1635,1.);
#1635 = DIRECTION('',(1.,0.));
#1636 = ( GEOMETRIC_REPRESENTATION_CONTEXT(2) 
PARAMETRIC_REPRESENTATION_CONTEXT() REPRESENTATION_CONTEXT('2D SPACE',''
  ) );
#1637 = FACE_BOUND('',#1638,.T.);
#1638 = EDGE_LOOP('',(#1639));
#1639 = ORIENTED_EDGE('',*,*,#1640,.F.);
#1640 = EDGE_CURVE('',#1641,#1641,#1643,.T.);
#1641 = VERTEX_POINT('',#1642);
#1642 = CARTESIAN_POINT('',(17.48,-88.5,23.));
#1643 = SURFACE_CURVE('',#1644,(#1649,#1656),.PCURVE_S1.);
#1644 = CIRCLE('',#1645,2.);
#1645 = AXIS2_PLACEMENT_3D('',#1646,#1647,#1648);
#1646 = CARTESIAN_POINT('',(17.48,-88.5,25.));
#1647 = DIRECTION('',(1.,0.,2.22044604925E-16));
#1648 = DIRECTION('',(2.22044604925E-16,0.,-1.));
#1649 = PCURVE('',#407,#1650);
#1650 = DEFINITIONAL_REPRESENTATION('',(#1651),#1655);
#1651 = CIRCLE('',#1652,2.);
#1652 = AXIS2_PLACEMENT_2D('',#1653,#1654);
#1653 = CARTESIAN_POINT('',(25.,-3.));
#1654 = DIRECTION('',(-1.,0.));
#1655 = ( GEOMETRIC_REPRESENTATION_CONTEXT(2) 
PARAMETRIC_REPRESENTATION_CONTEXT() REPRESENTATION_CONTEXT('2D SPACE',''
  ) );
#1656 = PCURVE('',#1657,#1662);
#1657 = CYLINDRICAL_SURFACE('',#1658,2.);
#1658 = AXIS2_PLACEMENT_3D('',#1659,#1660,#1661);
#1659 = CARTESIAN_POINT('',(11.49,-88.5,25.));
#1660 = DIRECTION('',(1.,0.,2.22044604925E-16));
#1661 = DIRECTION('',(2.22044604925E-16,0.,-1.));
#1662 = DEFINITIONAL_REPRESENTATION('',(#1663),#1667);
#1663 = LINE('',#1664,#1665);
#1664 = CARTESIAN_POINT('',(0.,5.99));
#1665 = VECTOR('',#1666,1.);
#1666 = DIRECTION('',(1.,0.));
#1667 = ( GEOMETRIC_REPRESENTATION_CONTEXT(2) 
PARAMETRIC_REPRESENTATION_CONTEXT() REPRESENTATION_CONTEXT('2D SPACE',''
  ) );
#1668 = ADVANCED_FACE('',(#1669,#1907),#434,.F.);
#1669 = FACE_BOUND('',#1670,.F.);
#1670 = EDGE_LOOP('',(#1671,#1672,#1673,#1694,#1720,#1746,#1772,#1791,
    #1792,#1813,#1839,#1858,#1859,#1882));
#1671 = ORIENTED_EDGE('',*,*,#1535,.F.);
#1672 = ORIENTED_EDGE('',*,*,#418,.T.);
#1673 = ORIENTED_EDGE('',*,*,#1674,.F.);
#1674 = EDGE_CURVE('',#1675,#419,#1677,.T.);
#1675 = VERTEX_POINT('',#1676);
#1676 = CARTESIAN_POINT('',(16.98,-91.5,31.));
#1677 = SURFACE_CURVE('',#1678,(#1682,#1688),.PCURVE_S1.);
#1678 = LINE('',#1679,#1680);
#1679 = CARTESIAN_POINT('',(16.98,-91.5,0.));
#1680 = VECTOR('',#1681,1.);
#1681 = DIRECTION('',(-0.,0.,-1.));
#1682 = PCURVE('',#434,#1683);
#1683 = DEFINITIONAL_REPRESENTATION('',(#1684),#1687);
#1684 = B_SPLINE_CURVE_WITH_KNOTS('',1,(#1685,#1686),.UNSPECIFIED.,.F.,
  .F.,(2,2),(-31.,-5.),.PIECEWISE_BEZIER_KNOTS.);
#1685 = CARTESIAN_POINT('',(31.,29.5));
#1686 = CARTESIAN_POINT('',(5.,29.5));
#1687 = ( GEOMETRIC_REPRESENTATION_CONTEXT(2) 
PARAMETRIC_REPRESENTATION_CONTEXT() REPRESENTATION_CONTEXT('2D SPACE',''
  ) );
#1688 = PCURVE('',#461,#1689);
#1689 = DEFINITIONAL_REPRESENTATION('',(#1690),#1693);
#1690 = B_SPLINE_CURVE_WITH_KNOTS('',1,(#1691,#1692),.UNSPECIFIED.,.F.,
  .F.,(2,2),(-31.,-5.),.PIECEWISE_BEZIER_KNOTS.);
#1691 = CARTESIAN_POINT('',(31.,-1.5));
#1692 = CARTESIAN_POINT('',(5.,-1.5));
#1693 = ( GEOMETRIC_REPRESENTATION_CONTEXT(2) 
PARAMETRIC_REPRESENTATION_CONTEXT() REPRESENTATION_CONTEXT('2D SPACE',''
  ) );
#1694 = ORIENTED_EDGE('',*,*,#1695,.F.);
#1695 = EDGE_CURVE('',#1696,#1675,#1698,.T.);
#1696 = VERTEX_POINT('',#1697);
#1697 = CARTESIAN_POINT('',(10.48,-91.5,31.));
#1698 = SURFACE_CURVE('',#1699,(#1703,#1709),.PCURVE_S1.);
#1699 = LINE('',#1700,#1701);
#1700 = CARTESIAN_POINT('',(-1.02,-91.5,31.));
#1701 = VECTOR('',#1702,1.);
#1702 = DIRECTION('',(1.,0.,-0.));
#1703 = PCURVE('',#434,#1704);
#1704 = DEFINITIONAL_REPRESENTATION('',(#1705),#1708);
#1705 = B_SPLINE_CURVE_WITH_KNOTS('',1,(#1706,#1707),.UNSPECIFIED.,.F.,
  .F.,(2,2),(11.5,18.),.PIECEWISE_BEZIER_KNOTS.);
#1706 = CARTESIAN_POINT('',(31.,23.));
#1707 = CARTESIAN_POINT('',(31.,29.5));
#1708 = ( GEOMETRIC_REPRESENTATION_CONTEXT(2) 
PARAMETRIC_REPRESENTATION_CONTEXT() REPRESENTATION_CONTEXT('2D SPACE',''
  ) );
#1709 = PCURVE('',#1710,#1715);
#1710 = PLANE('',#1711);
#1711 = AXIS2_PLACEMENT_3D('',#1712,#1713,#1714);
#1712 = CARTESIAN_POINT('',(10.48,-93.,31.));
#1713 = DIRECTION('',(0.,0.,1.));
#1714 = DIRECTION('',(1.,0.,-0.));
#1715 = DEFINITIONAL_REPRESENTATION('',(#1716),#1719);
#1716 = B_SPLINE_CURVE_WITH_KNOTS('',1,(#1717,#1718),.UNSPECIFIED.,.F.,
  .F.,(2,2),(11.5,18.),.PIECEWISE_BEZIER_KNOTS.);
#1717 = CARTESIAN_POINT('',(0.,1.5));
#1718 = CARTESIAN_POINT('',(6.5,1.5));
#1719 = ( GEOMETRIC_REPRESENTATION_CONTEXT(2) 
PARAMETRIC_REPRESENTATION_CONTEXT() REPRESENTATION_CONTEXT('2D SPACE',''
  ) );
#1720 = ORIENTED_EDGE('',*,*,#1721,.T.);
#1721 = EDGE_CURVE('',#1696,#1722,#1724,.T.);
#1722 = VERTEX_POINT('',#1723);
#1723 = CARTESIAN_POINT('',(10.48,-91.5,9.));
#1724 = SURFACE_CURVE('',#1725,(#1729,#1735),.PCURVE_S1.);
#1725 = LINE('',#1726,#1727);
#1726 = CARTESIAN_POINT('',(10.48,-91.5,0.));
#1727 = VECTOR('',#1728,1.);
#1728 = DIRECTION('',(-0.,0.,-1.));
#1729 = PCURVE('',#434,#1730);
#1730 = DEFINITIONAL_REPRESENTATION('',(#1731),#1734);
#1731 = B_SPLINE_CURVE_WITH_KNOTS('',1,(#1732,#1733),.UNSPECIFIED.,.F.,
  .F.,(2,2),(-31.,-5.),.PIECEWISE_BEZIER_KNOTS.);
#1732 = CARTESIAN_POINT('',(31.,23.));
#1733 = CARTESIAN_POINT('',(5.,23.));
#1734 = ( GEOMETRIC_REPRESENTATION_CONTEXT(2) 
PARAMETRIC_REPRESENTATION_CONTEXT() REPRESENTATION_CONTEXT('2D SPACE',''
  ) );
#1735 = PCURVE('',#1736,#1741);
#1736 = PLANE('',#1737);
#1737 = AXIS2_PLACEMENT_3D('',#1738,#1739,#1740);
#1738 = CARTESIAN_POINT('',(10.48,-93.,0.));
#1739 = DIRECTION('',(1.,0.,-0.));
#1740 = DIRECTION('',(0.,0.,1.));
#1741 = DEFINITIONAL_REPRESENTATION('',(#1742),#1745);
#1742 = B_SPLINE_CURVE_WITH_KNOTS('',1,(#1743,#1744),.UNSPECIFIED.,.F.,
  .F.,(2,2),(-31.,-5.),.PIECEWISE_BEZIER_KNOTS.);
#1743 = CARTESIAN_POINT('',(31.,-1.5));
#1744 = CARTESIAN_POINT('',(5.,-1.5));
#1745 = ( GEOMETRIC_REPRESENTATION_CONTEXT(2) 
PARAMETRIC_REPRESENTATION_CONTEXT() REPRESENTATION_CONTEXT('2D SPACE',''
  ) );
#1746 = ORIENTED_EDGE('',*,*,#1747,.F.);
#1747 = EDGE_CURVE('',#1748,#1722,#1750,.T.);
#1748 = VERTEX_POINT('',#1749);
#1749 = CARTESIAN_POINT('',(5.104214356256,-91.5,9.));
#1750 = SURFACE_CURVE('',#1751,(#1755,#1761),.PCURVE_S1.);
#1751 = LINE('',#1752,#1753);
#1752 = CARTESIAN_POINT('',(-1.52,-91.5,9.));
#1753 = VECTOR('',#1754,1.);
#1754 = DIRECTION('',(1.,0.,-0.));
#1755 = PCURVE('',#434,#1756);
#1756 = DEFINITIONAL_REPRESENTATION('',(#1757),#1760);
#1757 = B_SPLINE_CURVE_WITH_KNOTS('',1,(#1758,#1759),.UNSPECIFIED.,.F.,
  .F.,(2,2),(6.5,15.5),.PIECEWISE_BEZIER_KNOTS.);
#1758 = CARTESIAN_POINT('',(9.,17.5));
#1759 = CARTESIAN_POINT('',(9.,26.5));
#1760 = ( GEOMETRIC_REPRESENTATION_CONTEXT(2) 
PARAMETRIC_REPRESENTATION_CONTEXT() REPRESENTATION_CONTEXT('2D SPACE',''
  ) );
#1761 = PCURVE('',#1762,#1767);
#1762 = PLANE('',#1763);
#1763 = AXIS2_PLACEMENT_3D('',#1764,#1765,#1766);
#1764 = CARTESIAN_POINT('',(9.48,-92.55,9.));
#1765 = DIRECTION('',(0.,0.,1.));
#1766 = DIRECTION('',(1.,0.,-0.));
#1767 = DEFINITIONAL_REPRESENTATION('',(#1768),#1771);
#1768 = B_SPLINE_CURVE_WITH_KNOTS('',1,(#1769,#1770),.UNSPECIFIED.,.F.,
  .F.,(2,2),(6.5,15.5),.PIECEWISE_BEZIER_KNOTS.);
#1769 = CARTESIAN_POINT('',(-4.5,1.05));
#1770 = CARTESIAN_POINT('',(4.5,1.05));
#1771 = ( GEOMETRIC_REPRESENTATION_CONTEXT(2) 
PARAMETRIC_REPRESENTATION_CONTEXT() REPRESENTATION_CONTEXT('2D SPACE',''
  ) );
#1772 = ORIENTED_EDGE('',*,*,#1773,.F.);
#1773 = EDGE_CURVE('',#500,#1748,#1774,.T.);
#1774 = SURFACE_CURVE('',#1775,(#1779,#1785),.PCURVE_S1.);
#1775 = LINE('',#1776,#1777);
#1776 = CARTESIAN_POINT('',(5.104214356256,-91.5,0.));
#1777 = VECTOR('',#1778,1.);
#1778 = DIRECTION('',(0.,0.,1.));
#1779 = PCURVE('',#434,#1780);
#1780 = DEFINITIONAL_REPRESENTATION('',(#1781),#1784);
#1781 = B_SPLINE_CURVE_WITH_KNOTS('',1,(#1782,#1783),.UNSPECIFIED.,.F.,
  .F.,(2,2),(-2.4E-06,9.0000024),.PIECEWISE_BEZIER_KNOTS.);
#1782 = CARTESIAN_POINT('',(-2.4E-06,17.624214356256));
#1783 = CARTESIAN_POINT('',(9.0000024,17.624214356256));
#1784 = ( GEOMETRIC_REPRESENTATION_CONTEXT(2) 
PARAMETRIC_REPRESENTATION_CONTEXT() REPRESENTATION_CONTEXT('2D SPACE',''
  ) );
#1785 = PCURVE('',#516,#1786);
#1786 = DEFINITIONAL_REPRESENTATION('',(#1787),#1790);
#1787 = B_SPLINE_CURVE_WITH_KNOTS('',1,(#1788,#1789),.UNSPECIFIED.,.F.,
  .F.,(2,2),(-2.4E-06,9.0000024),.PIECEWISE_BEZIER_KNOTS.);
#1788 = CARTESIAN_POINT('',(2.906088416869,-2.4E-06));
#1789 = CARTESIAN_POINT('',(2.906088416869,9.0000024));
#1790 = ( GEOMETRIC_REPRESENTATION_CONTEXT(2) 
PARAMETRIC_REPRESENTATION_CONTEXT() REPRESENTATION_CONTEXT('2D SPACE',''
  ) );
#1791 = ORIENTED_EDGE('',*,*,#528,.T.);
#1792 = ORIENTED_EDGE('',*,*,#1793,.T.);
#1793 = EDGE_CURVE('',#529,#1794,#1796,.T.);
#1794 = VERTEX_POINT('',#1795);
#1795 = CARTESIAN_POINT('',(-0.144214356256,-91.5,9.));
#1796 = SURFACE_CURVE('',#1797,(#1801,#1807),.PCURVE_S1.);
#1797 = LINE('',#1798,#1799);
#1798 = CARTESIAN_POINT('',(-0.144214356256,-91.5,0.));
#1799 = VECTOR('',#1800,1.);
#1800 = DIRECTION('',(0.,0.,1.));
#1801 = PCURVE('',#434,#1802);
#1802 = DEFINITIONAL_REPRESENTATION('',(#1803),#1806);
#1803 = B_SPLINE_CURVE_WITH_KNOTS('',1,(#1804,#1805),.UNSPECIFIED.,.F.,
  .F.,(2,2),(-2.4E-06,9.0000024),.PIECEWISE_BEZIER_KNOTS.);
#1804 = CARTESIAN_POINT('',(-2.4E-06,12.375785643744));
#1805 = CARTESIAN_POINT('',(9.0000024,12.375785643744));
#1806 = ( GEOMETRIC_REPRESENTATION_CONTEXT(2) 
PARAMETRIC_REPRESENTATION_CONTEXT() REPRESENTATION_CONTEXT('2D SPACE',''
  ) );
#1807 = PCURVE('',#571,#1808);
#1808 = DEFINITIONAL_REPRESENTATION('',(#1809),#1812);
#1809 = B_SPLINE_CURVE_WITH_KNOTS('',1,(#1810,#1811),.UNSPECIFIED.,.F.,
  .F.,(2,2),(5.,9.),.PIECEWISE_BEZIER_KNOTS.);
#1810 = CARTESIAN_POINT('',(6.5186895439,5.));
#1811 = CARTESIAN_POINT('',(6.5186895439,9.));
#1812 = ( GEOMETRIC_REPRESENTATION_CONTEXT(2) 
PARAMETRIC_REPRESENTATION_CONTEXT() REPRESENTATION_CONTEXT('2D SPACE',''
  ) );
#1813 = ORIENTED_EDGE('',*,*,#1814,.F.);
#1814 = EDGE_CURVE('',#1815,#1794,#1817,.T.);
#1815 = VERTEX_POINT('',#1816);
#1816 = CARTESIAN_POINT('',(-8.895785643744,-91.5,9.));
#1817 = SURFACE_CURVE('',#1818,(#1822,#1828),.PCURVE_S1.);
#1818 = LINE('',#1819,#1820);
#1819 = CARTESIAN_POINT('',(-8.52,-91.5,9.));
#1820 = VECTOR('',#1821,1.);
#1821 = DIRECTION('',(1.,0.,-0.));
#1822 = PCURVE('',#434,#1823);
#1823 = DEFINITIONAL_REPRESENTATION('',(#1824),#1827);
#1824 = B_SPLINE_CURVE_WITH_KNOTS('',1,(#1825,#1826),.UNSPECIFIED.,.F.,
  .F.,(2,2),(-0.5,8.5),.PIECEWISE_BEZIER_KNOTS.);
#1825 = CARTESIAN_POINT('',(9.,3.5));
#1826 = CARTESIAN_POINT('',(9.,12.5));
#1827 = ( GEOMETRIC_REPRESENTATION_CONTEXT(2) 
PARAMETRIC_REPRESENTATION_CONTEXT() REPRESENTATION_CONTEXT('2D SPACE',''
  ) );
#1828 = PCURVE('',#1829,#1834);
#1829 = PLANE('',#1830);
#1830 = AXIS2_PLACEMENT_3D('',#1831,#1832,#1833);
#1831 = CARTESIAN_POINT('',(-4.52,-92.55,9.));
#1832 = DIRECTION('',(0.,0.,1.));
#1833 = DIRECTION('',(1.,0.,-0.));
#1834 = DEFINITIONAL_REPRESENTATION('',(#1835),#1838);
#1835 = B_SPLINE_CURVE_WITH_KNOTS('',1,(#1836,#1837),.UNSPECIFIED.,.F.,
  .F.,(2,2),(-0.5,8.5),.PIECEWISE_BEZIER_KNOTS.);
#1836 = CARTESIAN_POINT('',(-4.5,1.05));
#1837 = CARTESIAN_POINT('',(4.5,1.05));
#1838 = ( GEOMETRIC_REPRESENTATION_CONTEXT(2) 
PARAMETRIC_REPRESENTATION_CONTEXT() REPRESENTATION_CONTEXT('2D SPACE',''
  ) );
#1839 = ORIENTED_EDGE('',*,*,#1840,.F.);
#1840 = EDGE_CURVE('',#551,#1815,#1841,.T.);
#1841 = SURFACE_CURVE('',#1842,(#1846,#1852),.PCURVE_S1.);
#1842 = LINE('',#1843,#1844);
#1843 = CARTESIAN_POINT('',(-8.895785643744,-91.5,0.));
#1844 = VECTOR('',#1845,1.);
#1845 = DIRECTION('',(0.,0.,1.));
#1846 = PCURVE('',#434,#1847);
#1847 = DEFINITIONAL_REPRESENTATION('',(#1848),#1851);
#1848 = B_SPLINE_CURVE_WITH_KNOTS('',1,(#1849,#1850),.UNSPECIFIED.,.F.,
  .F.,(2,2),(-2.4E-06,9.0000024),.PIECEWISE_BEZIER_KNOTS.);
#1849 = CARTESIAN_POINT('',(-2.4E-06,3.624214356256));
#1850 = CARTESIAN_POINT('',(9.0000024,3.624214356256));
#1851 = ( GEOMETRIC_REPRESENTATION_CONTEXT(2) 
PARAMETRIC_REPRESENTATION_CONTEXT() REPRESENTATION_CONTEXT('2D SPACE',''
  ) );
#1852 = PCURVE('',#571,#1853);
#1853 = DEFINITIONAL_REPRESENTATION('',(#1854),#1857);
#1854 = B_SPLINE_CURVE_WITH_KNOTS('',1,(#1855,#1856),.UNSPECIFIED.,.F.,
  .F.,(2,2),(5.,9.),.PIECEWISE_BEZIER_KNOTS.);
#1855 = CARTESIAN_POINT('',(2.906088416869,5.));
#1856 = CARTESIAN_POINT('',(2.906088416869,9.));
#1857 = ( GEOMETRIC_REPRESENTATION_CONTEXT(2) 
PARAMETRIC_REPRESENTATION_CONTEXT() REPRESENTATION_CONTEXT('2D SPACE',''
  ) );
#1858 = ORIENTED_EDGE('',*,*,#583,.T.);
#1859 = ORIENTED_EDGE('',*,*,#1860,.T.);
#1860 = EDGE_CURVE('',#584,#1861,#1863,.T.);
#1861 = VERTEX_POINT('',#1862);
#1862 = CARTESIAN_POINT('',(-12.52,-91.5,65.));
#1863 = SURFACE_CURVE('',#1864,(#1868,#1875),.PCURVE_S1.);
#1864 = LINE('',#1865,#1866);
#1865 = CARTESIAN_POINT('',(-12.52,-91.5,0.));
#1866 = VECTOR('',#1867,1.);
#1867 = DIRECTION('',(0.,0.,1.));
#1868 = PCURVE('',#434,#1869);
#1869 = DEFINITIONAL_REPRESENTATION('',(#1870),#1874);
#1870 = LINE('',#1871,#1872);
#1871 = CARTESIAN_POINT('',(0.,0.));
#1872 = VECTOR('',#1873,1.);
#1873 = DIRECTION('',(1.,0.));
#1874 = ( GEOMETRIC_REPRESENTATION_CONTEXT(2) 
PARAMETRIC_REPRESENTATION_CONTEXT() REPRESENTATION_CONTEXT('2D SPACE',''
  ) );
#1875 = PCURVE('',#621,#1876);
#1876 = DEFINITIONAL_REPRESENTATION('',(#1877),#1881);
#1877 = LINE('',#1878,#1879);
#1878 = CARTESIAN_POINT('',(0.,0.));
#1879 = VECTOR('',#1880,1.);
#1880 = DIRECTION('',(1.,0.));
#1881 = ( GEOMETRIC_REPRESENTATION_CONTEXT(2) 
PARAMETRIC_REPRESENTATION_CONTEXT() REPRESENTATION_CONTEXT('2D SPACE',''
  ) );
#1882 = ORIENTED_EDGE('',*,*,#1883,.T.);
#1883 = EDGE_CURVE('',#1861,#1536,#1884,.T.);
#1884 = SURFACE_CURVE('',#1885,(#1889,#1896),.PCURVE_S1.);
#1885 = LINE('',#1886,#1887);
#1886 = CARTESIAN_POINT('',(-12.52,-91.5,65.));
#1887 = VECTOR('',#1888,1.);
#1888 = DIRECTION('',(1.,0.,-0.));
#1889 = PCURVE('',#434,#1890);
#1890 = DEFINITIONAL_REPRESENTATION('',(#1891),#1895);
#1891 = LINE('',#1892,#1893);
#1892 = CARTESIAN_POINT('',(65.,0.));
#1893 = VECTOR('',#1894,1.);
#1894 = DIRECTION('',(0.,1.));
#1895 = ( GEOMETRIC_REPRESENTATION_CONTEXT(2) 
PARAMETRIC_REPRESENTATION_CONTEXT() REPRESENTATION_CONTEXT('2D SPACE',''
  ) );
#1896 = PCURVE('',#1897,#1902);
#1897 = B_SPLINE_SURFACE_WITH_KNOTS('',1,1,(
    (#1898,#1899)
    ,(#1900,#1901
    )),.UNSPECIFIED.,.F.,.F.,.F.,(2,2),(2,2),(-27.8,27.8),(0.,1.),
  .PIECEWISE_BEZIER_KNOTS.);
#1898 = CARTESIAN_POINT('',(-12.52,-91.5,65.));
#1899 = CARTESIAN_POINT('',(-25.32,-104.3,77.8));
#1900 = CARTESIAN_POINT('',(17.48,-91.5,65.));
#1901 = CARTESIAN_POINT('',(30.28,-104.3,77.8));
#1902 = DEFINITIONAL_REPRESENTATION('',(#1903),#1906);
#1903 = B_SPLINE_CURVE_WITH_KNOTS('',1,(#1904,#1905),.UNSPECIFIED.,.F.,
  .F.,(2,2),(0.,30.),.PIECEWISE_BEZIER_KNOTS.);
#1904 = CARTESIAN_POINT('',(-27.8,0.));
#1905 = CARTESIAN_POINT('',(27.8,0.));
#1906 = ( GEOMETRIC_REPRESENTATION_CONTEXT(2) 
PARAMETRIC_REPRESENTATION_CONTEXT() REPRESENTATION_CONTEXT('2D SPACE',''
  ) );
#1907 = FACE_BOUND('',#1908,.F.);
#1908 = EDGE_LOOP('',(#1909,#1937,#1963,#1989));
#1909 = ORIENTED_EDGE('',*,*,#1910,.F.);
#1910 = EDGE_CURVE('',#1911,#1913,#1915,.T.);
#1911 = VERTEX_POINT('',#1912);
#1912 = CARTESIAN_POINT('',(-2.52,-91.5,63.));
#1913 = VERTEX_POINT('',#1914);
#1914 = CARTESIAN_POINT('',(7.48,-91.5,63.));
#1915 = SURFACE_CURVE('',#1916,(#1920,#1926),.PCURVE_S1.);
#1916 = LINE('',#1917,#1918);
#1917 = CARTESIAN_POINT('',(-7.52,-91.5,63.));
#1918 = VECTOR('',#1919,1.);
#1919 = DIRECTION('',(1.,0.,-0.));
#1920 = PCURVE('',#434,#1921);
#1921 = DEFINITIONAL_REPRESENTATION('',(#1922),#1925);
#1922 = B_SPLINE_CURVE_WITH_KNOTS('',1,(#1923,#1924),.UNSPECIFIED.,.F.,
  .F.,(2,2),(5.,15.),.PIECEWISE_BEZIER_KNOTS.);
#1923 = CARTESIAN_POINT('',(63.,10.));
#1924 = CARTESIAN_POINT('',(63.,20.));
#1925 = ( GEOMETRIC_REPRESENTATION_CONTEXT(2) 
PARAMETRIC_REPRESENTATION_CONTEXT() REPRESENTATION_CONTEXT('2D SPACE',''
  ) );
#1926 = PCURVE('',#1927,#1932);
#1927 = PLANE('',#1928);
#1928 = AXIS2_PLACEMENT_3D('',#1929,#1930,#1931);
#1929 = CARTESIAN_POINT('',(-2.52,-92.5,63.));
#1930 = DIRECTION('',(0.,0.,1.));
#1931 = DIRECTION('',(1.,0.,-0.));
#1932 = DEFINITIONAL_REPRESENTATION('',(#1933),#1936);
#1933 = B_SPLINE_CURVE_WITH_KNOTS('',1,(#1934,#1935),.UNSPECIFIED.,.F.,
  .F.,(2,2),(5.,15.),.PIECEWISE_BEZIER_KNOTS.);
#1934 = CARTESIAN_POINT('',(0.,1.));
#1935 = CARTESIAN_POINT('',(10.,1.));
#1936 = ( GEOMETRIC_REPRESENTATION_CONTEXT(2) 
PARAMETRIC_REPRESENTATION_CONTEXT() REPRESENTATION_CONTEXT('2D SPACE',''
  ) );
#1937 = ORIENTED_EDGE('',*,*,#1938,.T.);
#1938 = EDGE_CURVE('',#1911,#1939,#1941,.T.);
#1939 = VERTEX_POINT('',#1940);
#1940 = CARTESIAN_POINT('',(-2.52,-91.5,53.));
#1941 = SURFACE_CURVE('',#1942,(#1946,#1952),.PCURVE_S1.);
#1942 = LINE('',#1943,#1944);
#1943 = CARTESIAN_POINT('',(-2.52,-91.5,26.5));
#1944 = VECTOR('',#1945,1.);
#1945 = DIRECTION('',(-0.,0.,-1.));
#1946 = PCURVE('',#434,#1947);
#1947 = DEFINITIONAL_REPRESENTATION('',(#1948),#1951);
#1948 = B_SPLINE_CURVE_WITH_KNOTS('',1,(#1949,#1950),.UNSPECIFIED.,.F.,
  .F.,(2,2),(-36.5,-26.5),.PIECEWISE_BEZIER_KNOTS.);
#1949 = CARTESIAN_POINT('',(63.,10.));
#1950 = CARTESIAN_POINT('',(53.,10.));
#1951 = ( GEOMETRIC_REPRESENTATION_CONTEXT(2) 
PARAMETRIC_REPRESENTATION_CONTEXT() REPRESENTATION_CONTEXT('2D SPACE',''
  ) );
#1952 = PCURVE('',#1953,#1958);
#1953 = PLANE('',#1954);
#1954 = AXIS2_PLACEMENT_3D('',#1955,#1956,#1957);
#1955 = CARTESIAN_POINT('',(-2.52,-92.5,53.));
#1956 = DIRECTION('',(1.,0.,-0.));
#1957 = DIRECTION('',(0.,0.,1.));
#1958 = DEFINITIONAL_REPRESENTATION('',(#1959),#1962);
#1959 = B_SPLINE_CURVE_WITH_KNOTS('',1,(#1960,#1961),.UNSPECIFIED.,.F.,
  .F.,(2,2),(-36.5,-26.5),.PIECEWISE_BEZIER_KNOTS.);
#1960 = CARTESIAN_POINT('',(10.,-1.));
#1961 = CARTESIAN_POINT('',(0.,-1.));
#1962 = ( GEOMETRIC_REPRESENTATION_CONTEXT(2) 
PARAMETRIC_REPRESENTATION_CONTEXT() REPRESENTATION_CONTEXT('2D SPACE',''
  ) );
#1963 = ORIENTED_EDGE('',*,*,#1964,.T.);
#1964 = EDGE_CURVE('',#1939,#1965,#1967,.T.);
#1965 = VERTEX_POINT('',#1966);
#1966 = CARTESIAN_POINT('',(7.48,-91.5,53.));
#1967 = SURFACE_CURVE('',#1968,(#1972,#1978),.PCURVE_S1.);
#1968 = LINE('',#1969,#1970);
#1969 = CARTESIAN_POINT('',(-7.52,-91.5,53.));
#1970 = VECTOR('',#1971,1.);
#1971 = DIRECTION('',(1.,0.,-0.));
#1972 = PCURVE('',#434,#1973);
#1973 = DEFINITIONAL_REPRESENTATION('',(#1974),#1977);
#1974 = B_SPLINE_CURVE_WITH_KNOTS('',1,(#1975,#1976),.UNSPECIFIED.,.F.,
  .F.,(2,2),(5.,15.),.PIECEWISE_BEZIER_KNOTS.);
#1975 = CARTESIAN_POINT('',(53.,10.));
#1976 = CARTESIAN_POINT('',(53.,20.));
#1977 = ( GEOMETRIC_REPRESENTATION_CONTEXT(2) 
PARAMETRIC_REPRESENTATION_CONTEXT() REPRESENTATION_CONTEXT('2D SPACE',''
  ) );
#1978 = PCURVE('',#1979,#1984);
#1979 = PLANE('',#1980);
#1980 = AXIS2_PLACEMENT_3D('',#1981,#1982,#1983);
#1981 = CARTESIAN_POINT('',(-2.52,-92.5,53.));
#1982 = DIRECTION('',(0.,0.,1.));
#1983 = DIRECTION('',(1.,0.,-0.));
#1984 = DEFINITIONAL_REPRESENTATION('',(#1985),#1988);
#1985 = B_SPLINE_CURVE_WITH_KNOTS('',1,(#1986,#1987),.UNSPECIFIED.,.F.,
  .F.,(2,2),(5.,15.),.PIECEWISE_BEZIER_KNOTS.);
#1986 = CARTESIAN_POINT('',(0.,1.));
#1987 = CARTESIAN_POINT('',(10.,1.));
#1988 = ( GEOMETRIC_REPRESENTATION_CONTEXT(2) 
PARAMETRIC_REPRESENTATION_CONTEXT() REPRESENTATION_CONTEXT('2D SPACE',''
  ) );
#1989 = ORIENTED_EDGE('',*,*,#1990,.F.);
#1990 = EDGE_CURVE('',#1913,#1965,#1991,.T.);
#1991 = SURFACE_CURVE('',#1992,(#1996,#2002),.PCURVE_S1.);
#1992 = LINE('',#1993,#1994);
#1993 = CARTESIAN_POINT('',(7.48,-91.5,26.5));
#1994 = VECTOR('',#1995,1.);
#1995 = DIRECTION('',(-0.,0.,-1.));
#1996 = PCURVE('',#434,#1997);
#1997 = DEFINITIONAL_REPRESENTATION('',(#1998),#2001);
#1998 = B_SPLINE_CURVE_WITH_KNOTS('',1,(#1999,#2000),.UNSPECIFIED.,.F.,
  .F.,(2,2),(-36.5,-26.5),.PIECEWISE_BEZIER_KNOTS.);
#1999 = CARTESIAN_POINT('',(63.,20.));
#2000 = CARTESIAN_POINT('',(53.,20.));
#2001 = ( GEOMETRIC_REPRESENTATION_CONTEXT(2) 
PARAMETRIC_REPRESENTATION_CONTEXT() REPRESENTATION_CONTEXT('2D SPACE',''
  ) );
#2002 = PCURVE('',#2003,#2008);
#2003 = PLANE('',#2004);
#2004 = AXIS2_PLACEMENT_3D('',#2005,#2006,#2007);
#2005 = CARTESIAN_POINT('',(7.48,-92.5,53.));
#2006 = DIRECTION('',(1.,0.,-0.));
#2007 = DIRECTION('',(0.,0.,1.));
#2008 = DEFINITIONAL_REPRESENTATION('',(#2009),#2012);
#2009 = B_SPLINE_CURVE_WITH_KNOTS('',1,(#2010,#2011),.UNSPECIFIED.,.F.,
  .F.,(2,2),(-36.5,-26.5),.PIECEWISE_BEZIER_KNOTS.);
#2010 = CARTESIAN_POINT('',(10.,-1.));
#2011 = CARTESIAN_POINT('',(0.,-1.));
#2012 = ( GEOMETRIC_REPRESENTATION_CONTEXT(2) 
PARAMETRIC_REPRESENTATION_CONTEXT() REPRESENTATION_CONTEXT('2D SPACE',''
  ) );
#2013 = ADVANCED_FACE('',(#2014),#1023,.T.);
#2014 = FACE_BOUND('',#2015,.T.);
#2015 = EDGE_LOOP('',(#2016,#2017,#2018,#2039,#2065,#2084,#2085,#2108));
#2016 = ORIENTED_EDGE('',*,*,#1559,.F.);
#2017 = ORIENTED_EDGE('',*,*,#1115,.T.);
#2018 = ORIENTED_EDGE('',*,*,#2019,.F.);
#2019 = EDGE_CURVE('',#2020,#1089,#2022,.T.);
#2020 = VERTEX_POINT('',#2021);
#2021 = CARTESIAN_POINT('',(16.98,-61.5,31.));
#2022 = SURFACE_CURVE('',#2023,(#2027,#2033),.PCURVE_S1.);
#2023 = LINE('',#2024,#2025);
#2024 = CARTESIAN_POINT('',(16.98,-61.5,0.));
#2025 = VECTOR('',#2026,1.);
#2026 = DIRECTION('',(-0.,0.,-1.));
#2027 = PCURVE('',#1023,#2028);
#2028 = DEFINITIONAL_REPRESENTATION('',(#2029),#2032);
#2029 = B_SPLINE_CURVE_WITH_KNOTS('',1,(#2030,#2031),.UNSPECIFIED.,.F.,
  .F.,(2,2),(-31.,-5.),.PIECEWISE_BEZIER_KNOTS.);
#2030 = CARTESIAN_POINT('',(31.,29.5));
#2031 = CARTESIAN_POINT('',(5.,29.5));
#2032 = ( GEOMETRIC_REPRESENTATION_CONTEXT(2) 
PARAMETRIC_REPRESENTATION_CONTEXT() REPRESENTATION_CONTEXT('2D SPACE',''
  ) );
#2033 = PCURVE('',#1104,#2034);
#2034 = DEFINITIONAL_REPRESENTATION('',(#2035),#2038);
#2035 = B_SPLINE_CURVE_WITH_KNOTS('',1,(#2036,#2037),.UNSPECIFIED.,.F.,
  .F.,(2,2),(-31.,-5.),.PIECEWISE_BEZIER_KNOTS.);
#2036 = CARTESIAN_POINT('',(31.,-7.5));
#2037 = CARTESIAN_POINT('',(5.,-7.5));
#2038 = ( GEOMETRIC_REPRESENTATION_CONTEXT(2) 
PARAMETRIC_REPRESENTATION_CONTEXT() REPRESENTATION_CONTEXT('2D SPACE',''
  ) );
#2039 = ORIENTED_EDGE('',*,*,#2040,.F.);
#2040 = EDGE_CURVE('',#2041,#2020,#2043,.T.);
#2041 = VERTEX_POINT('',#2042);
#2042 = CARTESIAN_POINT('',(10.48,-61.5,31.));
#2043 = SURFACE_CURVE('',#2044,(#2048,#2054),.PCURVE_S1.);
#2044 = LINE('',#2045,#2046);
#2045 = CARTESIAN_POINT('',(-1.02,-61.5,31.));
#2046 = VECTOR('',#2047,1.);
#2047 = DIRECTION('',(1.,0.,-0.));
#2048 = PCURVE('',#1023,#2049);
#2049 = DEFINITIONAL_REPRESENTATION('',(#2050),#2053);
#2050 = B_SPLINE_CURVE_WITH_KNOTS('',1,(#2051,#2052),.UNSPECIFIED.,.F.,
  .F.,(2,2),(11.5,18.),.PIECEWISE_BEZIER_KNOTS.);
#2051 = CARTESIAN_POINT('',(31.,23.));
#2052 = CARTESIAN_POINT('',(31.,29.5));
#2053 = ( GEOMETRIC_REPRESENTATION_CONTEXT(2) 
PARAMETRIC_REPRESENTATION_CONTEXT() REPRESENTATION_CONTEXT('2D SPACE',''
  ) );
#2054 = PCURVE('',#2055,#2060);
#2055 = PLANE('',#2056);
#2056 = AXIS2_PLACEMENT_3D('',#2057,#2058,#2059);
#2057 = CARTESIAN_POINT('',(10.48,-69.,31.));
#2058 = DIRECTION('',(0.,0.,1.));
#2059 = DIRECTION('',(1.,0.,-0.));
#2060 = DEFINITIONAL_REPRESENTATION('',(#2061),#2064);
#2061 = B_SPLINE_CURVE_WITH_KNOTS('',1,(#2062,#2063),.UNSPECIFIED.,.F.,
  .F.,(2,2),(11.5,18.),.PIECEWISE_BEZIER_KNOTS.);
#2062 = CARTESIAN_POINT('',(0.,7.5));
#2063 = CARTESIAN_POINT('',(6.5,7.5));
#2064 = ( GEOMETRIC_REPRESENTATION_CONTEXT(2) 
PARAMETRIC_REPRESENTATION_CONTEXT() REPRESENTATION_CONTEXT('2D SPACE',''
  ) );
#2065 = ORIENTED_EDGE('',*,*,#2066,.T.);
#2066 = EDGE_CURVE('',#2041,#1008,#2067,.T.);
#2067 = SURFACE_CURVE('',#2068,(#2072,#2078),.PCURVE_S1.);
#2068 = LINE('',#2069,#2070);
#2069 = CARTESIAN_POINT('',(10.48,-61.5,0.));
#2070 = VECTOR('',#2071,1.);
#2071 = DIRECTION('',(-0.,0.,-1.));
#2072 = PCURVE('',#1023,#2073);
#2073 = DEFINITIONAL_REPRESENTATION('',(#2074),#2077);
#2074 = B_SPLINE_CURVE_WITH_KNOTS('',1,(#2075,#2076),.UNSPECIFIED.,.F.,
  .F.,(2,2),(-31.,-5.),.PIECEWISE_BEZIER_KNOTS.);
#2075 = CARTESIAN_POINT('',(31.,23.));
#2076 = CARTESIAN_POINT('',(5.,23.));
#2077 = ( GEOMETRIC_REPRESENTATION_CONTEXT(2) 
PARAMETRIC_REPRESENTATION_CONTEXT() REPRESENTATION_CONTEXT('2D SPACE',''
  ) );
#2078 = PCURVE('',#1050,#2079);
#2079 = DEFINITIONAL_REPRESENTATION('',(#2080),#2083);
#2080 = B_SPLINE_CURVE_WITH_KNOTS('',1,(#2081,#2082),.UNSPECIFIED.,.F.,
  .F.,(2,2),(-31.,-5.),.PIECEWISE_BEZIER_KNOTS.);
#2081 = CARTESIAN_POINT('',(31.,-7.5));
#2082 = CARTESIAN_POINT('',(5.,-7.5));
#2083 = ( GEOMETRIC_REPRESENTATION_CONTEXT(2) 
PARAMETRIC_REPRESENTATION_CONTEXT() REPRESENTATION_CONTEXT('2D SPACE',''
  ) );
#2084 = ORIENTED_EDGE('',*,*,#1007,.T.);
#2085 = ORIENTED_EDGE('',*,*,#2086,.T.);
#2086 = EDGE_CURVE('',#986,#2087,#2089,.T.);
#2087 = VERTEX_POINT('',#2088);
#2088 = CARTESIAN_POINT('',(-12.52,-61.5,65.));
#2089 = SURFACE_CURVE('',#2090,(#2094,#2101),.PCURVE_S1.);
#2090 = LINE('',#2091,#2092);
#2091 = CARTESIAN_POINT('',(-12.52,-61.5,0.));
#2092 = VECTOR('',#2093,1.);
#2093 = DIRECTION('',(0.,0.,1.));
#2094 = PCURVE('',#1023,#2095);
#2095 = DEFINITIONAL_REPRESENTATION('',(#2096),#2100);
#2096 = LINE('',#2097,#2098);
#2097 = CARTESIAN_POINT('',(0.,0.));
#2098 = VECTOR('',#2099,1.);
#2099 = DIRECTION('',(1.,0.));
#2100 = ( GEOMETRIC_REPRESENTATION_CONTEXT(2) 
PARAMETRIC_REPRESENTATION_CONTEXT() REPRESENTATION_CONTEXT('2D SPACE',''
  ) );
#2101 = PCURVE('',#621,#2102);
#2102 = DEFINITIONAL_REPRESENTATION('',(#2103),#2107);
#2103 = LINE('',#2104,#2105);
#2104 = CARTESIAN_POINT('',(0.,-30.));
#2105 = VECTOR('',#2106,1.);
#2106 = DIRECTION('',(1.,0.));
#2107 = ( GEOMETRIC_REPRESENTATION_CONTEXT(2) 
PARAMETRIC_REPRESENTATION_CONTEXT() REPRESENTATION_CONTEXT('2D SPACE',''
  ) );
#2108 = ORIENTED_EDGE('',*,*,#2109,.T.);
#2109 = EDGE_CURVE('',#2087,#1560,#2110,.T.);
#2110 = SURFACE_CURVE('',#2111,(#2115,#2122),.PCURVE_S1.);
#2111 = LINE('',#2112,#2113);
#2112 = CARTESIAN_POINT('',(-12.52,-61.5,65.));
#2113 = VECTOR('',#2114,1.);
#2114 = DIRECTION('',(1.,0.,-0.));
#2115 = PCURVE('',#1023,#2116);
#2116 = DEFINITIONAL_REPRESENTATION('',(#2117),#2121);
#2117 = LINE('',#2118,#2119);
#2118 = CARTESIAN_POINT('',(65.,0.));
#2119 = VECTOR('',#2120,1.);
#2120 = DIRECTION('',(0.,1.));
#2121 = ( GEOMETRIC_REPRESENTATION_CONTEXT(2) 
PARAMETRIC_REPRESENTATION_CONTEXT() REPRESENTATION_CONTEXT('2D SPACE',''
  ) );
#2122 = PCURVE('',#2123,#2128);
#2123 = B_SPLINE_SURFACE_WITH_KNOTS('',1,1,(
    (#2124,#2125)
    ,(#2126,#2127
    )),.UNSPECIFIED.,.F.,.F.,.F.,(2,2),(2,2),(-27.8,27.8),(0.,1.),
  .PIECEWISE_BEZIER_KNOTS.);
#2124 = CARTESIAN_POINT('',(17.48,-61.5,65.));
#2125 = CARTESIAN_POINT('',(30.28,-48.7,77.8));
#2126 = CARTESIAN_POINT('',(-12.52,-61.5,65.));
#2127 = CARTESIAN_POINT('',(-25.32,-48.7,77.8));
#2128 = DEFINITIONAL_REPRESENTATION('',(#2129),#2132);
#2129 = B_SPLINE_CURVE_WITH_KNOTS('',1,(#2130,#2131),.UNSPECIFIED.,.F.,
  .F.,(2,2),(0.,30.),.PIECEWISE_BEZIER_KNOTS.);
#2130 = CARTESIAN_POINT('',(27.8,0.));
#2131 = CARTESIAN_POINT('',(-27.8,0.));
#2132 = ( GEOMETRIC_REPRESENTATION_CONTEXT(2) 
PARAMETRIC_REPRESENTATION_CONTEXT() REPRESENTATION_CONTEXT('2D SPACE',''
  ) );
#2133 = ADVANCED_FACE('',(#2134),#461,.T.);
#2134 = FACE_BOUND('',#2135,.T.);
#2135 = EDGE_LOOP('',(#2136,#2159,#2160,#2161));
#2136 = ORIENTED_EDGE('',*,*,#2137,.F.);
#2137 = EDGE_CURVE('',#446,#2138,#2140,.T.);
#2138 = VERTEX_POINT('',#2139);
#2139 = CARTESIAN_POINT('',(16.98,-93.,31.));
#2140 = SURFACE_CURVE('',#2141,(#2145,#2152),.PCURVE_S1.);
#2141 = LINE('',#2142,#2143);
#2142 = CARTESIAN_POINT('',(16.98,-93.,0.));
#2143 = VECTOR('',#2144,1.);
#2144 = DIRECTION('',(0.,0.,1.));
#2145 = PCURVE('',#461,#2146);
#2146 = DEFINITIONAL_REPRESENTATION('',(#2147),#2151);
#2147 = LINE('',#2148,#2149);
#2148 = CARTESIAN_POINT('',(0.,0.));
#2149 = VECTOR('',#2150,1.);
#2150 = DIRECTION('',(1.,0.));
#2151 = ( GEOMETRIC_REPRESENTATION_CONTEXT(2) 
PARAMETRIC_REPRESENTATION_CONTEXT() REPRESENTATION_CONTEXT('2D SPACE',''
  ) );
#2152 = PCURVE('',#488,#2153);
#2153 = DEFINITIONAL_REPRESENTATION('',(#2154),#2158);
#2154 = LINE('',#2155,#2156);
#2155 = CARTESIAN_POINT('',(0.,6.5));
#2156 = VECTOR('',#2157,1.);
#2157 = DIRECTION('',(1.,0.));
#2158 = ( GEOMETRIC_REPRESENTATION_CONTEXT(2) 
PARAMETRIC_REPRESENTATION_CONTEXT() REPRESENTATION_CONTEXT('2D SPACE',''
  ) );
#2159 = ORIENTED_EDGE('',*,*,#445,.T.);
#2160 = ORIENTED_EDGE('',*,*,#1674,.F.);
#2161 = ORIENTED_EDGE('',*,*,#2162,.F.);
#2162 = EDGE_CURVE('',#2138,#1675,#2163,.T.);
#2163 = SURFACE_CURVE('',#2164,(#2168,#2175),.PCURVE_S1.);
#2164 = LINE('',#2165,#2166);
#2165 = CARTESIAN_POINT('',(16.98,-93.,31.));
#2166 = VECTOR('',#2167,1.);
#2167 = DIRECTION('',(-0.,1.,0.));
#2168 = PCURVE('',#461,#2169);
#2169 = DEFINITIONAL_REPRESENTATION('',(#2170),#2174);
#2170 = LINE('',#2171,#2172);
#2171 = CARTESIAN_POINT('',(31.,0.));
#2172 = VECTOR('',#2173,1.);
#2173 = DIRECTION('',(0.,-1.));
#2174 = ( GEOMETRIC_REPRESENTATION_CONTEXT(2) 
PARAMETRIC_REPRESENTATION_CONTEXT() REPRESENTATION_CONTEXT('2D SPACE',''
  ) );
#2175 = PCURVE('',#1710,#2176);
#2176 = DEFINITIONAL_REPRESENTATION('',(#2177),#2181);
#2177 = LINE('',#2178,#2179);
#2178 = CARTESIAN_POINT('',(6.5,0.));
#2179 = VECTOR('',#2180,1.);
#2180 = DIRECTION('',(0.,1.));
#2181 = ( GEOMETRIC_REPRESENTATION_CONTEXT(2) 
PARAMETRIC_REPRESENTATION_CONTEXT() REPRESENTATION_CONTEXT('2D SPACE',''
  ) );
#2182 = ADVANCED_FACE('',(#2183),#1104,.T.);
#2183 = FACE_BOUND('',#2184,.T.);
#2184 = EDGE_LOOP('',(#2185,#2208,#2209,#2210));
#2185 = ORIENTED_EDGE('',*,*,#2186,.F.);
#2186 = EDGE_CURVE('',#2020,#2187,#2189,.T.);
#2187 = VERTEX_POINT('',#2188);
#2188 = CARTESIAN_POINT('',(16.98,-60.,31.));
#2189 = SURFACE_CURVE('',#2190,(#2194,#2201),.PCURVE_S1.);
#2190 = LINE('',#2191,#2192);
#2191 = CARTESIAN_POINT('',(16.98,-69.,31.));
#2192 = VECTOR('',#2193,1.);
#2193 = DIRECTION('',(-0.,1.,0.));
#2194 = PCURVE('',#1104,#2195);
#2195 = DEFINITIONAL_REPRESENTATION('',(#2196),#2200);
#2196 = LINE('',#2197,#2198);
#2197 = CARTESIAN_POINT('',(31.,0.));
#2198 = VECTOR('',#2199,1.);
#2199 = DIRECTION('',(0.,-1.));
#2200 = ( GEOMETRIC_REPRESENTATION_CONTEXT(2) 
PARAMETRIC_REPRESENTATION_CONTEXT() REPRESENTATION_CONTEXT('2D SPACE',''
  ) );
#2201 = PCURVE('',#2055,#2202);
#2202 = DEFINITIONAL_REPRESENTATION('',(#2203),#2207);
#2203 = LINE('',#2204,#2205);
#2204 = CARTESIAN_POINT('',(6.5,0.));
#2205 = VECTOR('',#2206,1.);
#2206 = DIRECTION('',(0.,1.));
#2207 = ( GEOMETRIC_REPRESENTATION_CONTEXT(2) 
PARAMETRIC_REPRESENTATION_CONTEXT() REPRESENTATION_CONTEXT('2D SPACE',''
  ) );
#2208 = ORIENTED_EDGE('',*,*,#2019,.T.);
#2209 = ORIENTED_EDGE('',*,*,#1088,.T.);
#2210 = ORIENTED_EDGE('',*,*,#2211,.T.);
#2211 = EDGE_CURVE('',#1062,#2187,#2212,.T.);
#2212 = SURFACE_CURVE('',#2213,(#2217,#2224),.PCURVE_S1.);
#2213 = LINE('',#2214,#2215);
#2214 = CARTESIAN_POINT('',(16.98,-60.,0.));
#2215 = VECTOR('',#2216,1.);
#2216 = DIRECTION('',(0.,0.,1.));
#2217 = PCURVE('',#1104,#2218);
#2218 = DEFINITIONAL_REPRESENTATION('',(#2219),#2223);
#2219 = LINE('',#2220,#2221);
#2220 = CARTESIAN_POINT('',(0.,-9.));
#2221 = VECTOR('',#2222,1.);
#2222 = DIRECTION('',(1.,0.));
#2223 = ( GEOMETRIC_REPRESENTATION_CONTEXT(2) 
PARAMETRIC_REPRESENTATION_CONTEXT() REPRESENTATION_CONTEXT('2D SPACE',''
  ) );
#2224 = PCURVE('',#1077,#2225);
#2225 = DEFINITIONAL_REPRESENTATION('',(#2226),#2230);
#2226 = LINE('',#2227,#2228);
#2227 = CARTESIAN_POINT('',(0.,6.5));
#2228 = VECTOR('',#2229,1.);
#2229 = DIRECTION('',(1.,0.));
#2230 = ( GEOMETRIC_REPRESENTATION_CONTEXT(2) 
PARAMETRIC_REPRESENTATION_CONTEXT() REPRESENTATION_CONTEXT('2D SPACE',''
  ) );
#2231 = ADVANCED_FACE('',(#2232),#488,.F.);
#2232 = FACE_BOUND('',#2233,.F.);
#2233 = EDGE_LOOP('',(#2234,#2235,#2236,#2257,#2278,#2301));
#2234 = ORIENTED_EDGE('',*,*,#2137,.F.);
#2235 = ORIENTED_EDGE('',*,*,#472,.T.);
#2236 = ORIENTED_EDGE('',*,*,#2237,.T.);
#2237 = EDGE_CURVE('',#473,#2238,#2240,.T.);
#2238 = VERTEX_POINT('',#2239);
#2239 = CARTESIAN_POINT('',(13.95744346698,-93.,9.));
#2240 = SURFACE_CURVE('',#2241,(#2245,#2251),.PCURVE_S1.);
#2241 = LINE('',#2242,#2243);
#2242 = CARTESIAN_POINT('',(13.95744346698,-93.,0.));
#2243 = VECTOR('',#2244,1.);
#2244 = DIRECTION('',(0.,0.,1.));
#2245 = PCURVE('',#488,#2246);
#2246 = DEFINITIONAL_REPRESENTATION('',(#2247),#2250);
#2247 = B_SPLINE_CURVE_WITH_KNOTS('',1,(#2248,#2249),.UNSPECIFIED.,.F.,
  .F.,(2,2),(2.4,9.0000024),.PIECEWISE_BEZIER_KNOTS.);
#2248 = CARTESIAN_POINT('',(2.4,3.47744346698));
#2249 = CARTESIAN_POINT('',(9.0000024,3.47744346698));
#2250 = ( GEOMETRIC_REPRESENTATION_CONTEXT(2) 
PARAMETRIC_REPRESENTATION_CONTEXT() REPRESENTATION_CONTEXT('2D SPACE',''
  ) );
#2251 = PCURVE('',#516,#2252);
#2252 = DEFINITIONAL_REPRESENTATION('',(#2253),#2256);
#2253 = B_SPLINE_CURVE_WITH_KNOTS('',1,(#2254,#2255),.UNSPECIFIED.,.F.,
  .F.,(2,2),(2.4,9.0000024),.PIECEWISE_BEZIER_KNOTS.);
#2254 = CARTESIAN_POINT('',(6.183017886018,2.4));
#2255 = CARTESIAN_POINT('',(6.183017886018,9.0000024));
#2256 = ( GEOMETRIC_REPRESENTATION_CONTEXT(2) 
PARAMETRIC_REPRESENTATION_CONTEXT() REPRESENTATION_CONTEXT('2D SPACE',''
  ) );
#2257 = ORIENTED_EDGE('',*,*,#2258,.F.);
#2258 = EDGE_CURVE('',#2259,#2238,#2261,.T.);
#2259 = VERTEX_POINT('',#2260);
#2260 = CARTESIAN_POINT('',(10.48,-93.,9.));
#2261 = SURFACE_CURVE('',#2262,(#2266,#2272),.PCURVE_S1.);
#2262 = LINE('',#2263,#2264);
#2263 = CARTESIAN_POINT('',(9.98,-93.,9.));
#2264 = VECTOR('',#2265,1.);
#2265 = DIRECTION('',(1.,0.,-0.));
#2266 = PCURVE('',#488,#2267);
#2267 = DEFINITIONAL_REPRESENTATION('',(#2268),#2271);
#2268 = B_SPLINE_CURVE_WITH_KNOTS('',1,(#2269,#2270),.UNSPECIFIED.,.F.,
  .F.,(2,2),(0.5,4.),.PIECEWISE_BEZIER_KNOTS.);
#2269 = CARTESIAN_POINT('',(9.,0.));
#2270 = CARTESIAN_POINT('',(9.,3.5));
#2271 = ( GEOMETRIC_REPRESENTATION_CONTEXT(2) 
PARAMETRIC_REPRESENTATION_CONTEXT() REPRESENTATION_CONTEXT('2D SPACE',''
  ) );
#2272 = PCURVE('',#1762,#2273);
#2273 = DEFINITIONAL_REPRESENTATION('',(#2274),#2277);
#2274 = B_SPLINE_CURVE_WITH_KNOTS('',1,(#2275,#2276),.UNSPECIFIED.,.F.,
  .F.,(2,2),(0.5,4.),.PIECEWISE_BEZIER_KNOTS.);
#2275 = CARTESIAN_POINT('',(1.,-0.45));
#2276 = CARTESIAN_POINT('',(4.5,-0.45));
#2277 = ( GEOMETRIC_REPRESENTATION_CONTEXT(2) 
PARAMETRIC_REPRESENTATION_CONTEXT() REPRESENTATION_CONTEXT('2D SPACE',''
  ) );
#2278 = ORIENTED_EDGE('',*,*,#2279,.T.);
#2279 = EDGE_CURVE('',#2259,#2280,#2282,.T.);
#2280 = VERTEX_POINT('',#2281);
#2281 = CARTESIAN_POINT('',(10.48,-93.,31.));
#2282 = SURFACE_CURVE('',#2283,(#2287,#2294),.PCURVE_S1.);
#2283 = LINE('',#2284,#2285);
#2284 = CARTESIAN_POINT('',(10.48,-93.,0.));
#2285 = VECTOR('',#2286,1.);
#2286 = DIRECTION('',(0.,0.,1.));
#2287 = PCURVE('',#488,#2288);
#2288 = DEFINITIONAL_REPRESENTATION('',(#2289),#2293);
#2289 = LINE('',#2290,#2291);
#2290 = CARTESIAN_POINT('',(0.,0.));
#2291 = VECTOR('',#2292,1.);
#2292 = DIRECTION('',(1.,0.));
#2293 = ( GEOMETRIC_REPRESENTATION_CONTEXT(2) 
PARAMETRIC_REPRESENTATION_CONTEXT() REPRESENTATION_CONTEXT('2D SPACE',''
  ) );
#2294 = PCURVE('',#1736,#2295);
#2295 = DEFINITIONAL_REPRESENTATION('',(#2296),#2300);
#2296 = LINE('',#2297,#2298);
#2297 = CARTESIAN_POINT('',(0.,0.));
#2298 = VECTOR('',#2299,1.);
#2299 = DIRECTION('',(1.,0.));
#2300 = ( GEOMETRIC_REPRESENTATION_CONTEXT(2) 
PARAMETRIC_REPRESENTATION_CONTEXT() REPRESENTATION_CONTEXT('2D SPACE',''
  ) );
#2301 = ORIENTED_EDGE('',*,*,#2302,.T.);
#2302 = EDGE_CURVE('',#2280,#2138,#2303,.T.);
#2303 = SURFACE_CURVE('',#2304,(#2308,#2315),.PCURVE_S1.);
#2304 = LINE('',#2305,#2306);
#2305 = CARTESIAN_POINT('',(10.48,-93.,31.));
#2306 = VECTOR('',#2307,1.);
#2307 = DIRECTION('',(1.,0.,-0.));
#2308 = PCURVE('',#488,#2309);
#2309 = DEFINITIONAL_REPRESENTATION('',(#2310),#2314);
#2310 = LINE('',#2311,#2312);
#2311 = CARTESIAN_POINT('',(31.,0.));
#2312 = VECTOR('',#2313,1.);
#2313 = DIRECTION('',(0.,1.));
#2314 = ( GEOMETRIC_REPRESENTATION_CONTEXT(2) 
PARAMETRIC_REPRESENTATION_CONTEXT() REPRESENTATION_CONTEXT('2D SPACE',''
  ) );
#2315 = PCURVE('',#1710,#2316);
#2316 = DEFINITIONAL_REPRESENTATION('',(#2317),#2321);
#2317 = LINE('',#2318,#2319);
#2318 = CARTESIAN_POINT('',(0.,0.));
#2319 = VECTOR('',#2320,1.);
#2320 = DIRECTION('',(1.,0.));
#2321 = ( GEOMETRIC_REPRESENTATION_CONTEXT(2) 
PARAMETRIC_REPRESENTATION_CONTEXT() REPRESENTATION_CONTEXT('2D SPACE',''
  ) );
#2322 = ADVANCED_FACE('',(#2323),#1077,.T.);
#2323 = FACE_BOUND('',#2324,.T.);
#2324 = EDGE_LOOP('',(#2325,#2326,#2327,#2350));
#2325 = ORIENTED_EDGE('',*,*,#2211,.F.);
#2326 = ORIENTED_EDGE('',*,*,#1061,.T.);
#2327 = ORIENTED_EDGE('',*,*,#2328,.T.);
#2328 = EDGE_CURVE('',#1035,#2329,#2331,.T.);
#2329 = VERTEX_POINT('',#2330);
#2330 = CARTESIAN_POINT('',(10.48,-60.,31.));
#2331 = SURFACE_CURVE('',#2332,(#2336,#2343),.PCURVE_S1.);
#2332 = LINE('',#2333,#2334);
#2333 = CARTESIAN_POINT('',(10.48,-60.,0.));
#2334 = VECTOR('',#2335,1.);
#2335 = DIRECTION('',(0.,0.,1.));
#2336 = PCURVE('',#1077,#2337);
#2337 = DEFINITIONAL_REPRESENTATION('',(#2338),#2342);
#2338 = LINE('',#2339,#2340);
#2339 = CARTESIAN_POINT('',(0.,0.));
#2340 = VECTOR('',#2341,1.);
#2341 = DIRECTION('',(1.,0.));
#2342 = ( GEOMETRIC_REPRESENTATION_CONTEXT(2) 
PARAMETRIC_REPRESENTATION_CONTEXT() REPRESENTATION_CONTEXT('2D SPACE',''
  ) );
#2343 = PCURVE('',#1050,#2344);
#2344 = DEFINITIONAL_REPRESENTATION('',(#2345),#2349);
#2345 = LINE('',#2346,#2347);
#2346 = CARTESIAN_POINT('',(0.,-9.));
#2347 = VECTOR('',#2348,1.);
#2348 = DIRECTION('',(1.,0.));
#2349 = ( GEOMETRIC_REPRESENTATION_CONTEXT(2) 
PARAMETRIC_REPRESENTATION_CONTEXT() REPRESENTATION_CONTEXT('2D SPACE',''
  ) );
#2350 = ORIENTED_EDGE('',*,*,#2351,.T.);
#2351 = EDGE_CURVE('',#2329,#2187,#2352,.T.);
#2352 = SURFACE_CURVE('',#2353,(#2357,#2364),.PCURVE_S1.);
#2353 = LINE('',#2354,#2355);
#2354 = CARTESIAN_POINT('',(10.48,-60.,31.));
#2355 = VECTOR('',#2356,1.);
#2356 = DIRECTION('',(1.,0.,-0.));
#2357 = PCURVE('',#1077,#2358);
#2358 = DEFINITIONAL_REPRESENTATION('',(#2359),#2363);
#2359 = LINE('',#2360,#2361);
#2360 = CARTESIAN_POINT('',(31.,0.));
#2361 = VECTOR('',#2362,1.);
#2362 = DIRECTION('',(0.,1.));
#2363 = ( GEOMETRIC_REPRESENTATION_CONTEXT(2) 
PARAMETRIC_REPRESENTATION_CONTEXT() REPRESENTATION_CONTEXT('2D SPACE',''
  ) );
#2364 = PCURVE('',#2055,#2365);
#2365 = DEFINITIONAL_REPRESENTATION('',(#2366),#2370);
#2366 = LINE('',#2367,#2368);
#2367 = CARTESIAN_POINT('',(0.,9.));
#2368 = VECTOR('',#2369,1.);
#2369 = DIRECTION('',(1.,0.));
#2370 = ( GEOMETRIC_REPRESENTATION_CONTEXT(2) 
PARAMETRIC_REPRESENTATION_CONTEXT() REPRESENTATION_CONTEXT('2D SPACE',''
  ) );
#2371 = ADVANCED_FACE('',(#2372),#516,.T.);
#2372 = FACE_BOUND('',#2373,.T.);
#2373 = EDGE_LOOP('',(#2374,#2396,#2397,#2398));
#2374 = ORIENTED_EDGE('',*,*,#2375,.F.);
#2375 = EDGE_CURVE('',#1748,#2238,#2376,.T.);
#2376 = SURFACE_CURVE('',#2377,(#2382,#2389),.PCURVE_S1.);
#2377 = CIRCLE('',#2378,4.5);
#2378 = AXIS2_PLACEMENT_3D('',#2379,#2380,#2381);
#2379 = CARTESIAN_POINT('',(9.48,-92.55,9.));
#2380 = DIRECTION('',(0.,0.,1.));
#2381 = DIRECTION('',(1.,0.,-0.));
#2382 = PCURVE('',#516,#2383);
#2383 = DEFINITIONAL_REPRESENTATION('',(#2384),#2388);
#2384 = LINE('',#2385,#2386);
#2385 = CARTESIAN_POINT('',(0.,9.));
#2386 = VECTOR('',#2387,1.);
#2387 = DIRECTION('',(1.,0.));
#2388 = ( GEOMETRIC_REPRESENTATION_CONTEXT(2) 
PARAMETRIC_REPRESENTATION_CONTEXT() REPRESENTATION_CONTEXT('2D SPACE',''
  ) );
#2389 = PCURVE('',#1762,#2390);
#2390 = DEFINITIONAL_REPRESENTATION('',(#2391),#2395);
#2391 = CIRCLE('',#2392,4.5);
#2392 = AXIS2_PLACEMENT_2D('',#2393,#2394);
#2393 = CARTESIAN_POINT('',(0.,0.));
#2394 = DIRECTION('',(1.,0.));
#2395 = ( GEOMETRIC_REPRESENTATION_CONTEXT(2) 
PARAMETRIC_REPRESENTATION_CONTEXT() REPRESENTATION_CONTEXT('2D SPACE',''
  ) );
#2396 = ORIENTED_EDGE('',*,*,#1773,.F.);
#2397 = ORIENTED_EDGE('',*,*,#499,.T.);
#2398 = ORIENTED_EDGE('',*,*,#2237,.T.);
#2399 = ADVANCED_FACE('',(#2400),#1050,.F.);
#2400 = FACE_BOUND('',#2401,.F.);
#2401 = EDGE_LOOP('',(#2402,#2423,#2424,#2425));
#2402 = ORIENTED_EDGE('',*,*,#2403,.F.);
#2403 = EDGE_CURVE('',#2041,#2329,#2404,.T.);
#2404 = SURFACE_CURVE('',#2405,(#2409,#2416),.PCURVE_S1.);
#2405 = LINE('',#2406,#2407);
#2406 = CARTESIAN_POINT('',(10.48,-69.,31.));
#2407 = VECTOR('',#2408,1.);
#2408 = DIRECTION('',(-0.,1.,0.));
#2409 = PCURVE('',#1050,#2410);
#2410 = DEFINITIONAL_REPRESENTATION('',(#2411),#2415);
#2411 = LINE('',#2412,#2413);
#2412 = CARTESIAN_POINT('',(31.,0.));
#2413 = VECTOR('',#2414,1.);
#2414 = DIRECTION('',(0.,-1.));
#2415 = ( GEOMETRIC_REPRESENTATION_CONTEXT(2) 
PARAMETRIC_REPRESENTATION_CONTEXT() REPRESENTATION_CONTEXT('2D SPACE',''
  ) );
#2416 = PCURVE('',#2055,#2417);
#2417 = DEFINITIONAL_REPRESENTATION('',(#2418),#2422);
#2418 = LINE('',#2419,#2420);
#2419 = CARTESIAN_POINT('',(0.,0.));
#2420 = VECTOR('',#2421,1.);
#2421 = DIRECTION('',(0.,1.));
#2422 = ( GEOMETRIC_REPRESENTATION_CONTEXT(2) 
PARAMETRIC_REPRESENTATION_CONTEXT() REPRESENTATION_CONTEXT('2D SPACE',''
  ) );
#2423 = ORIENTED_EDGE('',*,*,#2066,.T.);
#2424 = ORIENTED_EDGE('',*,*,#1034,.T.);
#2425 = ORIENTED_EDGE('',*,*,#2328,.T.);
#2426 = ADVANCED_FACE('',(#2427),#571,.T.);
#2427 = FACE_BOUND('',#2428,.T.);
#2428 = EDGE_LOOP('',(#2429,#2430,#2431,#2457));
#2429 = ORIENTED_EDGE('',*,*,#550,.F.);
#2430 = ORIENTED_EDGE('',*,*,#1793,.T.);
#2431 = ORIENTED_EDGE('',*,*,#2432,.T.);
#2432 = EDGE_CURVE('',#1794,#1815,#2433,.T.);
#2433 = SURFACE_CURVE('',#2434,(#2439,#2446),.PCURVE_S1.);
#2434 = CIRCLE('',#2435,4.5);
#2435 = AXIS2_PLACEMENT_3D('',#2436,#2437,#2438);
#2436 = CARTESIAN_POINT('',(-4.52,-92.55,9.));
#2437 = DIRECTION('',(0.,0.,-1.));
#2438 = DIRECTION('',(0.972396809721,0.233333333333,0.));
#2439 = PCURVE('',#571,#2440);
#2440 = DEFINITIONAL_REPRESENTATION('',(#2441),#2445);
#2441 = LINE('',#2442,#2443);
#2442 = CARTESIAN_POINT('',(6.5186895439,9.));
#2443 = VECTOR('',#2444,1.);
#2444 = DIRECTION('',(-1.,-0.));
#2445 = ( GEOMETRIC_REPRESENTATION_CONTEXT(2) 
PARAMETRIC_REPRESENTATION_CONTEXT() REPRESENTATION_CONTEXT('2D SPACE',''
  ) );
#2446 = PCURVE('',#1829,#2447);
#2447 = DEFINITIONAL_REPRESENTATION('',(#2448),#2456);
#2448 = ( BOUNDED_CURVE() B_SPLINE_CURVE(2,(#2449,#2450,#2451,#2452,
#2453,#2454,#2455),.UNSPECIFIED.,.T.,.F.) B_SPLINE_CURVE_WITH_KNOTS((1,2
    ,2,2,2,1),(-2.094395102393,0.,2.094395102393,4.188790204786,
6.28318530718,8.377580409573),.UNSPECIFIED.) CURVE() 
GEOMETRIC_REPRESENTATION_ITEM() RATIONAL_B_SPLINE_CURVE((1.,0.5,1.,0.5,
1.,0.5,1.)) REPRESENTATION_ITEM('') );
#2449 = CARTESIAN_POINT('',(4.375785643744,1.05));
#2450 = CARTESIAN_POINT('',(6.194438991692,-6.529083057996));
#2451 = CARTESIAN_POINT('',(-1.278566147899,-4.314541528998));
#2452 = CARTESIAN_POINT('',(-8.751571287489,-2.1));
#2453 = CARTESIAN_POINT('',(-3.097219495846,3.264541528998));
#2454 = CARTESIAN_POINT('',(2.557132295797,8.629083057996));
#2455 = CARTESIAN_POINT('',(4.375785643744,1.05));
#2456 = ( GEOMETRIC_REPRESENTATION_CONTEXT(2) 
PARAMETRIC_REPRESENTATION_CONTEXT() REPRESENTATION_CONTEXT('2D SPACE',''
  ) );
#2457 = ORIENTED_EDGE('',*,*,#1840,.F.);
#2458 = ADVANCED_FACE('',(#2459),#621,.F.);
#2459 = FACE_BOUND('',#2460,.F.);
#2460 = EDGE_LOOP('',(#2461,#2462,#2463,#2484,#2510,#2529,#2530,#2531));
#2461 = ORIENTED_EDGE('',*,*,#1860,.F.);
#2462 = ORIENTED_EDGE('',*,*,#605,.T.);
#2463 = ORIENTED_EDGE('',*,*,#2464,.T.);
#2464 = EDGE_CURVE('',#606,#2465,#2467,.T.);
#2465 = VERTEX_POINT('',#2466);
#2466 = CARTESIAN_POINT('',(-12.52,-85.5,15.));
#2467 = SURFACE_CURVE('',#2468,(#2472,#2478),.PCURVE_S1.);
#2468 = LINE('',#2469,#2470);
#2469 = CARTESIAN_POINT('',(-12.52,-85.5,2.5));
#2470 = VECTOR('',#2471,1.);
#2471 = DIRECTION('',(0.,0.,1.));
#2472 = PCURVE('',#621,#2473);
#2473 = DEFINITIONAL_REPRESENTATION('',(#2474),#2477);
#2474 = B_SPLINE_CURVE_WITH_KNOTS('',1,(#2475,#2476),.UNSPECIFIED.,.F.,
  .F.,(2,2),(2.5,12.5),.PIECEWISE_BEZIER_KNOTS.);
#2475 = CARTESIAN_POINT('',(5.,-6.));
#2476 = CARTESIAN_POINT('',(15.,-6.));
#2477 = ( GEOMETRIC_REPRESENTATION_CONTEXT(2) 
PARAMETRIC_REPRESENTATION_CONTEXT() REPRESENTATION_CONTEXT('2D SPACE',''
  ) );
#2478 = PCURVE('',#648,#2479);
#2479 = DEFINITIONAL_REPRESENTATION('',(#2480),#2483);
#2480 = B_SPLINE_CURVE_WITH_KNOTS('',1,(#2481,#2482),.UNSPECIFIED.,.F.,
  .F.,(2,2),(2.5,12.5),.PIECEWISE_BEZIER_KNOTS.);
#2481 = CARTESIAN_POINT('',(0.,1.));
#2482 = CARTESIAN_POINT('',(10.,1.));
#2483 = ( GEOMETRIC_REPRESENTATION_CONTEXT(2) 
PARAMETRIC_REPRESENTATION_CONTEXT() REPRESENTATION_CONTEXT('2D SPACE',''
  ) );
#2484 = ORIENTED_EDGE('',*,*,#2485,.F.);
#2485 = EDGE_CURVE('',#2486,#2465,#2488,.T.);
#2486 = VERTEX_POINT('',#2487);
#2487 = CARTESIAN_POINT('',(-12.52,-75.5,15.));
#2488 = SURFACE_CURVE('',#2489,(#2493,#2499),.PCURVE_S1.);
#2489 = LINE('',#2490,#2491);
#2490 = CARTESIAN_POINT('',(-12.52,-88.5,15.));
#2491 = VECTOR('',#2492,1.);
#2492 = DIRECTION('',(0.,-1.,0.));
#2493 = PCURVE('',#621,#2494);
#2494 = DEFINITIONAL_REPRESENTATION('',(#2495),#2498);
#2495 = B_SPLINE_CURVE_WITH_KNOTS('',1,(#2496,#2497),.UNSPECIFIED.,.F.,
  .F.,(2,2),(-13.,-3.),.PIECEWISE_BEZIER_KNOTS.);
#2496 = CARTESIAN_POINT('',(15.,-16.));
#2497 = CARTESIAN_POINT('',(15.,-6.));
#2498 = ( GEOMETRIC_REPRESENTATION_CONTEXT(2) 
PARAMETRIC_REPRESENTATION_CONTEXT() REPRESENTATION_CONTEXT('2D SPACE',''
  ) );
#2499 = PCURVE('',#2500,#2505);
#2500 = PLANE('',#2501);
#2501 = AXIS2_PLACEMENT_3D('',#2502,#2503,#2504);
#2502 = CARTESIAN_POINT('',(-13.52,-85.5,15.));
#2503 = DIRECTION('',(0.,0.,1.));
#2504 = DIRECTION('',(1.,0.,-0.));
#2505 = DEFINITIONAL_REPRESENTATION('',(#2506),#2509);
#2506 = B_SPLINE_CURVE_WITH_KNOTS('',1,(#2507,#2508),.UNSPECIFIED.,.F.,
  .F.,(2,2),(-13.,-3.),.PIECEWISE_BEZIER_KNOTS.);
#2507 = CARTESIAN_POINT('',(1.,10.));
#2508 = CARTESIAN_POINT('',(1.,0.));
#2509 = ( GEOMETRIC_REPRESENTATION_CONTEXT(2) 
PARAMETRIC_REPRESENTATION_CONTEXT() REPRESENTATION_CONTEXT('2D SPACE',''
  ) );
#2510 = ORIENTED_EDGE('',*,*,#2511,.F.);
#2511 = EDGE_CURVE('',#958,#2486,#2512,.T.);
#2512 = SURFACE_CURVE('',#2513,(#2517,#2523),.PCURVE_S1.);
#2513 = LINE('',#2514,#2515);
#2514 = CARTESIAN_POINT('',(-12.52,-75.5,2.5));
#2515 = VECTOR('',#2516,1.);
#2516 = DIRECTION('',(0.,0.,1.));
#2517 = PCURVE('',#621,#2518);
#2518 = DEFINITIONAL_REPRESENTATION('',(#2519),#2522);
#2519 = B_SPLINE_CURVE_WITH_KNOTS('',1,(#2520,#2521),.UNSPECIFIED.,.F.,
  .F.,(2,2),(2.5,12.5),.PIECEWISE_BEZIER_KNOTS.);
#2520 = CARTESIAN_POINT('',(5.,-16.));
#2521 = CARTESIAN_POINT('',(15.,-16.));
#2522 = ( GEOMETRIC_REPRESENTATION_CONTEXT(2) 
PARAMETRIC_REPRESENTATION_CONTEXT() REPRESENTATION_CONTEXT('2D SPACE',''
  ) );
#2523 = PCURVE('',#973,#2524);
#2524 = DEFINITIONAL_REPRESENTATION('',(#2525),#2528);
#2525 = B_SPLINE_CURVE_WITH_KNOTS('',1,(#2526,#2527),.UNSPECIFIED.,.F.,
  .F.,(2,2),(2.5,12.5),.PIECEWISE_BEZIER_KNOTS.);
#2526 = CARTESIAN_POINT('',(0.,1.));
#2527 = CARTESIAN_POINT('',(10.,1.));
#2528 = ( GEOMETRIC_REPRESENTATION_CONTEXT(2) 
PARAMETRIC_REPRESENTATION_CONTEXT() REPRESENTATION_CONTEXT('2D SPACE',''
  ) );
#2529 = ORIENTED_EDGE('',*,*,#985,.T.);
#2530 = ORIENTED_EDGE('',*,*,#2086,.T.);
#2531 = ORIENTED_EDGE('',*,*,#2532,.F.);
#2532 = EDGE_CURVE('',#1861,#2087,#2533,.T.);
#2533 = SURFACE_CURVE('',#2534,(#2538,#2545),.PCURVE_S1.);
#2534 = LINE('',#2535,#2536);
#2535 = CARTESIAN_POINT('',(-12.52,-91.5,65.));
#2536 = VECTOR('',#2537,1.);
#2537 = DIRECTION('',(-0.,1.,0.));
#2538 = PCURVE('',#621,#2539);
#2539 = DEFINITIONAL_REPRESENTATION('',(#2540),#2544);
#2540 = LINE('',#2541,#2542);
#2541 = CARTESIAN_POINT('',(65.,0.));
#2542 = VECTOR('',#2543,1.);
#2543 = DIRECTION('',(0.,-1.));
#2544 = ( GEOMETRIC_REPRESENTATION_CONTEXT(2) 
PARAMETRIC_REPRESENTATION_CONTEXT() REPRESENTATION_CONTEXT('2D SPACE',''
  ) );
#2545 = PCURVE('',#2546,#2551);
#2546 = B_SPLINE_SURFACE_WITH_KNOTS('',1,1,(
    (#2547,#2548)
    ,(#2549,#2550
    )),.UNSPECIFIED.,.F.,.F.,.F.,(2,2),(2,2),(-27.8,27.8),(0.,1.),
  .PIECEWISE_BEZIER_KNOTS.);
#2547 = CARTESIAN_POINT('',(-12.52,-61.5,65.));
#2548 = CARTESIAN_POINT('',(-25.32,-48.7,77.8));
#2549 = CARTESIAN_POINT('',(-12.52,-91.5,65.));
#2550 = CARTESIAN_POINT('',(-25.32,-104.3,77.8));
#2551 = DEFINITIONAL_REPRESENTATION('',(#2552),#2555);
#2552 = B_SPLINE_CURVE_WITH_KNOTS('',1,(#2553,#2554),.UNSPECIFIED.,.F.,
  .F.,(2,2),(0.,30.),.PIECEWISE_BEZIER_KNOTS.);
#2553 = CARTESIAN_POINT('',(27.8,0.));
#2554 = CARTESIAN_POINT('',(-27.8,0.));
#2555 = ( GEOMETRIC_REPRESENTATION_CONTEXT(2) 
PARAMETRIC_REPRESENTATION_CONTEXT() REPRESENTATION_CONTEXT('2D SPACE',''
  ) );
#2556 = ADVANCED_FACE('',(#2557),#973,.F.);
#2557 = FACE_BOUND('',#2558,.F.);
#2558 = EDGE_LOOP('',(#2559,#2560,#2561,#2584));
#2559 = ORIENTED_EDGE('',*,*,#957,.F.);
#2560 = ORIENTED_EDGE('',*,*,#2511,.T.);
#2561 = ORIENTED_EDGE('',*,*,#2562,.T.);
#2562 = EDGE_CURVE('',#2486,#2563,#2565,.T.);
#2563 = VERTEX_POINT('',#2564);
#2564 = CARTESIAN_POINT('',(-10.12,-75.5,15.));
#2565 = SURFACE_CURVE('',#2566,(#2570,#2577),.PCURVE_S1.);
#2566 = LINE('',#2567,#2568);
#2567 = CARTESIAN_POINT('',(-13.52,-75.5,15.));
#2568 = VECTOR('',#2569,1.);
#2569 = DIRECTION('',(1.,0.,-0.));
#2570 = PCURVE('',#973,#2571);
#2571 = DEFINITIONAL_REPRESENTATION('',(#2572),#2576);
#2572 = LINE('',#2573,#2574);
#2573 = CARTESIAN_POINT('',(10.,0.));
#2574 = VECTOR('',#2575,1.);
#2575 = DIRECTION('',(0.,1.));
#2576 = ( GEOMETRIC_REPRESENTATION_CONTEXT(2) 
PARAMETRIC_REPRESENTATION_CONTEXT() REPRESENTATION_CONTEXT('2D SPACE',''
  ) );
#2577 = PCURVE('',#2500,#2578);
#2578 = DEFINITIONAL_REPRESENTATION('',(#2579),#2583);
#2579 = LINE('',#2580,#2581);
#2580 = CARTESIAN_POINT('',(0.,10.));
#2581 = VECTOR('',#2582,1.);
#2582 = DIRECTION('',(1.,0.));
#2583 = ( GEOMETRIC_REPRESENTATION_CONTEXT(2) 
PARAMETRIC_REPRESENTATION_CONTEXT() REPRESENTATION_CONTEXT('2D SPACE',''
  ) );
#2584 = ORIENTED_EDGE('',*,*,#2585,.F.);
#2585 = EDGE_CURVE('',#935,#2563,#2586,.T.);
#2586 = SURFACE_CURVE('',#2587,(#2591,#2597),.PCURVE_S1.);
#2587 = LINE('',#2588,#2589);
#2588 = CARTESIAN_POINT('',(-10.12,-75.5,5.));
#2589 = VECTOR('',#2590,1.);
#2590 = DIRECTION('',(0.,0.,1.));
#2591 = PCURVE('',#973,#2592);
#2592 = DEFINITIONAL_REPRESENTATION('',(#2593),#2596);
#2593 = B_SPLINE_CURVE_WITH_KNOTS('',1,(#2594,#2595),.UNSPECIFIED.,.F.,
  .F.,(2,2),(0.,10.),.PIECEWISE_BEZIER_KNOTS.);
#2594 = CARTESIAN_POINT('',(0.,3.4));
#2595 = CARTESIAN_POINT('',(10.,3.4));
#2596 = ( GEOMETRIC_REPRESENTATION_CONTEXT(2) 
PARAMETRIC_REPRESENTATION_CONTEXT() REPRESENTATION_CONTEXT('2D SPACE',''
  ) );
#2597 = PCURVE('',#676,#2598);
#2598 = DEFINITIONAL_REPRESENTATION('',(#2599),#2602);
#2599 = B_SPLINE_CURVE_WITH_KNOTS('',1,(#2600,#2601),.UNSPECIFIED.,.F.,
  .F.,(2,2),(0.,10.),.PIECEWISE_BEZIER_KNOTS.);
#2600 = CARTESIAN_POINT('',(0.,-13.6));
#2601 = CARTESIAN_POINT('',(10.,-13.6));
#2602 = ( GEOMETRIC_REPRESENTATION_CONTEXT(2) 
PARAMETRIC_REPRESENTATION_CONTEXT() REPRESENTATION_CONTEXT('2D SPACE',''
  ) );
#2603 = ADVANCED_FACE('',(#2604),#676,.T.);
#2604 = FACE_BOUND('',#2605,.T.);
#2605 = EDGE_LOOP('',(#2606,#2629,#2630,#2651,#2670,#2671,#2672,#2695));
#2606 = ORIENTED_EDGE('',*,*,#2607,.F.);
#2607 = EDGE_CURVE('',#661,#2608,#2610,.T.);
#2608 = VERTEX_POINT('',#2609);
#2609 = CARTESIAN_POINT('',(-10.12,-89.1,65.));
#2610 = SURFACE_CURVE('',#2611,(#2615,#2622),.PCURVE_S1.);
#2611 = LINE('',#2612,#2613);
#2612 = CARTESIAN_POINT('',(-10.12,-89.1,5.));
#2613 = VECTOR('',#2614,1.);
#2614 = DIRECTION('',(0.,0.,1.));
#2615 = PCURVE('',#676,#2616);
#2616 = DEFINITIONAL_REPRESENTATION('',(#2617),#2621);
#2617 = LINE('',#2618,#2619);
#2618 = CARTESIAN_POINT('',(0.,0.));
#2619 = VECTOR('',#2620,1.);
#2620 = DIRECTION('',(1.,0.));
#2621 = ( GEOMETRIC_REPRESENTATION_CONTEXT(2) 
PARAMETRIC_REPRESENTATION_CONTEXT() REPRESENTATION_CONTEXT('2D SPACE',''
  ) );
#2622 = PCURVE('',#704,#2623);
#2623 = DEFINITIONAL_REPRESENTATION('',(#2624),#2628);
#2624 = LINE('',#2625,#2626);
#2625 = CARTESIAN_POINT('',(0.,0.));
#2626 = VECTOR('',#2627,1.);
#2627 = DIRECTION('',(1.,0.));
#2628 = ( GEOMETRIC_REPRESENTATION_CONTEXT(2) 
PARAMETRIC_REPRESENTATION_CONTEXT() REPRESENTATION_CONTEXT('2D SPACE',''
  ) );
#2629 = ORIENTED_EDGE('',*,*,#660,.T.);
#2630 = ORIENTED_EDGE('',*,*,#2631,.T.);
#2631 = EDGE_CURVE('',#633,#2632,#2634,.T.);
#2632 = VERTEX_POINT('',#2633);
#2633 = CARTESIAN_POINT('',(-10.12,-85.5,15.));
#2634 = SURFACE_CURVE('',#2635,(#2639,#2645),.PCURVE_S1.);
#2635 = LINE('',#2636,#2637);
#2636 = CARTESIAN_POINT('',(-10.12,-85.5,5.));
#2637 = VECTOR('',#2638,1.);
#2638 = DIRECTION('',(0.,0.,1.));
#2639 = PCURVE('',#676,#2640);
#2640 = DEFINITIONAL_REPRESENTATION('',(#2641),#2644);
#2641 = B_SPLINE_CURVE_WITH_KNOTS('',1,(#2642,#2643),.UNSPECIFIED.,.F.,
  .F.,(2,2),(0.,10.),.PIECEWISE_BEZIER_KNOTS.);
#2642 = CARTESIAN_POINT('',(0.,-3.6));
#2643 = CARTESIAN_POINT('',(10.,-3.6));
#2644 = ( GEOMETRIC_REPRESENTATION_CONTEXT(2) 
PARAMETRIC_REPRESENTATION_CONTEXT() REPRESENTATION_CONTEXT('2D SPACE',''
  ) );
#2645 = PCURVE('',#648,#2646);
#2646 = DEFINITIONAL_REPRESENTATION('',(#2647),#2650);
#2647 = B_SPLINE_CURVE_WITH_KNOTS('',1,(#2648,#2649),.UNSPECIFIED.,.F.,
  .F.,(2,2),(0.,10.),.PIECEWISE_BEZIER_KNOTS.);
#2648 = CARTESIAN_POINT('',(0.,3.4));
#2649 = CARTESIAN_POINT('',(10.,3.4));
#2650 = ( GEOMETRIC_REPRESENTATION_CONTEXT(2) 
PARAMETRIC_REPRESENTATION_CONTEXT() REPRESENTATION_CONTEXT('2D SPACE',''
  ) );
#2651 = ORIENTED_EDGE('',*,*,#2652,.F.);
#2652 = EDGE_CURVE('',#2563,#2632,#2653,.T.);
#2653 = SURFACE_CURVE('',#2654,(#2658,#2664),.PCURVE_S1.);
#2654 = LINE('',#2655,#2656);
#2655 = CARTESIAN_POINT('',(-10.12,-87.3,15.));
#2656 = VECTOR('',#2657,1.);
#2657 = DIRECTION('',(0.,-1.,0.));
#2658 = PCURVE('',#676,#2659);
#2659 = DEFINITIONAL_REPRESENTATION('',(#2660),#2663);
#2660 = B_SPLINE_CURVE_WITH_KNOTS('',1,(#2661,#2662),.UNSPECIFIED.,.F.,
  .F.,(2,2),(-11.8,-1.8),.PIECEWISE_BEZIER_KNOTS.);
#2661 = CARTESIAN_POINT('',(10.,-13.6));
#2662 = CARTESIAN_POINT('',(10.,-3.6));
#2663 = ( GEOMETRIC_REPRESENTATION_CONTEXT(2) 
PARAMETRIC_REPRESENTATION_CONTEXT() REPRESENTATION_CONTEXT('2D SPACE',''
  ) );
#2664 = PCURVE('',#2500,#2665);
#2665 = DEFINITIONAL_REPRESENTATION('',(#2666),#2669);
#2666 = B_SPLINE_CURVE_WITH_KNOTS('',1,(#2667,#2668),.UNSPECIFIED.,.F.,
  .F.,(2,2),(-11.8,-1.8),.PIECEWISE_BEZIER_KNOTS.);
#2667 = CARTESIAN_POINT('',(3.4,10.));
#2668 = CARTESIAN_POINT('',(3.4,0.));
#2669 = ( GEOMETRIC_REPRESENTATION_CONTEXT(2) 
PARAMETRIC_REPRESENTATION_CONTEXT() REPRESENTATION_CONTEXT('2D SPACE',''
  ) );
#2670 = ORIENTED_EDGE('',*,*,#2585,.F.);
#2671 = ORIENTED_EDGE('',*,*,#934,.T.);
#2672 = ORIENTED_EDGE('',*,*,#2673,.F.);
#2673 = EDGE_CURVE('',#2674,#912,#2676,.T.);
#2674 = VERTEX_POINT('',#2675);
#2675 = CARTESIAN_POINT('',(-10.12,-63.9,65.));
#2676 = SURFACE_CURVE('',#2677,(#2681,#2688),.PCURVE_S1.);
#2677 = LINE('',#2678,#2679);
#2678 = CARTESIAN_POINT('',(-10.12,-63.9,65.));
#2679 = VECTOR('',#2680,1.);
#2680 = DIRECTION('',(0.,0.,-1.));
#2681 = PCURVE('',#676,#2682);
#2682 = DEFINITIONAL_REPRESENTATION('',(#2683),#2687);
#2683 = LINE('',#2684,#2685);
#2684 = CARTESIAN_POINT('',(60.,-25.2));
#2685 = VECTOR('',#2686,1.);
#2686 = DIRECTION('',(-1.,0.));
#2687 = ( GEOMETRIC_REPRESENTATION_CONTEXT(2) 
PARAMETRIC_REPRESENTATION_CONTEXT() REPRESENTATION_CONTEXT('2D SPACE',''
  ) );
#2688 = PCURVE('',#870,#2689);
#2689 = DEFINITIONAL_REPRESENTATION('',(#2690),#2694);
#2690 = LINE('',#2691,#2692);
#2691 = CARTESIAN_POINT('',(60.,0.));
#2692 = VECTOR('',#2693,1.);
#2693 = DIRECTION('',(-1.,0.));
#2694 = ( GEOMETRIC_REPRESENTATION_CONTEXT(2) 
PARAMETRIC_REPRESENTATION_CONTEXT() REPRESENTATION_CONTEXT('2D SPACE',''
  ) );
#2695 = ORIENTED_EDGE('',*,*,#2696,.F.);
#2696 = EDGE_CURVE('',#2608,#2674,#2697,.T.);
#2697 = SURFACE_CURVE('',#2698,(#2702,#2709),.PCURVE_S1.);
#2698 = LINE('',#2699,#2700);
#2699 = CARTESIAN_POINT('',(-10.12,-89.1,65.));
#2700 = VECTOR('',#2701,1.);
#2701 = DIRECTION('',(-0.,1.,0.));
#2702 = PCURVE('',#676,#2703);
#2703 = DEFINITIONAL_REPRESENTATION('',(#2704),#2708);
#2704 = LINE('',#2705,#2706);
#2705 = CARTESIAN_POINT('',(60.,0.));
#2706 = VECTOR('',#2707,1.);
#2707 = DIRECTION('',(0.,-1.));
#2708 = ( GEOMETRIC_REPRESENTATION_CONTEXT(2) 
PARAMETRIC_REPRESENTATION_CONTEXT() REPRESENTATION_CONTEXT('2D SPACE',''
  ) );
#2709 = PCURVE('',#2710,#2715);
#2710 = PLANE('',#2711);
#2711 = AXIS2_PLACEMENT_3D('',#2712,#2713,#2714);
#2712 = CARTESIAN_POINT('',(-10.12,-89.1,65.));
#2713 = DIRECTION('',(0.,0.,1.));
#2714 = DIRECTION('',(1.,0.,-0.));
#2715 = DEFINITIONAL_REPRESENTATION('',(#2716),#2720);
#2716 = LINE('',#2717,#2718);
#2717 = CARTESIAN_POINT('',(0.,0.));
#2718 = VECTOR('',#2719,1.);
#2719 = DIRECTION('',(0.,1.));
#2720 = ( GEOMETRIC_REPRESENTATION_CONTEXT(2) 
PARAMETRIC_REPRESENTATION_CONTEXT() REPRESENTATION_CONTEXT('2D SPACE',''
  ) );
#2721 = ADVANCED_FACE('',(#2722),#648,.T.);
#2722 = FACE_BOUND('',#2723,.T.);
#2723 = EDGE_LOOP('',(#2724,#2725,#2726,#2747));
#2724 = ORIENTED_EDGE('',*,*,#632,.F.);
#2725 = ORIENTED_EDGE('',*,*,#2464,.T.);
#2726 = ORIENTED_EDGE('',*,*,#2727,.T.);
#2727 = EDGE_CURVE('',#2465,#2632,#2728,.T.);
#2728 = SURFACE_CURVE('',#2729,(#2733,#2740),.PCURVE_S1.);
#2729 = LINE('',#2730,#2731);
#2730 = CARTESIAN_POINT('',(-13.52,-85.5,15.));
#2731 = VECTOR('',#2732,1.);
#2732 = DIRECTION('',(1.,0.,-0.));
#2733 = PCURVE('',#648,#2734);
#2734 = DEFINITIONAL_REPRESENTATION('',(#2735),#2739);
#2735 = LINE('',#2736,#2737);
#2736 = CARTESIAN_POINT('',(10.,0.));
#2737 = VECTOR('',#2738,1.);
#2738 = DIRECTION('',(0.,1.));
#2739 = ( GEOMETRIC_REPRESENTATION_CONTEXT(2) 
PARAMETRIC_REPRESENTATION_CONTEXT() REPRESENTATION_CONTEXT('2D SPACE',''
  ) );
#2740 = PCURVE('',#2500,#2741);
#2741 = DEFINITIONAL_REPRESENTATION('',(#2742),#2746);
#2742 = LINE('',#2743,#2744);
#2743 = CARTESIAN_POINT('',(0.,0.));
#2744 = VECTOR('',#2745,1.);
#2745 = DIRECTION('',(1.,0.));
#2746 = ( GEOMETRIC_REPRESENTATION_CONTEXT(2) 
PARAMETRIC_REPRESENTATION_CONTEXT() REPRESENTATION_CONTEXT('2D SPACE',''
  ) );
#2747 = ORIENTED_EDGE('',*,*,#2631,.F.);
#2748 = ADVANCED_FACE('',(#2749),#870,.F.);
#2749 = FACE_BOUND('',#2750,.F.);
#2750 = EDGE_LOOP('',(#2751,#2752,#2753,#2776,#2799,#2825,#2851,#2877,
    #2896,#2897,#2918,#2944));
#2751 = ORIENTED_EDGE('',*,*,#911,.F.);
#2752 = ORIENTED_EDGE('',*,*,#2673,.F.);
#2753 = ORIENTED_EDGE('',*,*,#2754,.T.);
#2754 = EDGE_CURVE('',#2674,#2755,#2757,.T.);
#2755 = VERTEX_POINT('',#2756);
#2756 = CARTESIAN_POINT('',(15.08,-63.9,65.));
#2757 = SURFACE_CURVE('',#2758,(#2762,#2769),.PCURVE_S1.);
#2758 = LINE('',#2759,#2760);
#2759 = CARTESIAN_POINT('',(-10.12,-63.9,65.));
#2760 = VECTOR('',#2761,1.);
#2761 = DIRECTION('',(1.,0.,-0.));
#2762 = PCURVE('',#870,#2763);
#2763 = DEFINITIONAL_REPRESENTATION('',(#2764),#2768);
#2764 = LINE('',#2765,#2766);
#2765 = CARTESIAN_POINT('',(60.,0.));
#2766 = VECTOR('',#2767,1.);
#2767 = DIRECTION('',(0.,1.));
#2768 = ( GEOMETRIC_REPRESENTATION_CONTEXT(2) 
PARAMETRIC_REPRESENTATION_CONTEXT() REPRESENTATION_CONTEXT('2D SPACE',''
  ) );
#2769 = PCURVE('',#2710,#2770);
#2770 = DEFINITIONAL_REPRESENTATION('',(#2771),#2775);
#2771 = LINE('',#2772,#2773);
#2772 = CARTESIAN_POINT('',(0.,25.2));
#2773 = VECTOR('',#2774,1.);
#2774 = DIRECTION('',(1.,0.));
#2775 = ( GEOMETRIC_REPRESENTATION_CONTEXT(2) 
PARAMETRIC_REPRESENTATION_CONTEXT() REPRESENTATION_CONTEXT('2D SPACE',''
  ) );
#2776 = ORIENTED_EDGE('',*,*,#2777,.T.);
#2777 = EDGE_CURVE('',#2755,#2778,#2780,.T.);
#2778 = VERTEX_POINT('',#2779);
#2779 = CARTESIAN_POINT('',(15.08,-63.9,31.));
#2780 = SURFACE_CURVE('',#2781,(#2785,#2792),.PCURVE_S1.);
#2781 = LINE('',#2782,#2783);
#2782 = CARTESIAN_POINT('',(15.08,-63.9,65.));
#2783 = VECTOR('',#2784,1.);
#2784 = DIRECTION('',(0.,0.,-1.));
#2785 = PCURVE('',#870,#2786);
#2786 = DEFINITIONAL_REPRESENTATION('',(#2787),#2791);
#2787 = LINE('',#2788,#2789);
#2788 = CARTESIAN_POINT('',(60.,25.2));
#2789 = VECTOR('',#2790,1.);
#2790 = DIRECTION('',(-1.,0.));
#2791 = ( GEOMETRIC_REPRESENTATION_CONTEXT(2) 
PARAMETRIC_REPRESENTATION_CONTEXT() REPRESENTATION_CONTEXT('2D SPACE',''
  ) );
#2792 = PCURVE('',#786,#2793);
#2793 = DEFINITIONAL_REPRESENTATION('',(#2794),#2798);
#2794 = LINE('',#2795,#2796);
#2795 = CARTESIAN_POINT('',(60.,-25.2));
#2796 = VECTOR('',#2797,1.);
#2797 = DIRECTION('',(-1.,0.));
#2798 = ( GEOMETRIC_REPRESENTATION_CONTEXT(2) 
PARAMETRIC_REPRESENTATION_CONTEXT() REPRESENTATION_CONTEXT('2D SPACE',''
  ) );
#2799 = ORIENTED_EDGE('',*,*,#2800,.F.);
#2800 = EDGE_CURVE('',#2801,#2778,#2803,.T.);
#2801 = VERTEX_POINT('',#2802);
#2802 = CARTESIAN_POINT('',(10.48,-63.9,31.));
#2803 = SURFACE_CURVE('',#2804,(#2808,#2814),.PCURVE_S1.);
#2804 = LINE('',#2805,#2806);
#2805 = CARTESIAN_POINT('',(0.18,-63.9,31.));
#2806 = VECTOR('',#2807,1.);
#2807 = DIRECTION('',(1.,0.,-0.));
#2808 = PCURVE('',#870,#2809);
#2809 = DEFINITIONAL_REPRESENTATION('',(#2810),#2813);
#2810 = B_SPLINE_CURVE_WITH_KNOTS('',1,(#2811,#2812),.UNSPECIFIED.,.F.,
  .F.,(2,2),(10.3,14.9),.PIECEWISE_BEZIER_KNOTS.);
#2811 = CARTESIAN_POINT('',(26.,20.6));
#2812 = CARTESIAN_POINT('',(26.,25.2));
#2813 = ( GEOMETRIC_REPRESENTATION_CONTEXT(2) 
PARAMETRIC_REPRESENTATION_CONTEXT() REPRESENTATION_CONTEXT('2D SPACE',''
  ) );
#2814 = PCURVE('',#2815,#2820);
#2815 = PLANE('',#2816);
#2816 = AXIS2_PLACEMENT_3D('',#2817,#2818,#2819);
#2817 = CARTESIAN_POINT('',(10.48,-69.,31.));
#2818 = DIRECTION('',(0.,0.,1.));
#2819 = DIRECTION('',(1.,0.,-0.));
#2820 = DEFINITIONAL_REPRESENTATION('',(#2821),#2824);
#2821 = B_SPLINE_CURVE_WITH_KNOTS('',1,(#2822,#2823),.UNSPECIFIED.,.F.,
  .F.,(2,2),(10.3,14.9),.PIECEWISE_BEZIER_KNOTS.);
#2822 = CARTESIAN_POINT('',(0.,5.1));
#2823 = CARTESIAN_POINT('',(4.6,5.1));
#2824 = ( GEOMETRIC_REPRESENTATION_CONTEXT(2) 
PARAMETRIC_REPRESENTATION_CONTEXT() REPRESENTATION_CONTEXT('2D SPACE',''
  ) );
#2825 = ORIENTED_EDGE('',*,*,#2826,.T.);
#2826 = EDGE_CURVE('',#2801,#2827,#2829,.T.);
#2827 = VERTEX_POINT('',#2828);
#2828 = CARTESIAN_POINT('',(10.48,-63.9,12.));
#2829 = SURFACE_CURVE('',#2830,(#2834,#2840),.PCURVE_S1.);
#2830 = LINE('',#2831,#2832);
#2831 = CARTESIAN_POINT('',(10.48,-63.9,2.5));
#2832 = VECTOR('',#2833,1.);
#2833 = DIRECTION('',(-0.,0.,-1.));
#2834 = PCURVE('',#870,#2835);
#2835 = DEFINITIONAL_REPRESENTATION('',(#2836),#2839);
#2836 = B_SPLINE_CURVE_WITH_KNOTS('',1,(#2837,#2838),.UNSPECIFIED.,.F.,
  .F.,(2,2),(-28.5,-2.5),.PIECEWISE_BEZIER_KNOTS.);
#2837 = CARTESIAN_POINT('',(26.,20.6));
#2838 = CARTESIAN_POINT('',(0.,20.6));
#2839 = ( GEOMETRIC_REPRESENTATION_CONTEXT(2) 
PARAMETRIC_REPRESENTATION_CONTEXT() REPRESENTATION_CONTEXT('2D SPACE',''
  ) );
#2840 = PCURVE('',#2841,#2846);
#2841 = PLANE('',#2842);
#2842 = AXIS2_PLACEMENT_3D('',#2843,#2844,#2845);
#2843 = CARTESIAN_POINT('',(10.48,-69.,0.));
#2844 = DIRECTION('',(1.,0.,-0.));
#2845 = DIRECTION('',(0.,0.,1.));
#2846 = DEFINITIONAL_REPRESENTATION('',(#2847),#2850);
#2847 = B_SPLINE_CURVE_WITH_KNOTS('',1,(#2848,#2849),.UNSPECIFIED.,.F.,
  .F.,(2,2),(-28.5,-2.5),.PIECEWISE_BEZIER_KNOTS.);
#2848 = CARTESIAN_POINT('',(31.,-5.1));
#2849 = CARTESIAN_POINT('',(5.,-5.1));
#2850 = ( GEOMETRIC_REPRESENTATION_CONTEXT(2) 
PARAMETRIC_REPRESENTATION_CONTEXT() REPRESENTATION_CONTEXT('2D SPACE',''
  ) );
#2851 = ORIENTED_EDGE('',*,*,#2852,.F.);
#2852 = EDGE_CURVE('',#2853,#2827,#2855,.T.);
#2853 = VERTEX_POINT('',#2854);
#2854 = CARTESIAN_POINT('',(7.280441730588,-63.9,12.));
#2855 = SURFACE_CURVE('',#2856,(#2860,#2866),.PCURVE_S1.);
#2856 = LINE('',#2857,#2858);
#2857 = CARTESIAN_POINT('',(-5.E-03,-63.9,12.));
#2858 = VECTOR('',#2859,1.);
#2859 = DIRECTION('',(1.,0.,-0.));
#2860 = PCURVE('',#870,#2861);
#2861 = DEFINITIONAL_REPRESENTATION('',(#2862),#2865);
#2862 = B_SPLINE_CURVE_WITH_KNOTS('',1,(#2863,#2864),.UNSPECIFIED.,.F.,
  .F.,(2,2),(6.615,13.615),.PIECEWISE_BEZIER_KNOTS.);
#2863 = CARTESIAN_POINT('',(7.,16.73));
#2864 = CARTESIAN_POINT('',(7.,23.73));
#2865 = ( GEOMETRIC_REPRESENTATION_CONTEXT(2) 
PARAMETRIC_REPRESENTATION_CONTEXT() REPRESENTATION_CONTEXT('2D SPACE',''
  ) );
#2866 = PCURVE('',#2867,#2872);
#2867 = PLANE('',#2868);
#2868 = AXIS2_PLACEMENT_3D('',#2869,#2870,#2871);
#2869 = CARTESIAN_POINT('',(10.11,-65.96,12.));
#2870 = DIRECTION('',(0.,0.,1.));
#2871 = DIRECTION('',(1.,0.,-0.));
#2872 = DEFINITIONAL_REPRESENTATION('',(#2873),#2876);
#2873 = B_SPLINE_CURVE_WITH_KNOTS('',1,(#2874,#2875),.UNSPECIFIED.,.F.,
  .F.,(2,2),(6.615,13.615),.PIECEWISE_BEZIER_KNOTS.);
#2874 = CARTESIAN_POINT('',(-3.5,2.06));
#2875 = CARTESIAN_POINT('',(3.5,2.06));
#2876 = ( GEOMETRIC_REPRESENTATION_CONTEXT(2) 
PARAMETRIC_REPRESENTATION_CONTEXT() REPRESENTATION_CONTEXT('2D SPACE',''
  ) );
#2877 = ORIENTED_EDGE('',*,*,#2878,.F.);
#2878 = EDGE_CURVE('',#826,#2853,#2879,.T.);
#2879 = SURFACE_CURVE('',#2880,(#2884,#2890),.PCURVE_S1.);
#2880 = LINE('',#2881,#2882);
#2881 = CARTESIAN_POINT('',(7.280441730588,-63.9,0.));
#2882 = VECTOR('',#2883,1.);
#2883 = DIRECTION('',(0.,0.,1.));
#2884 = PCURVE('',#870,#2885);
#2885 = DEFINITIONAL_REPRESENTATION('',(#2886),#2889);
#2886 = B_SPLINE_CURVE_WITH_KNOTS('',1,(#2887,#2888),.UNSPECIFIED.,.F.,
  .F.,(2,2),(-6.E-07,12.0000006),.PIECEWISE_BEZIER_KNOTS.);
#2887 = CARTESIAN_POINT('',(-5.0000006,17.400441730588));
#2888 = CARTESIAN_POINT('',(7.0000006,17.400441730588));
#2889 = ( GEOMETRIC_REPRESENTATION_CONTEXT(2) 
PARAMETRIC_REPRESENTATION_CONTEXT() REPRESENTATION_CONTEXT('2D SPACE',''
  ) );
#2890 = PCURVE('',#842,#2891);
#2891 = DEFINITIONAL_REPRESENTATION('',(#2892),#2895);
#2892 = B_SPLINE_CURVE_WITH_KNOTS('',1,(#2893,#2894),.UNSPECIFIED.,.F.,
  .F.,(2,2),(-6.E-07,12.0000006),.PIECEWISE_BEZIER_KNOTS.);
#2893 = CARTESIAN_POINT('',(2.512302012105,-6.E-07));
#2894 = CARTESIAN_POINT('',(2.512302012105,12.0000006));
#2895 = ( GEOMETRIC_REPRESENTATION_CONTEXT(2) 
PARAMETRIC_REPRESENTATION_CONTEXT() REPRESENTATION_CONTEXT('2D SPACE',''
  ) );
#2896 = ORIENTED_EDGE('',*,*,#854,.F.);
#2897 = ORIENTED_EDGE('',*,*,#2898,.T.);
#2898 = EDGE_CURVE('',#855,#2899,#2901,.T.);
#2899 = VERTEX_POINT('',#2900);
#2900 = CARTESIAN_POINT('',(-2.320441730588,-63.9,12.));
#2901 = SURFACE_CURVE('',#2902,(#2906,#2912),.PCURVE_S1.);
#2902 = LINE('',#2903,#2904);
#2903 = CARTESIAN_POINT('',(-2.320441730588,-63.9,0.));
#2904 = VECTOR('',#2905,1.);
#2905 = DIRECTION('',(0.,0.,1.));
#2906 = PCURVE('',#870,#2907);
#2907 = DEFINITIONAL_REPRESENTATION('',(#2908),#2911);
#2908 = B_SPLINE_CURVE_WITH_KNOTS('',1,(#2909,#2910),.UNSPECIFIED.,.F.,
  .F.,(2,2),(-6.E-07,12.0000006),.PIECEWISE_BEZIER_KNOTS.);
#2909 = CARTESIAN_POINT('',(-5.0000006,7.799558269412));
#2910 = CARTESIAN_POINT('',(7.0000006,7.799558269412));
#2911 = ( GEOMETRIC_REPRESENTATION_CONTEXT(2) 
PARAMETRIC_REPRESENTATION_CONTEXT() REPRESENTATION_CONTEXT('2D SPACE',''
  ) );
#2912 = PCURVE('',#899,#2913);
#2913 = DEFINITIONAL_REPRESENTATION('',(#2914),#2917);
#2914 = B_SPLINE_CURVE_WITH_KNOTS('',1,(#2915,#2916),.UNSPECIFIED.,.F.,
  .F.,(2,2),(5.,12.),.PIECEWISE_BEZIER_KNOTS.);
#2915 = CARTESIAN_POINT('',(6.912475948665,5.));
#2916 = CARTESIAN_POINT('',(6.912475948665,12.));
#2917 = ( GEOMETRIC_REPRESENTATION_CONTEXT(2) 
PARAMETRIC_REPRESENTATION_CONTEXT() REPRESENTATION_CONTEXT('2D SPACE',''
  ) );
#2918 = ORIENTED_EDGE('',*,*,#2919,.F.);
#2919 = EDGE_CURVE('',#2920,#2899,#2922,.T.);
#2920 = VERTEX_POINT('',#2921);
#2921 = CARTESIAN_POINT('',(-7.979558269412,-63.9,12.));
#2922 = SURFACE_CURVE('',#2923,(#2927,#2933),.PCURVE_S1.);
#2923 = LINE('',#2924,#2925);
#2924 = CARTESIAN_POINT('',(-7.635,-63.9,12.));
#2925 = VECTOR('',#2926,1.);
#2926 = DIRECTION('',(1.,0.,-0.));
#2927 = PCURVE('',#870,#2928);
#2928 = DEFINITIONAL_REPRESENTATION('',(#2929),#2932);
#2929 = B_SPLINE_CURVE_WITH_KNOTS('',1,(#2930,#2931),.UNSPECIFIED.,.F.,
  .F.,(2,2),(-1.015,5.985),.PIECEWISE_BEZIER_KNOTS.);
#2930 = CARTESIAN_POINT('',(7.,1.47));
#2931 = CARTESIAN_POINT('',(7.,8.47));
#2932 = ( GEOMETRIC_REPRESENTATION_CONTEXT(2) 
PARAMETRIC_REPRESENTATION_CONTEXT() REPRESENTATION_CONTEXT('2D SPACE',''
  ) );
#2933 = PCURVE('',#2934,#2939);
#2934 = PLANE('',#2935);
#2935 = AXIS2_PLACEMENT_3D('',#2936,#2937,#2938);
#2936 = CARTESIAN_POINT('',(-5.15,-65.96,12.));
#2937 = DIRECTION('',(0.,0.,1.));
#2938 = DIRECTION('',(1.,0.,-0.));
#2939 = DEFINITIONAL_REPRESENTATION('',(#2940),#2943);
#2940 = B_SPLINE_CURVE_WITH_KNOTS('',1,(#2941,#2942),.UNSPECIFIED.,.F.,
  .F.,(2,2),(-1.015,5.985),.PIECEWISE_BEZIER_KNOTS.);
#2941 = CARTESIAN_POINT('',(-3.5,2.06));
#2942 = CARTESIAN_POINT('',(3.5,2.06));
#2943 = ( GEOMETRIC_REPRESENTATION_CONTEXT(2) 
PARAMETRIC_REPRESENTATION_CONTEXT() REPRESENTATION_CONTEXT('2D SPACE',''
  ) );
#2944 = ORIENTED_EDGE('',*,*,#2945,.F.);
#2945 = EDGE_CURVE('',#883,#2920,#2946,.T.);
#2946 = SURFACE_CURVE('',#2947,(#2951,#2957),.PCURVE_S1.);
#2947 = LINE('',#2948,#2949);
#2948 = CARTESIAN_POINT('',(-7.979558269412,-63.9,0.));
#2949 = VECTOR('',#2950,1.);
#2950 = DIRECTION('',(0.,0.,1.));
#2951 = PCURVE('',#870,#2952);
#2952 = DEFINITIONAL_REPRESENTATION('',(#2953),#2956);
#2953 = B_SPLINE_CURVE_WITH_KNOTS('',1,(#2954,#2955),.UNSPECIFIED.,.F.,
  .F.,(2,2),(-6.E-07,12.0000006),.PIECEWISE_BEZIER_KNOTS.);
#2954 = CARTESIAN_POINT('',(-5.0000006,2.140441730588));
#2955 = CARTESIAN_POINT('',(7.0000006,2.140441730588));
#2956 = ( GEOMETRIC_REPRESENTATION_CONTEXT(2) 
PARAMETRIC_REPRESENTATION_CONTEXT() REPRESENTATION_CONTEXT('2D SPACE',''
  ) );
#2957 = PCURVE('',#899,#2958);
#2958 = DEFINITIONAL_REPRESENTATION('',(#2959),#2962);
#2959 = B_SPLINE_CURVE_WITH_KNOTS('',1,(#2960,#2961),.UNSPECIFIED.,.F.,
  .F.,(2,2),(5.,12.),.PIECEWISE_BEZIER_KNOTS.);
#2960 = CARTESIAN_POINT('',(2.512302012105,5.));
#2961 = CARTESIAN_POINT('',(2.512302012105,12.));
#2962 = ( GEOMETRIC_REPRESENTATION_CONTEXT(2) 
PARAMETRIC_REPRESENTATION_CONTEXT() REPRESENTATION_CONTEXT('2D SPACE',''
  ) );
#2963 = ADVANCED_FACE('',(#2964),#899,.T.);
#2964 = FACE_BOUND('',#2965,.T.);
#2965 = EDGE_LOOP('',(#2966,#2967,#2968,#2990));
#2966 = ORIENTED_EDGE('',*,*,#882,.T.);
#2967 = ORIENTED_EDGE('',*,*,#2898,.T.);
#2968 = ORIENTED_EDGE('',*,*,#2969,.F.);
#2969 = EDGE_CURVE('',#2920,#2899,#2970,.T.);
#2970 = SURFACE_CURVE('',#2971,(#2976,#2983),.PCURVE_S1.);
#2971 = CIRCLE('',#2972,3.5);
#2972 = AXIS2_PLACEMENT_3D('',#2973,#2974,#2975);
#2973 = CARTESIAN_POINT('',(-5.15,-65.96,12.));
#2974 = DIRECTION('',(0.,0.,1.));
#2975 = DIRECTION('',(-0.808445219832,0.588571428571,0.));
#2976 = PCURVE('',#899,#2977);
#2977 = DEFINITIONAL_REPRESENTATION('',(#2978),#2982);
#2978 = LINE('',#2979,#2980);
#2979 = CARTESIAN_POINT('',(2.512302012105,12.));
#2980 = VECTOR('',#2981,1.);
#2981 = DIRECTION('',(1.,0.));
#2982 = ( GEOMETRIC_REPRESENTATION_CONTEXT(2) 
PARAMETRIC_REPRESENTATION_CONTEXT() REPRESENTATION_CONTEXT('2D SPACE',''
  ) );
#2983 = PCURVE('',#2934,#2984);
#2984 = DEFINITIONAL_REPRESENTATION('',(#2985),#2989);
#2985 = CIRCLE('',#2986,3.5);
#2986 = AXIS2_PLACEMENT_2D('',#2987,#2988);
#2987 = CARTESIAN_POINT('',(0.,0.));
#2988 = DIRECTION('',(-0.808445219832,0.588571428571));
#2989 = ( GEOMETRIC_REPRESENTATION_CONTEXT(2) 
PARAMETRIC_REPRESENTATION_CONTEXT() REPRESENTATION_CONTEXT('2D SPACE',''
  ) );
#2990 = ORIENTED_EDGE('',*,*,#2945,.F.);
#2991 = ADVANCED_FACE('',(#2992,#3087),#704,.T.);
#2992 = FACE_BOUND('',#2993,.T.);
#2993 = EDGE_LOOP('',(#2994,#3019,#3045,#3064,#3065,#3066));
#2994 = ORIENTED_EDGE('',*,*,#2995,.F.);
#2995 = EDGE_CURVE('',#2996,#2998,#3000,.T.);
#2996 = VERTEX_POINT('',#2997);
#2997 = CARTESIAN_POINT('',(15.08,-89.1,31.));
#2998 = VERTEX_POINT('',#2999);
#2999 = CARTESIAN_POINT('',(15.08,-89.1,65.));
#3000 = SURFACE_CURVE('',#3001,(#3005,#3012),.PCURVE_S1.);
#3001 = LINE('',#3002,#3003);
#3002 = CARTESIAN_POINT('',(15.08,-89.1,5.));
#3003 = VECTOR('',#3004,1.);
#3004 = DIRECTION('',(0.,0.,1.));
#3005 = PCURVE('',#704,#3006);
#3006 = DEFINITIONAL_REPRESENTATION('',(#3007),#3011);
#3007 = LINE('',#3008,#3009);
#3008 = CARTESIAN_POINT('',(0.,25.2));
#3009 = VECTOR('',#3010,1.);
#3010 = DIRECTION('',(1.,0.));
#3011 = ( GEOMETRIC_REPRESENTATION_CONTEXT(2) 
PARAMETRIC_REPRESENTATION_CONTEXT() REPRESENTATION_CONTEXT('2D SPACE',''
  ) );
#3012 = PCURVE('',#786,#3013);
#3013 = DEFINITIONAL_REPRESENTATION('',(#3014),#3018);
#3014 = LINE('',#3015,#3016);
#3015 = CARTESIAN_POINT('',(0.,0.));
#3016 = VECTOR('',#3017,1.);
#3017 = DIRECTION('',(1.,0.));
#3018 = ( GEOMETRIC_REPRESENTATION_CONTEXT(2) 
PARAMETRIC_REPRESENTATION_CONTEXT() REPRESENTATION_CONTEXT('2D SPACE',''
  ) );
#3019 = ORIENTED_EDGE('',*,*,#3020,.F.);
#3020 = EDGE_CURVE('',#3021,#2996,#3023,.T.);
#3021 = VERTEX_POINT('',#3022);
#3022 = CARTESIAN_POINT('',(10.48,-89.1,31.));
#3023 = SURFACE_CURVE('',#3024,(#3028,#3034),.PCURVE_S1.);
#3024 = LINE('',#3025,#3026);
#3025 = CARTESIAN_POINT('',(0.18,-89.1,31.));
#3026 = VECTOR('',#3027,1.);
#3027 = DIRECTION('',(1.,0.,-0.));
#3028 = PCURVE('',#704,#3029);
#3029 = DEFINITIONAL_REPRESENTATION('',(#3030),#3033);
#3030 = B_SPLINE_CURVE_WITH_KNOTS('',1,(#3031,#3032),.UNSPECIFIED.,.F.,
  .F.,(2,2),(10.3,14.9),.PIECEWISE_BEZIER_KNOTS.);
#3031 = CARTESIAN_POINT('',(26.,20.6));
#3032 = CARTESIAN_POINT('',(26.,25.2));
#3033 = ( GEOMETRIC_REPRESENTATION_CONTEXT(2) 
PARAMETRIC_REPRESENTATION_CONTEXT() REPRESENTATION_CONTEXT('2D SPACE',''
  ) );
#3034 = PCURVE('',#3035,#3040);
#3035 = PLANE('',#3036);
#3036 = AXIS2_PLACEMENT_3D('',#3037,#3038,#3039);
#3037 = CARTESIAN_POINT('',(10.48,-93.,31.));
#3038 = DIRECTION('',(0.,0.,1.));
#3039 = DIRECTION('',(1.,0.,-0.));
#3040 = DEFINITIONAL_REPRESENTATION('',(#3041),#3044);
#3041 = B_SPLINE_CURVE_WITH_KNOTS('',1,(#3042,#3043),.UNSPECIFIED.,.F.,
  .F.,(2,2),(10.3,14.9),.PIECEWISE_BEZIER_KNOTS.);
#3042 = CARTESIAN_POINT('',(0.,3.9));
#3043 = CARTESIAN_POINT('',(4.6,3.9));
#3044 = ( GEOMETRIC_REPRESENTATION_CONTEXT(2) 
PARAMETRIC_REPRESENTATION_CONTEXT() REPRESENTATION_CONTEXT('2D SPACE',''
  ) );
#3045 = ORIENTED_EDGE('',*,*,#3046,.T.);
#3046 = EDGE_CURVE('',#3021,#689,#3047,.T.);
#3047 = SURFACE_CURVE('',#3048,(#3052,#3058),.PCURVE_S1.);
#3048 = LINE('',#3049,#3050);
#3049 = CARTESIAN_POINT('',(10.48,-89.1,2.5));
#3050 = VECTOR('',#3051,1.);
#3051 = DIRECTION('',(-0.,0.,-1.));
#3052 = PCURVE('',#704,#3053);
#3053 = DEFINITIONAL_REPRESENTATION('',(#3054),#3057);
#3054 = B_SPLINE_CURVE_WITH_KNOTS('',1,(#3055,#3056),.UNSPECIFIED.,.F.,
  .F.,(2,2),(-28.5,-2.5),.PIECEWISE_BEZIER_KNOTS.);
#3055 = CARTESIAN_POINT('',(26.,20.6));
#3056 = CARTESIAN_POINT('',(0.,20.6));
#3057 = ( GEOMETRIC_REPRESENTATION_CONTEXT(2) 
PARAMETRIC_REPRESENTATION_CONTEXT() REPRESENTATION_CONTEXT('2D SPACE',''
  ) );
#3058 = PCURVE('',#732,#3059);
#3059 = DEFINITIONAL_REPRESENTATION('',(#3060),#3063);
#3060 = B_SPLINE_CURVE_WITH_KNOTS('',1,(#3061,#3062),.UNSPECIFIED.,.F.,
  .F.,(2,2),(-28.5,-2.5),.PIECEWISE_BEZIER_KNOTS.);
#3061 = CARTESIAN_POINT('',(31.,-3.9));
#3062 = CARTESIAN_POINT('',(5.,-3.9));
#3063 = ( GEOMETRIC_REPRESENTATION_CONTEXT(2) 
PARAMETRIC_REPRESENTATION_CONTEXT() REPRESENTATION_CONTEXT('2D SPACE',''
  ) );
#3064 = ORIENTED_EDGE('',*,*,#688,.F.);
#3065 = ORIENTED_EDGE('',*,*,#2607,.T.);
#3066 = ORIENTED_EDGE('',*,*,#3067,.T.);
#3067 = EDGE_CURVE('',#2608,#2998,#3068,.T.);
#3068 = SURFACE_CURVE('',#3069,(#3073,#3080),.PCURVE_S1.);
#3069 = LINE('',#3070,#3071);
#3070 = CARTESIAN_POINT('',(-10.12,-89.1,65.));
#3071 = VECTOR('',#3072,1.);
#3072 = DIRECTION('',(1.,0.,-0.));
#3073 = PCURVE('',#704,#3074);
#3074 = DEFINITIONAL_REPRESENTATION('',(#3075),#3079);
#3075 = LINE('',#3076,#3077);
#3076 = CARTESIAN_POINT('',(60.,0.));
#3077 = VECTOR('',#3078,1.);
#3078 = DIRECTION('',(0.,1.));
#3079 = ( GEOMETRIC_REPRESENTATION_CONTEXT(2) 
PARAMETRIC_REPRESENTATION_CONTEXT() REPRESENTATION_CONTEXT('2D SPACE',''
  ) );
#3080 = PCURVE('',#2710,#3081);
#3081 = DEFINITIONAL_REPRESENTATION('',(#3082),#3086);
#3082 = LINE('',#3083,#3084);
#3083 = CARTESIAN_POINT('',(0.,0.));
#3084 = VECTOR('',#3085,1.);
#3085 = DIRECTION('',(1.,0.));
#3086 = ( GEOMETRIC_REPRESENTATION_CONTEXT(2) 
PARAMETRIC_REPRESENTATION_CONTEXT() REPRESENTATION_CONTEXT('2D SPACE',''
  ) );
#3087 = FACE_BOUND('',#3088,.T.);
#3088 = EDGE_LOOP('',(#3089,#3112,#3133,#3154));
#3089 = ORIENTED_EDGE('',*,*,#3090,.F.);
#3090 = EDGE_CURVE('',#3091,#3093,#3095,.T.);
#3091 = VERTEX_POINT('',#3092);
#3092 = CARTESIAN_POINT('',(-2.52,-89.1,63.));
#3093 = VERTEX_POINT('',#3094);
#3094 = CARTESIAN_POINT('',(7.48,-89.1,63.));
#3095 = SURFACE_CURVE('',#3096,(#3100,#3106),.PCURVE_S1.);
#3096 = LINE('',#3097,#3098);
#3097 = CARTESIAN_POINT('',(-6.32,-89.1,63.));
#3098 = VECTOR('',#3099,1.);
#3099 = DIRECTION('',(1.,0.,-0.));
#3100 = PCURVE('',#704,#3101);
#3101 = DEFINITIONAL_REPRESENTATION('',(#3102),#3105);
#3102 = B_SPLINE_CURVE_WITH_KNOTS('',1,(#3103,#3104),.UNSPECIFIED.,.F.,
  .F.,(2,2),(3.8,13.8),.PIECEWISE_BEZIER_KNOTS.);
#3103 = CARTESIAN_POINT('',(58.,7.6));
#3104 = CARTESIAN_POINT('',(58.,17.6));
#3105 = ( GEOMETRIC_REPRESENTATION_CONTEXT(2) 
PARAMETRIC_REPRESENTATION_CONTEXT() REPRESENTATION_CONTEXT('2D SPACE',''
  ) );
#3106 = PCURVE('',#1927,#3107);
#3107 = DEFINITIONAL_REPRESENTATION('',(#3108),#3111);
#3108 = B_SPLINE_CURVE_WITH_KNOTS('',1,(#3109,#3110),.UNSPECIFIED.,.F.,
  .F.,(2,2),(3.8,13.8),.PIECEWISE_BEZIER_KNOTS.);
#3109 = CARTESIAN_POINT('',(0.,3.4));
#3110 = CARTESIAN_POINT('',(10.,3.4));
#3111 = ( GEOMETRIC_REPRESENTATION_CONTEXT(2) 
PARAMETRIC_REPRESENTATION_CONTEXT() REPRESENTATION_CONTEXT('2D SPACE',''
  ) );
#3112 = ORIENTED_EDGE('',*,*,#3113,.T.);
#3113 = EDGE_CURVE('',#3091,#3114,#3116,.T.);
#3114 = VERTEX_POINT('',#3115);
#3115 = CARTESIAN_POINT('',(-2.52,-89.1,53.));
#3116 = SURFACE_CURVE('',#3117,(#3121,#3127),.PCURVE_S1.);
#3117 = LINE('',#3118,#3119);
#3118 = CARTESIAN_POINT('',(-2.52,-89.1,29.));
#3119 = VECTOR('',#3120,1.);
#3120 = DIRECTION('',(-0.,0.,-1.));
#3121 = PCURVE('',#704,#3122);
#3122 = DEFINITIONAL_REPRESENTATION('',(#3123),#3126);
#3123 = B_SPLINE_CURVE_WITH_KNOTS('',1,(#3124,#3125),.UNSPECIFIED.,.F.,
  .F.,(2,2),(-34.,-24.),.PIECEWISE_BEZIER_KNOTS.);
#3124 = CARTESIAN_POINT('',(58.,7.6));
#3125 = CARTESIAN_POINT('',(48.,7.6));
#3126 = ( GEOMETRIC_REPRESENTATION_CONTEXT(2) 
PARAMETRIC_REPRESENTATION_CONTEXT() REPRESENTATION_CONTEXT('2D SPACE',''
  ) );
#3127 = PCURVE('',#1953,#3128);
#3128 = DEFINITIONAL_REPRESENTATION('',(#3129),#3132);
#3129 = B_SPLINE_CURVE_WITH_KNOTS('',1,(#3130,#3131),.UNSPECIFIED.,.F.,
  .F.,(2,2),(-34.,-24.),.PIECEWISE_BEZIER_KNOTS.);
#3130 = CARTESIAN_POINT('',(10.,-3.4));
#3131 = CARTESIAN_POINT('',(0.,-3.4));
#3132 = ( GEOMETRIC_REPRESENTATION_CONTEXT(2) 
PARAMETRIC_REPRESENTATION_CONTEXT() REPRESENTATION_CONTEXT('2D SPACE',''
  ) );
#3133 = ORIENTED_EDGE('',*,*,#3134,.T.);
#3134 = EDGE_CURVE('',#3114,#3135,#3137,.T.);
#3135 = VERTEX_POINT('',#3136);
#3136 = CARTESIAN_POINT('',(7.48,-89.1,53.));
#3137 = SURFACE_CURVE('',#3138,(#3142,#3148),.PCURVE_S1.);
#3138 = LINE('',#3139,#3140);
#3139 = CARTESIAN_POINT('',(-6.32,-89.1,53.));
#3140 = VECTOR('',#3141,1.);
#3141 = DIRECTION('',(1.,0.,-0.));
#3142 = PCURVE('',#704,#3143);
#3143 = DEFINITIONAL_REPRESENTATION('',(#3144),#3147);
#3144 = B_SPLINE_CURVE_WITH_KNOTS('',1,(#3145,#3146),.UNSPECIFIED.,.F.,
  .F.,(2,2),(3.8,13.8),.PIECEWISE_BEZIER_KNOTS.);
#3145 = CARTESIAN_POINT('',(48.,7.6));
#3146 = CARTESIAN_POINT('',(48.,17.6));
#3147 = ( GEOMETRIC_REPRESENTATION_CONTEXT(2) 
PARAMETRIC_REPRESENTATION_CONTEXT() REPRESENTATION_CONTEXT('2D SPACE',''
  ) );
#3148 = PCURVE('',#1979,#3149);
#3149 = DEFINITIONAL_REPRESENTATION('',(#3150),#3153);
#3150 = B_SPLINE_CURVE_WITH_KNOTS('',1,(#3151,#3152),.UNSPECIFIED.,.F.,
  .F.,(2,2),(3.8,13.8),.PIECEWISE_BEZIER_KNOTS.);
#3151 = CARTESIAN_POINT('',(0.,3.4));
#3152 = CARTESIAN_POINT('',(10.,3.4));
#3153 = ( GEOMETRIC_REPRESENTATION_CONTEXT(2) 
PARAMETRIC_REPRESENTATION_CONTEXT() REPRESENTATION_CONTEXT('2D SPACE',''
  ) );
#3154 = ORIENTED_EDGE('',*,*,#3155,.F.);
#3155 = EDGE_CURVE('',#3093,#3135,#3156,.T.);
#3156 = SURFACE_CURVE('',#3157,(#3161,#3167),.PCURVE_S1.);
#3157 = LINE('',#3158,#3159);
#3158 = CARTESIAN_POINT('',(7.48,-89.1,29.));
#3159 = VECTOR('',#3160,1.);
#3160 = DIRECTION('',(-0.,0.,-1.));
#3161 = PCURVE('',#704,#3162);
#3162 = DEFINITIONAL_REPRESENTATION('',(#3163),#3166);
#3163 = B_SPLINE_CURVE_WITH_KNOTS('',1,(#3164,#3165),.UNSPECIFIED.,.F.,
  .F.,(2,2),(-34.,-24.),.PIECEWISE_BEZIER_KNOTS.);
#3164 = CARTESIAN_POINT('',(58.,17.6));
#3165 = CARTESIAN_POINT('',(48.,17.6));
#3166 = ( GEOMETRIC_REPRESENTATION_CONTEXT(2) 
PARAMETRIC_REPRESENTATION_CONTEXT() REPRESENTATION_CONTEXT('2D SPACE',''
  ) );
#3167 = PCURVE('',#2003,#3168);
#3168 = DEFINITIONAL_REPRESENTATION('',(#3169),#3172);
#3169 = B_SPLINE_CURVE_WITH_KNOTS('',1,(#3170,#3171),.UNSPECIFIED.,.F.,
  .F.,(2,2),(-34.,-24.),.PIECEWISE_BEZIER_KNOTS.);
#3170 = CARTESIAN_POINT('',(10.,-3.4));
#3171 = CARTESIAN_POINT('',(0.,-3.4));
#3172 = ( GEOMETRIC_REPRESENTATION_CONTEXT(2) 
PARAMETRIC_REPRESENTATION_CONTEXT() REPRESENTATION_CONTEXT('2D SPACE',''
  ) );
#3173 = ADVANCED_FACE('',(#3174),#732,.F.);
#3174 = FACE_BOUND('',#3175,.F.);
#3175 = EDGE_LOOP('',(#3176,#3199,#3200,#3201));
#3176 = ORIENTED_EDGE('',*,*,#3177,.F.);
#3177 = EDGE_CURVE('',#3021,#3178,#3180,.T.);
#3178 = VERTEX_POINT('',#3179);
#3179 = CARTESIAN_POINT('',(10.48,-84.,31.));
#3180 = SURFACE_CURVE('',#3181,(#3185,#3192),.PCURVE_S1.);
#3181 = LINE('',#3182,#3183);
#3182 = CARTESIAN_POINT('',(10.48,-93.,31.));
#3183 = VECTOR('',#3184,1.);
#3184 = DIRECTION('',(-0.,1.,0.));
#3185 = PCURVE('',#732,#3186);
#3186 = DEFINITIONAL_REPRESENTATION('',(#3187),#3191);
#3187 = LINE('',#3188,#3189);
#3188 = CARTESIAN_POINT('',(31.,0.));
#3189 = VECTOR('',#3190,1.);
#3190 = DIRECTION('',(0.,-1.));
#3191 = ( GEOMETRIC_REPRESENTATION_CONTEXT(2) 
PARAMETRIC_REPRESENTATION_CONTEXT() REPRESENTATION_CONTEXT('2D SPACE',''
  ) );
#3192 = PCURVE('',#3035,#3193);
#3193 = DEFINITIONAL_REPRESENTATION('',(#3194),#3198);
#3194 = LINE('',#3195,#3196);
#3195 = CARTESIAN_POINT('',(0.,0.));
#3196 = VECTOR('',#3197,1.);
#3197 = DIRECTION('',(0.,1.));
#3198 = ( GEOMETRIC_REPRESENTATION_CONTEXT(2) 
PARAMETRIC_REPRESENTATION_CONTEXT() REPRESENTATION_CONTEXT('2D SPACE',''
  ) );
#3199 = ORIENTED_EDGE('',*,*,#3046,.T.);
#3200 = ORIENTED_EDGE('',*,*,#716,.T.);
#3201 = ORIENTED_EDGE('',*,*,#3202,.T.);
#3202 = EDGE_CURVE('',#717,#3178,#3203,.T.);
#3203 = SURFACE_CURVE('',#3204,(#3208,#3215),.PCURVE_S1.);
#3204 = LINE('',#3205,#3206);
#3205 = CARTESIAN_POINT('',(10.48,-84.,0.));
#3206 = VECTOR('',#3207,1.);
#3207 = DIRECTION('',(0.,0.,1.));
#3208 = PCURVE('',#732,#3209);
#3209 = DEFINITIONAL_REPRESENTATION('',(#3210),#3214);
#3210 = LINE('',#3211,#3212);
#3211 = CARTESIAN_POINT('',(0.,-9.));
#3212 = VECTOR('',#3213,1.);
#3213 = DIRECTION('',(1.,0.));
#3214 = ( GEOMETRIC_REPRESENTATION_CONTEXT(2) 
PARAMETRIC_REPRESENTATION_CONTEXT() REPRESENTATION_CONTEXT('2D SPACE',''
  ) );
#3215 = PCURVE('',#759,#3216);
#3216 = DEFINITIONAL_REPRESENTATION('',(#3217),#3221);
#3217 = LINE('',#3218,#3219);
#3218 = CARTESIAN_POINT('',(0.,0.));
#3219 = VECTOR('',#3220,1.);
#3220 = DIRECTION('',(1.,0.));
#3221 = ( GEOMETRIC_REPRESENTATION_CONTEXT(2) 
PARAMETRIC_REPRESENTATION_CONTEXT() REPRESENTATION_CONTEXT('2D SPACE',''
  ) );
#3222 = ADVANCED_FACE('',(#3223),#842,.T.);
#3223 = FACE_BOUND('',#3224,.T.);
#3224 = EDGE_LOOP('',(#3225,#3249,#3250,#3251));
#3225 = ORIENTED_EDGE('',*,*,#3226,.F.);
#3226 = EDGE_CURVE('',#2853,#3227,#3229,.T.);
#3227 = VERTEX_POINT('',#3228);
#3228 = CARTESIAN_POINT('',(11.844473983662,-69.,12.));
#3229 = SURFACE_CURVE('',#3230,(#3235,#3242),.PCURVE_S1.);
#3230 = CIRCLE('',#3231,3.5);
#3231 = AXIS2_PLACEMENT_3D('',#3232,#3233,#3234);
#3232 = CARTESIAN_POINT('',(10.11,-65.96,12.));
#3233 = DIRECTION('',(0.,0.,1.));
#3234 = DIRECTION('',(1.,0.,-0.));
#3235 = PCURVE('',#842,#3236);
#3236 = DEFINITIONAL_REPRESENTATION('',(#3237),#3241);
#3237 = LINE('',#3238,#3239);
#3238 = CARTESIAN_POINT('',(0.,12.));
#3239 = VECTOR('',#3240,1.);
#3240 = DIRECTION('',(1.,0.));
#3241 = ( GEOMETRIC_REPRESENTATION_CONTEXT(2) 
PARAMETRIC_REPRESENTATION_CONTEXT() REPRESENTATION_CONTEXT('2D SPACE',''
  ) );
#3242 = PCURVE('',#2867,#3243);
#3243 = DEFINITIONAL_REPRESENTATION('',(#3244),#3248);
#3244 = CIRCLE('',#3245,3.5);
#3245 = AXIS2_PLACEMENT_2D('',#3246,#3247);
#3246 = CARTESIAN_POINT('',(0.,0.));
#3247 = DIRECTION('',(1.,0.));
#3248 = ( GEOMETRIC_REPRESENTATION_CONTEXT(2) 
PARAMETRIC_REPRESENTATION_CONTEXT() REPRESENTATION_CONTEXT('2D SPACE',''
  ) );
#3249 = ORIENTED_EDGE('',*,*,#2878,.F.);
#3250 = ORIENTED_EDGE('',*,*,#825,.T.);
#3251 = ORIENTED_EDGE('',*,*,#3252,.T.);
#3252 = EDGE_CURVE('',#799,#3227,#3253,.T.);
#3253 = SURFACE_CURVE('',#3254,(#3258,#3264),.PCURVE_S1.);
#3254 = LINE('',#3255,#3256);
#3255 = CARTESIAN_POINT('',(11.844473983662,-69.,0.));
#3256 = VECTOR('',#3257,1.);
#3257 = DIRECTION('',(0.,0.,1.));
#3258 = PCURVE('',#842,#3259);
#3259 = DEFINITIONAL_REPRESENTATION('',(#3260),#3263);
#3260 = B_SPLINE_CURVE_WITH_KNOTS('',1,(#3261,#3262),.UNSPECIFIED.,.F.,
  .F.,(2,2),(2.4,12.0000006),.PIECEWISE_BEZIER_KNOTS.);
#3261 = CARTESIAN_POINT('',(5.230873028555,2.4));
#3262 = CARTESIAN_POINT('',(5.230873028555,12.0000006));
#3263 = ( GEOMETRIC_REPRESENTATION_CONTEXT(2) 
PARAMETRIC_REPRESENTATION_CONTEXT() REPRESENTATION_CONTEXT('2D SPACE',''
  ) );
#3264 = PCURVE('',#814,#3265);
#3265 = DEFINITIONAL_REPRESENTATION('',(#3266),#3269);
#3266 = B_SPLINE_CURVE_WITH_KNOTS('',1,(#3267,#3268),.UNSPECIFIED.,.F.,
  .F.,(2,2),(2.4,12.0000006),.PIECEWISE_BEZIER_KNOTS.);
#3267 = CARTESIAN_POINT('',(2.4,1.364473983662));
#3268 = CARTESIAN_POINT('',(12.0000006,1.364473983662));
#3269 = ( GEOMETRIC_REPRESENTATION_CONTEXT(2) 
PARAMETRIC_REPRESENTATION_CONTEXT() REPRESENTATION_CONTEXT('2D SPACE',''
  ) );
#3270 = ADVANCED_FACE('',(#3271),#759,.T.);
#3271 = FACE_BOUND('',#3272,.T.);
#3272 = EDGE_LOOP('',(#3273,#3274,#3275,#3298));
#3273 = ORIENTED_EDGE('',*,*,#743,.T.);
#3274 = ORIENTED_EDGE('',*,*,#3202,.T.);
#3275 = ORIENTED_EDGE('',*,*,#3276,.T.);
#3276 = EDGE_CURVE('',#3178,#3277,#3279,.T.);
#3277 = VERTEX_POINT('',#3278);
#3278 = CARTESIAN_POINT('',(15.08,-84.,31.));
#3279 = SURFACE_CURVE('',#3280,(#3284,#3291),.PCURVE_S1.);
#3280 = LINE('',#3281,#3282);
#3281 = CARTESIAN_POINT('',(10.48,-84.,31.));
#3282 = VECTOR('',#3283,1.);
#3283 = DIRECTION('',(1.,0.,-0.));
#3284 = PCURVE('',#759,#3285);
#3285 = DEFINITIONAL_REPRESENTATION('',(#3286),#3290);
#3286 = LINE('',#3287,#3288);
#3287 = CARTESIAN_POINT('',(31.,0.));
#3288 = VECTOR('',#3289,1.);
#3289 = DIRECTION('',(0.,1.));
#3290 = ( GEOMETRIC_REPRESENTATION_CONTEXT(2) 
PARAMETRIC_REPRESENTATION_CONTEXT() REPRESENTATION_CONTEXT('2D SPACE',''
  ) );
#3291 = PCURVE('',#3035,#3292);
#3292 = DEFINITIONAL_REPRESENTATION('',(#3293),#3297);
#3293 = LINE('',#3294,#3295);
#3294 = CARTESIAN_POINT('',(0.,9.));
#3295 = VECTOR('',#3296,1.);
#3296 = DIRECTION('',(1.,0.));
#3297 = ( GEOMETRIC_REPRESENTATION_CONTEXT(2) 
PARAMETRIC_REPRESENTATION_CONTEXT() REPRESENTATION_CONTEXT('2D SPACE',''
  ) );
#3298 = ORIENTED_EDGE('',*,*,#3299,.F.);
#3299 = EDGE_CURVE('',#744,#3277,#3300,.T.);
#3300 = SURFACE_CURVE('',#3301,(#3305,#3311),.PCURVE_S1.);
#3301 = LINE('',#3302,#3303);
#3302 = CARTESIAN_POINT('',(15.08,-84.,2.5));
#3303 = VECTOR('',#3304,1.);
#3304 = DIRECTION('',(0.,0.,1.));
#3305 = PCURVE('',#759,#3306);
#3306 = DEFINITIONAL_REPRESENTATION('',(#3307),#3310);
#3307 = B_SPLINE_CURVE_WITH_KNOTS('',1,(#3308,#3309),.UNSPECIFIED.,.F.,
  .F.,(2,2),(2.5,28.5),.PIECEWISE_BEZIER_KNOTS.);
#3308 = CARTESIAN_POINT('',(5.,4.6));
#3309 = CARTESIAN_POINT('',(31.,4.6));
#3310 = ( GEOMETRIC_REPRESENTATION_CONTEXT(2) 
PARAMETRIC_REPRESENTATION_CONTEXT() REPRESENTATION_CONTEXT('2D SPACE',''
  ) );
#3311 = PCURVE('',#786,#3312);
#3312 = DEFINITIONAL_REPRESENTATION('',(#3313),#3316);
#3313 = B_SPLINE_CURVE_WITH_KNOTS('',1,(#3314,#3315),.UNSPECIFIED.,.F.,
  .F.,(2,2),(2.5,28.5),.PIECEWISE_BEZIER_KNOTS.);
#3314 = CARTESIAN_POINT('',(0.,-5.1));
#3315 = CARTESIAN_POINT('',(26.,-5.1));
#3316 = ( GEOMETRIC_REPRESENTATION_CONTEXT(2) 
PARAMETRIC_REPRESENTATION_CONTEXT() REPRESENTATION_CONTEXT('2D SPACE',''
  ) );
#3317 = ADVANCED_FACE('',(#3318),#814,.F.);
#3318 = FACE_BOUND('',#3319,.F.);
#3319 = EDGE_LOOP('',(#3320,#3341,#3342,#3343,#3364,#3387));
#3320 = ORIENTED_EDGE('',*,*,#3321,.F.);
#3321 = EDGE_CURVE('',#771,#3322,#3324,.T.);
#3322 = VERTEX_POINT('',#3323);
#3323 = CARTESIAN_POINT('',(15.08,-69.,31.));
#3324 = SURFACE_CURVE('',#3325,(#3329,#3335),.PCURVE_S1.);
#3325 = LINE('',#3326,#3327);
#3326 = CARTESIAN_POINT('',(15.08,-69.,2.5));
#3327 = VECTOR('',#3328,1.);
#3328 = DIRECTION('',(0.,0.,1.));
#3329 = PCURVE('',#814,#3330);
#3330 = DEFINITIONAL_REPRESENTATION('',(#3331),#3334);
#3331 = B_SPLINE_CURVE_WITH_KNOTS('',1,(#3332,#3333),.UNSPECIFIED.,.F.,
  .F.,(2,2),(2.5,28.5),.PIECEWISE_BEZIER_KNOTS.);
#3332 = CARTESIAN_POINT('',(5.,4.6));
#3333 = CARTESIAN_POINT('',(31.,4.6));
#3334 = ( GEOMETRIC_REPRESENTATION_CONTEXT(2) 
PARAMETRIC_REPRESENTATION_CONTEXT() REPRESENTATION_CONTEXT('2D SPACE',''
  ) );
#3335 = PCURVE('',#786,#3336);
#3336 = DEFINITIONAL_REPRESENTATION('',(#3337),#3340);
#3337 = B_SPLINE_CURVE_WITH_KNOTS('',1,(#3338,#3339),.UNSPECIFIED.,.F.,
  .F.,(2,2),(2.5,28.5),.PIECEWISE_BEZIER_KNOTS.);
#3338 = CARTESIAN_POINT('',(0.,-20.1));
#3339 = CARTESIAN_POINT('',(26.,-20.1));
#3340 = ( GEOMETRIC_REPRESENTATION_CONTEXT(2) 
PARAMETRIC_REPRESENTATION_CONTEXT() REPRESENTATION_CONTEXT('2D SPACE',''
  ) );
#3341 = ORIENTED_EDGE('',*,*,#798,.T.);
#3342 = ORIENTED_EDGE('',*,*,#3252,.T.);
#3343 = ORIENTED_EDGE('',*,*,#3344,.F.);
#3344 = EDGE_CURVE('',#3345,#3227,#3347,.T.);
#3345 = VERTEX_POINT('',#3346);
#3346 = CARTESIAN_POINT('',(10.48,-69.,12.));
#3347 = SURFACE_CURVE('',#3348,(#3352,#3358),.PCURVE_S1.);
#3348 = LINE('',#3349,#3350);
#3349 = CARTESIAN_POINT('',(10.295,-69.,12.));
#3350 = VECTOR('',#3351,1.);
#3351 = DIRECTION('',(1.,0.,-0.));
#3352 = PCURVE('',#814,#3353);
#3353 = DEFINITIONAL_REPRESENTATION('',(#3354),#3357);
#3354 = B_SPLINE_CURVE_WITH_KNOTS('',1,(#3355,#3356),.UNSPECIFIED.,.F.,
  .F.,(2,2),(0.185,3.315),.PIECEWISE_BEZIER_KNOTS.);
#3355 = CARTESIAN_POINT('',(12.,0.));
#3356 = CARTESIAN_POINT('',(12.,3.13));
#3357 = ( GEOMETRIC_REPRESENTATION_CONTEXT(2) 
PARAMETRIC_REPRESENTATION_CONTEXT() REPRESENTATION_CONTEXT('2D SPACE',''
  ) );
#3358 = PCURVE('',#2867,#3359);
#3359 = DEFINITIONAL_REPRESENTATION('',(#3360),#3363);
#3360 = B_SPLINE_CURVE_WITH_KNOTS('',1,(#3361,#3362),.UNSPECIFIED.,.F.,
  .F.,(2,2),(0.185,3.315),.PIECEWISE_BEZIER_KNOTS.);
#3361 = CARTESIAN_POINT('',(0.37,-3.04));
#3362 = CARTESIAN_POINT('',(3.5,-3.04));
#3363 = ( GEOMETRIC_REPRESENTATION_CONTEXT(2) 
PARAMETRIC_REPRESENTATION_CONTEXT() REPRESENTATION_CONTEXT('2D SPACE',''
  ) );
#3364 = ORIENTED_EDGE('',*,*,#3365,.T.);
#3365 = EDGE_CURVE('',#3345,#3366,#3368,.T.);
#3366 = VERTEX_POINT('',#3367);
#3367 = CARTESIAN_POINT('',(10.48,-69.,31.));
#3368 = SURFACE_CURVE('',#3369,(#3373,#3380),.PCURVE_S1.);
#3369 = LINE('',#3370,#3371);
#3370 = CARTESIAN_POINT('',(10.48,-69.,0.));
#3371 = VECTOR('',#3372,1.);
#3372 = DIRECTION('',(0.,0.,1.));
#3373 = PCURVE('',#814,#3374);
#3374 = DEFINITIONAL_REPRESENTATION('',(#3375),#3379);
#3375 = LINE('',#3376,#3377);
#3376 = CARTESIAN_POINT('',(0.,0.));
#3377 = VECTOR('',#3378,1.);
#3378 = DIRECTION('',(1.,0.));
#3379 = ( GEOMETRIC_REPRESENTATION_CONTEXT(2) 
PARAMETRIC_REPRESENTATION_CONTEXT() REPRESENTATION_CONTEXT('2D SPACE',''
  ) );
#3380 = PCURVE('',#2841,#3381);
#3381 = DEFINITIONAL_REPRESENTATION('',(#3382),#3386);
#3382 = LINE('',#3383,#3384);
#3383 = CARTESIAN_POINT('',(0.,0.));
#3384 = VECTOR('',#3385,1.);
#3385 = DIRECTION('',(1.,0.));
#3386 = ( GEOMETRIC_REPRESENTATION_CONTEXT(2) 
PARAMETRIC_REPRESENTATION_CONTEXT() REPRESENTATION_CONTEXT('2D SPACE',''
  ) );
#3387 = ORIENTED_EDGE('',*,*,#3388,.T.);
#3388 = EDGE_CURVE('',#3366,#3322,#3389,.T.);
#3389 = SURFACE_CURVE('',#3390,(#3394,#3401),.PCURVE_S1.);
#3390 = LINE('',#3391,#3392);
#3391 = CARTESIAN_POINT('',(10.48,-69.,31.));
#3392 = VECTOR('',#3393,1.);
#3393 = DIRECTION('',(1.,0.,-0.));
#3394 = PCURVE('',#814,#3395);
#3395 = DEFINITIONAL_REPRESENTATION('',(#3396),#3400);
#3396 = LINE('',#3397,#3398);
#3397 = CARTESIAN_POINT('',(31.,0.));
#3398 = VECTOR('',#3399,1.);
#3399 = DIRECTION('',(0.,1.));
#3400 = ( GEOMETRIC_REPRESENTATION_CONTEXT(2) 
PARAMETRIC_REPRESENTATION_CONTEXT() REPRESENTATION_CONTEXT('2D SPACE',''
  ) );
#3401 = PCURVE('',#2815,#3402);
#3402 = DEFINITIONAL_REPRESENTATION('',(#3403),#3407);
#3403 = LINE('',#3404,#3405);
#3404 = CARTESIAN_POINT('',(0.,0.));
#3405 = VECTOR('',#3406,1.);
#3406 = DIRECTION('',(1.,0.));
#3407 = ( GEOMETRIC_REPRESENTATION_CONTEXT(2) 
PARAMETRIC_REPRESENTATION_CONTEXT() REPRESENTATION_CONTEXT('2D SPACE',''
  ) );
#3408 = ADVANCED_FACE('',(#3409),#786,.F.);
#3409 = FACE_BOUND('',#3410,.F.);
#3410 = EDGE_LOOP('',(#3411,#3412,#3431,#3432,#3433,#3434,#3453,#3454));
#3411 = ORIENTED_EDGE('',*,*,#2995,.F.);
#3412 = ORIENTED_EDGE('',*,*,#3413,.F.);
#3413 = EDGE_CURVE('',#3277,#2996,#3414,.T.);
#3414 = SURFACE_CURVE('',#3415,(#3419,#3425),.PCURVE_S1.);
#3415 = LINE('',#3416,#3417);
#3416 = CARTESIAN_POINT('',(15.08,-91.05,31.));
#3417 = VECTOR('',#3418,1.);
#3418 = DIRECTION('',(0.,-1.,0.));
#3419 = PCURVE('',#786,#3420);
#3420 = DEFINITIONAL_REPRESENTATION('',(#3421),#3424);
#3421 = B_SPLINE_CURVE_WITH_KNOTS('',1,(#3422,#3423),.UNSPECIFIED.,.F.,
  .F.,(2,2),(-7.05,-1.95),.PIECEWISE_BEZIER_KNOTS.);
#3422 = CARTESIAN_POINT('',(26.,-5.1));
#3423 = CARTESIAN_POINT('',(26.,0.));
#3424 = ( GEOMETRIC_REPRESENTATION_CONTEXT(2) 
PARAMETRIC_REPRESENTATION_CONTEXT() REPRESENTATION_CONTEXT('2D SPACE',''
  ) );
#3425 = PCURVE('',#3035,#3426);
#3426 = DEFINITIONAL_REPRESENTATION('',(#3427),#3430);
#3427 = B_SPLINE_CURVE_WITH_KNOTS('',1,(#3428,#3429),.UNSPECIFIED.,.F.,
  .F.,(2,2),(-7.05,-1.95),.PIECEWISE_BEZIER_KNOTS.);
#3428 = CARTESIAN_POINT('',(4.6,9.));
#3429 = CARTESIAN_POINT('',(4.6,3.9));
#3430 = ( GEOMETRIC_REPRESENTATION_CONTEXT(2) 
PARAMETRIC_REPRESENTATION_CONTEXT() REPRESENTATION_CONTEXT('2D SPACE',''
  ) );
#3431 = ORIENTED_EDGE('',*,*,#3299,.F.);
#3432 = ORIENTED_EDGE('',*,*,#770,.T.);
#3433 = ORIENTED_EDGE('',*,*,#3321,.T.);
#3434 = ORIENTED_EDGE('',*,*,#3435,.F.);
#3435 = EDGE_CURVE('',#2778,#3322,#3436,.T.);
#3436 = SURFACE_CURVE('',#3437,(#3441,#3447),.PCURVE_S1.);
#3437 = LINE('',#3438,#3439);
#3438 = CARTESIAN_POINT('',(15.08,-79.05,31.));
#3439 = VECTOR('',#3440,1.);
#3440 = DIRECTION('',(0.,-1.,0.));
#3441 = PCURVE('',#786,#3442);
#3442 = DEFINITIONAL_REPRESENTATION('',(#3443),#3446);
#3443 = B_SPLINE_CURVE_WITH_KNOTS('',1,(#3444,#3445),.UNSPECIFIED.,.F.,
  .F.,(2,2),(-15.15,-10.05),.PIECEWISE_BEZIER_KNOTS.);
#3444 = CARTESIAN_POINT('',(26.,-25.2));
#3445 = CARTESIAN_POINT('',(26.,-20.1));
#3446 = ( GEOMETRIC_REPRESENTATION_CONTEXT(2) 
PARAMETRIC_REPRESENTATION_CONTEXT() REPRESENTATION_CONTEXT('2D SPACE',''
  ) );
#3447 = PCURVE('',#2815,#3448);
#3448 = DEFINITIONAL_REPRESENTATION('',(#3449),#3452);
#3449 = B_SPLINE_CURVE_WITH_KNOTS('',1,(#3450,#3451),.UNSPECIFIED.,.F.,
  .F.,(2,2),(-15.15,-10.05),.PIECEWISE_BEZIER_KNOTS.);
#3450 = CARTESIAN_POINT('',(4.6,5.1));
#3451 = CARTESIAN_POINT('',(4.6,0.));
#3452 = ( GEOMETRIC_REPRESENTATION_CONTEXT(2) 
PARAMETRIC_REPRESENTATION_CONTEXT() REPRESENTATION_CONTEXT('2D SPACE',''
  ) );
#3453 = ORIENTED_EDGE('',*,*,#2777,.F.);
#3454 = ORIENTED_EDGE('',*,*,#3455,.F.);
#3455 = EDGE_CURVE('',#2998,#2755,#3456,.T.);
#3456 = SURFACE_CURVE('',#3457,(#3461,#3468),.PCURVE_S1.);
#3457 = LINE('',#3458,#3459);
#3458 = CARTESIAN_POINT('',(15.08,-89.1,65.));
#3459 = VECTOR('',#3460,1.);
#3460 = DIRECTION('',(-0.,1.,0.));
#3461 = PCURVE('',#786,#3462);
#3462 = DEFINITIONAL_REPRESENTATION('',(#3463),#3467);
#3463 = LINE('',#3464,#3465);
#3464 = CARTESIAN_POINT('',(60.,0.));
#3465 = VECTOR('',#3466,1.);
#3466 = DIRECTION('',(0.,-1.));
#3467 = ( GEOMETRIC_REPRESENTATION_CONTEXT(2) 
PARAMETRIC_REPRESENTATION_CONTEXT() REPRESENTATION_CONTEXT('2D SPACE',''
  ) );
#3468 = PCURVE('',#2710,#3469);
#3469 = DEFINITIONAL_REPRESENTATION('',(#3470),#3474);
#3470 = LINE('',#3471,#3472);
#3471 = CARTESIAN_POINT('',(25.2,0.));
#3472 = VECTOR('',#3473,1.);
#3473 = DIRECTION('',(0.,1.));
#3474 = ( GEOMETRIC_REPRESENTATION_CONTEXT(2) 
PARAMETRIC_REPRESENTATION_CONTEXT() REPRESENTATION_CONTEXT('2D SPACE',''
  ) );
#3475 = ADVANCED_FACE('',(#3476),#1314,.F.);
#3476 = FACE_BOUND('',#3477,.F.);
#3477 = EDGE_LOOP('',(#3478,#3501,#3528,#3529));
#3478 = ORIENTED_EDGE('',*,*,#3479,.T.);
#3479 = EDGE_CURVE('',#1298,#3480,#3482,.T.);
#3480 = VERTEX_POINT('',#3481);
#3481 = CARTESIAN_POINT('',(-2.52,-92.55,6.));
#3482 = SEAM_CURVE('',#3483,(#3487,#3494),.PCURVE_S1.);
#3483 = LINE('',#3484,#3485);
#3484 = CARTESIAN_POINT('',(-2.52,-92.55,-0.5));
#3485 = VECTOR('',#3486,1.);
#3486 = DIRECTION('',(0.,0.,1.));
#3487 = PCURVE('',#1314,#3488);
#3488 = DEFINITIONAL_REPRESENTATION('',(#3489),#3493);
#3489 = LINE('',#3490,#3491);
#3490 = CARTESIAN_POINT('',(6.28318530718,-0.));
#3491 = VECTOR('',#3492,1.);
#3492 = DIRECTION('',(0.,1.));
#3493 = ( GEOMETRIC_REPRESENTATION_CONTEXT(2) 
PARAMETRIC_REPRESENTATION_CONTEXT() REPRESENTATION_CONTEXT('2D SPACE',''
  ) );
#3494 = PCURVE('',#1314,#3495);
#3495 = DEFINITIONAL_REPRESENTATION('',(#3496),#3500);
#3496 = LINE('',#3497,#3498);
#3497 = CARTESIAN_POINT('',(0.,-0.));
#3498 = VECTOR('',#3499,1.);
#3499 = DIRECTION('',(0.,1.));
#3500 = ( GEOMETRIC_REPRESENTATION_CONTEXT(2) 
PARAMETRIC_REPRESENTATION_CONTEXT() REPRESENTATION_CONTEXT('2D SPACE',''
  ) );
#3501 = ORIENTED_EDGE('',*,*,#3502,.F.);
#3502 = EDGE_CURVE('',#3480,#3480,#3503,.T.);
#3503 = SURFACE_CURVE('',#3504,(#3509,#3516),.PCURVE_S1.);
#3504 = CIRCLE('',#3505,2.);
#3505 = AXIS2_PLACEMENT_3D('',#3506,#3507,#3508);
#3506 = CARTESIAN_POINT('',(-4.52,-92.55,6.));
#3507 = DIRECTION('',(0.,0.,1.));
#3508 = DIRECTION('',(1.,0.,-0.));
#3509 = PCURVE('',#1314,#3510);
#3510 = DEFINITIONAL_REPRESENTATION('',(#3511),#3515);
#3511 = LINE('',#3512,#3513);
#3512 = CARTESIAN_POINT('',(0.,6.5));
#3513 = VECTOR('',#3514,1.);
#3514 = DIRECTION('',(1.,0.));
#3515 = ( GEOMETRIC_REPRESENTATION_CONTEXT(2) 
PARAMETRIC_REPRESENTATION_CONTEXT() REPRESENTATION_CONTEXT('2D SPACE',''
  ) );
#3516 = PCURVE('',#3517,#3522);
#3517 = PLANE('',#3518);
#3518 = AXIS2_PLACEMENT_3D('',#3519,#3520,#3521);
#3519 = CARTESIAN_POINT('',(-4.52,-92.55,6.));
#3520 = DIRECTION('',(0.,0.,1.));
#3521 = DIRECTION('',(1.,0.,-0.));
#3522 = DEFINITIONAL_REPRESENTATION('',(#3523),#3527);
#3523 = CIRCLE('',#3524,2.);
#3524 = AXIS2_PLACEMENT_2D('',#3525,#3526);
#3525 = CARTESIAN_POINT('',(0.,0.));
#3526 = DIRECTION('',(1.,0.));
#3527 = ( GEOMETRIC_REPRESENTATION_CONTEXT(2) 
PARAMETRIC_REPRESENTATION_CONTEXT() REPRESENTATION_CONTEXT('2D SPACE',''
  ) );
#3528 = ORIENTED_EDGE('',*,*,#3479,.F.);
#3529 = ORIENTED_EDGE('',*,*,#1297,.T.);
#3530 = ADVANCED_FACE('',(#3531),#1345,.F.);
#3531 = FACE_BOUND('',#3532,.F.);
#3532 = EDGE_LOOP('',(#3533,#3556,#3583,#3584));
#3533 = ORIENTED_EDGE('',*,*,#3534,.T.);
#3534 = EDGE_CURVE('',#1329,#3535,#3537,.T.);
#3535 = VERTEX_POINT('',#3536);
#3536 = CARTESIAN_POINT('',(11.48,-92.55,6.));
#3537 = SEAM_CURVE('',#3538,(#3542,#3549),.PCURVE_S1.);
#3538 = LINE('',#3539,#3540);
#3539 = CARTESIAN_POINT('',(11.48,-92.55,-0.5));
#3540 = VECTOR('',#3541,1.);
#3541 = DIRECTION('',(0.,0.,1.));
#3542 = PCURVE('',#1345,#3543);
#3543 = DEFINITIONAL_REPRESENTATION('',(#3544),#3548);
#3544 = LINE('',#3545,#3546);
#3545 = CARTESIAN_POINT('',(6.28318530718,-0.));
#3546 = VECTOR('',#3547,1.);
#3547 = DIRECTION('',(0.,1.));
#3548 = ( GEOMETRIC_REPRESENTATION_CONTEXT(2) 
PARAMETRIC_REPRESENTATION_CONTEXT() REPRESENTATION_CONTEXT('2D SPACE',''
  ) );
#3549 = PCURVE('',#1345,#3550);
#3550 = DEFINITIONAL_REPRESENTATION('',(#3551),#3555);
#3551 = LINE('',#3552,#3553);
#3552 = CARTESIAN_POINT('',(0.,-0.));
#3553 = VECTOR('',#3554,1.);
#3554 = DIRECTION('',(0.,1.));
#3555 = ( GEOMETRIC_REPRESENTATION_CONTEXT(2) 
PARAMETRIC_REPRESENTATION_CONTEXT() REPRESENTATION_CONTEXT('2D SPACE',''
  ) );
#3556 = ORIENTED_EDGE('',*,*,#3557,.F.);
#3557 = EDGE_CURVE('',#3535,#3535,#3558,.T.);
#3558 = SURFACE_CURVE('',#3559,(#3564,#3571),.PCURVE_S1.);
#3559 = CIRCLE('',#3560,2.);
#3560 = AXIS2_PLACEMENT_3D('',#3561,#3562,#3563);
#3561 = CARTESIAN_POINT('',(9.48,-92.55,6.));
#3562 = DIRECTION('',(0.,0.,1.));
#3563 = DIRECTION('',(1.,0.,-0.));
#3564 = PCURVE('',#1345,#3565);
#3565 = DEFINITIONAL_REPRESENTATION('',(#3566),#3570);
#3566 = LINE('',#3567,#3568);
#3567 = CARTESIAN_POINT('',(0.,6.5));
#3568 = VECTOR('',#3569,1.);
#3569 = DIRECTION('',(1.,0.));
#3570 = ( GEOMETRIC_REPRESENTATION_CONTEXT(2) 
PARAMETRIC_REPRESENTATION_CONTEXT() REPRESENTATION_CONTEXT('2D SPACE',''
  ) );
#3571 = PCURVE('',#3572,#3577);
#3572 = PLANE('',#3573);
#3573 = AXIS2_PLACEMENT_3D('',#3574,#3575,#3576);
#3574 = CARTESIAN_POINT('',(9.48,-92.55,6.));
#3575 = DIRECTION('',(0.,0.,1.));
#3576 = DIRECTION('',(1.,0.,-0.));
#3577 = DEFINITIONAL_REPRESENTATION('',(#3578),#3582);
#3578 = CIRCLE('',#3579,2.);
#3579 = AXIS2_PLACEMENT_2D('',#3580,#3581);
#3580 = CARTESIAN_POINT('',(0.,0.));
#3581 = DIRECTION('',(1.,0.));
#3582 = ( GEOMETRIC_REPRESENTATION_CONTEXT(2) 
PARAMETRIC_REPRESENTATION_CONTEXT() REPRESENTATION_CONTEXT('2D SPACE',''
  ) );
#3583 = ORIENTED_EDGE('',*,*,#3534,.F.);
#3584 = ORIENTED_EDGE('',*,*,#1328,.T.);
#3585 = ADVANCED_FACE('',(#3586),#1376,.F.);
#3586 = FACE_BOUND('',#3587,.F.);
#3587 = EDGE_LOOP('',(#3588,#3611,#3638,#3639));
#3588 = ORIENTED_EDGE('',*,*,#3589,.T.);
#3589 = EDGE_CURVE('',#1360,#3590,#3592,.T.);
#3590 = VERTEX_POINT('',#3591);
#3591 = CARTESIAN_POINT('',(-4.05,-65.96,9.99));
#3592 = SEAM_CURVE('',#3593,(#3597,#3604),.PCURVE_S1.);
#3593 = LINE('',#3594,#3595);
#3594 = CARTESIAN_POINT('',(-4.05,-65.96,-1.E-02));
#3595 = VECTOR('',#3596,1.);
#3596 = DIRECTION('',(0.,0.,1.));
#3597 = PCURVE('',#1376,#3598);
#3598 = DEFINITIONAL_REPRESENTATION('',(#3599),#3603);
#3599 = LINE('',#3600,#3601);
#3600 = CARTESIAN_POINT('',(6.28318530718,-0.));
#3601 = VECTOR('',#3602,1.);
#3602 = DIRECTION('',(0.,1.));
#3603 = ( GEOMETRIC_REPRESENTATION_CONTEXT(2) 
PARAMETRIC_REPRESENTATION_CONTEXT() REPRESENTATION_CONTEXT('2D SPACE',''
  ) );
#3604 = PCURVE('',#1376,#3605);
#3605 = DEFINITIONAL_REPRESENTATION('',(#3606),#3610);
#3606 = LINE('',#3607,#3608);
#3607 = CARTESIAN_POINT('',(0.,-0.));
#3608 = VECTOR('',#3609,1.);
#3609 = DIRECTION('',(0.,1.));
#3610 = ( GEOMETRIC_REPRESENTATION_CONTEXT(2) 
PARAMETRIC_REPRESENTATION_CONTEXT() REPRESENTATION_CONTEXT('2D SPACE',''
  ) );
#3611 = ORIENTED_EDGE('',*,*,#3612,.F.);
#3612 = EDGE_CURVE('',#3590,#3590,#3613,.T.);
#3613 = SURFACE_CURVE('',#3614,(#3619,#3626),.PCURVE_S1.);
#3614 = CIRCLE('',#3615,1.1);
#3615 = AXIS2_PLACEMENT_3D('',#3616,#3617,#3618);
#3616 = CARTESIAN_POINT('',(-5.15,-65.96,9.99));
#3617 = DIRECTION('',(0.,0.,1.));
#3618 = DIRECTION('',(1.,0.,-0.));
#3619 = PCURVE('',#1376,#3620);
#3620 = DEFINITIONAL_REPRESENTATION('',(#3621),#3625);
#3621 = LINE('',#3622,#3623);
#3622 = CARTESIAN_POINT('',(0.,10.));
#3623 = VECTOR('',#3624,1.);
#3624 = DIRECTION('',(1.,0.));
#3625 = ( GEOMETRIC_REPRESENTATION_CONTEXT(2) 
PARAMETRIC_REPRESENTATION_CONTEXT() REPRESENTATION_CONTEXT('2D SPACE',''
  ) );
#3626 = PCURVE('',#3627,#3632);
#3627 = PLANE('',#3628);
#3628 = AXIS2_PLACEMENT_3D('',#3629,#3630,#3631);
#3629 = CARTESIAN_POINT('',(-5.15,-65.96,9.99));
#3630 = DIRECTION('',(0.,0.,1.));
#3631 = DIRECTION('',(1.,0.,-0.));
#3632 = DEFINITIONAL_REPRESENTATION('',(#3633),#3637);
#3633 = CIRCLE('',#3634,1.1);
#3634 = AXIS2_PLACEMENT_2D('',#3635,#3636);
#3635 = CARTESIAN_POINT('',(0.,0.));
#3636 = DIRECTION('',(1.,0.));
#3637 = ( GEOMETRIC_REPRESENTATION_CONTEXT(2) 
PARAMETRIC_REPRESENTATION_CONTEXT() REPRESENTATION_CONTEXT('2D SPACE',''
  ) );
#3638 = ORIENTED_EDGE('',*,*,#3589,.F.);
#3639 = ORIENTED_EDGE('',*,*,#1359,.T.);
#3640 = ADVANCED_FACE('',(#3641),#1407,.F.);
#3641 = FACE_BOUND('',#3642,.F.);
#3642 = EDGE_LOOP('',(#3643,#3666,#3693,#3694));
#3643 = ORIENTED_EDGE('',*,*,#3644,.T.);
#3644 = EDGE_CURVE('',#1391,#3645,#3647,.T.);
#3645 = VERTEX_POINT('',#3646);
#3646 = CARTESIAN_POINT('',(11.21,-65.96,9.99));
#3647 = SEAM_CURVE('',#3648,(#3652,#3659),.PCURVE_S1.);
#3648 = LINE('',#3649,#3650);
#3649 = CARTESIAN_POINT('',(11.21,-65.96,-1.E-02));
#3650 = VECTOR('',#3651,1.);
#3651 = DIRECTION('',(0.,0.,1.));
#3652 = PCURVE('',#1407,#3653);
#3653 = DEFINITIONAL_REPRESENTATION('',(#3654),#3658);
#3654 = LINE('',#3655,#3656);
#3655 = CARTESIAN_POINT('',(6.28318530718,-0.));
#3656 = VECTOR('',#3657,1.);
#3657 = DIRECTION('',(0.,1.));
#3658 = ( GEOMETRIC_REPRESENTATION_CONTEXT(2) 
PARAMETRIC_REPRESENTATION_CONTEXT() REPRESENTATION_CONTEXT('2D SPACE',''
  ) );
#3659 = PCURVE('',#1407,#3660);
#3660 = DEFINITIONAL_REPRESENTATION('',(#3661),#3665);
#3661 = LINE('',#3662,#3663);
#3662 = CARTESIAN_POINT('',(0.,-0.));
#3663 = VECTOR('',#3664,1.);
#3664 = DIRECTION('',(0.,1.));
#3665 = ( GEOMETRIC_REPRESENTATION_CONTEXT(2) 
PARAMETRIC_REPRESENTATION_CONTEXT() REPRESENTATION_CONTEXT('2D SPACE',''
  ) );
#3666 = ORIENTED_EDGE('',*,*,#3667,.F.);
#3667 = EDGE_CURVE('',#3645,#3645,#3668,.T.);
#3668 = SURFACE_CURVE('',#3669,(#3674,#3681),.PCURVE_S1.);
#3669 = CIRCLE('',#3670,1.1);
#3670 = AXIS2_PLACEMENT_3D('',#3671,#3672,#3673);
#3671 = CARTESIAN_POINT('',(10.11,-65.96,9.99));
#3672 = DIRECTION('',(0.,0.,1.));
#3673 = DIRECTION('',(1.,0.,-0.));
#3674 = PCURVE('',#1407,#3675);
#3675 = DEFINITIONAL_REPRESENTATION('',(#3676),#3680);
#3676 = LINE('',#3677,#3678);
#3677 = CARTESIAN_POINT('',(0.,10.));
#3678 = VECTOR('',#3679,1.);
#3679 = DIRECTION('',(1.,0.));
#3680 = ( GEOMETRIC_REPRESENTATION_CONTEXT(2) 
PARAMETRIC_REPRESENTATION_CONTEXT() REPRESENTATION_CONTEXT('2D SPACE',''
  ) );
#3681 = PCURVE('',#3682,#3687);
#3682 = PLANE('',#3683);
#3683 = AXIS2_PLACEMENT_3D('',#3684,#3685,#3686);
#3684 = CARTESIAN_POINT('',(10.11,-65.96,9.99));
#3685 = DIRECTION('',(0.,0.,1.));
#3686 = DIRECTION('',(1.,0.,-0.));
#3687 = DEFINITIONAL_REPRESENTATION('',(#3688),#3692);
#3688 = CIRCLE('',#3689,1.1);
#3689 = AXIS2_PLACEMENT_2D('',#3690,#3691);
#3690 = CARTESIAN_POINT('',(0.,0.));
#3691 = DIRECTION('',(1.,0.));
#3692 = ( GEOMETRIC_REPRESENTATION_CONTEXT(2) 
PARAMETRIC_REPRESENTATION_CONTEXT() REPRESENTATION_CONTEXT('2D SPACE',''
  ) );
#3693 = ORIENTED_EDGE('',*,*,#3644,.F.);
#3694 = ORIENTED_EDGE('',*,*,#1390,.T.);
#3695 = ADVANCED_FACE('',(#3696),#1596,.T.);
#3696 = FACE_BOUND('',#3697,.T.);
#3697 = EDGE_LOOP('',(#3698,#3720,#3721,#3743,#3915,#3977,#3999,#4027,
    #4049,#4116));
#3698 = ORIENTED_EDGE('',*,*,#3699,.F.);
#3699 = EDGE_CURVE('',#1536,#3700,#3702,.T.);
#3700 = VERTEX_POINT('',#3701);
#3701 = CARTESIAN_POINT('',(21.85867965644,-95.87867965644,
    69.37867965644));
#3702 = SURFACE_CURVE('',#3703,(#3706,#3713),.PCURVE_S1.);
#3703 = B_SPLINE_CURVE_WITH_KNOTS('',1,(#3704,#3705),.UNSPECIFIED.,.F.,
  .F.,(2,2),(0.,1.),.PIECEWISE_BEZIER_KNOTS.);
#3704 = CARTESIAN_POINT('',(17.48,-91.5,65.));
#3705 = CARTESIAN_POINT('',(30.28,-104.3,77.8));
#3706 = PCURVE('',#1596,#3707);
#3707 = DEFINITIONAL_REPRESENTATION('',(#3708),#3712);
#3708 = LINE('',#3709,#3710);
#3709 = CARTESIAN_POINT('',(-27.8,0.));
#3710 = VECTOR('',#3711,1.);
#3711 = DIRECTION('',(0.,1.));
#3712 = ( GEOMETRIC_REPRESENTATION_CONTEXT(2) 
PARAMETRIC_REPRESENTATION_CONTEXT() REPRESENTATION_CONTEXT('2D SPACE',''
  ) );
#3713 = PCURVE('',#1897,#3714);
#3714 = DEFINITIONAL_REPRESENTATION('',(#3715),#3719);
#3715 = LINE('',#3716,#3717);
#3716 = CARTESIAN_POINT('',(27.8,0.));
#3717 = VECTOR('',#3718,1.);
#3718 = DIRECTION('',(0.,1.));
#3719 = ( GEOMETRIC_REPRESENTATION_CONTEXT(2) 
PARAMETRIC_REPRESENTATION_CONTEXT() REPRESENTATION_CONTEXT('2D SPACE',''
  ) );
#3720 = ORIENTED_EDGE('',*,*,#1582,.T.);
#3721 = ORIENTED_EDGE('',*,*,#3722,.T.);
#3722 = EDGE_CURVE('',#1560,#3723,#3725,.T.);
#3723 = VERTEX_POINT('',#3724);
#3724 = CARTESIAN_POINT('',(21.85867965644,-57.12132034356,
    69.37867965644));
#3725 = SURFACE_CURVE('',#3726,(#3729,#3736),.PCURVE_S1.);
#3726 = B_SPLINE_CURVE_WITH_KNOTS('',1,(#3727,#3728),.UNSPECIFIED.,.F.,
  .F.,(2,2),(0.,1.),.PIECEWISE_BEZIER_KNOTS.);
#3727 = CARTESIAN_POINT('',(17.48,-61.5,65.));
#3728 = CARTESIAN_POINT('',(30.28,-48.7,77.8));
#3729 = PCURVE('',#1596,#3730);
#3730 = DEFINITIONAL_REPRESENTATION('',(#3731),#3735);
#3731 = LINE('',#3732,#3733);
#3732 = CARTESIAN_POINT('',(27.8,0.));
#3733 = VECTOR('',#3734,1.);
#3734 = DIRECTION('',(0.,1.));
#3735 = ( GEOMETRIC_REPRESENTATION_CONTEXT(2) 
PARAMETRIC_REPRESENTATION_CONTEXT() REPRESENTATION_CONTEXT('2D SPACE',''
  ) );
#3736 = PCURVE('',#2123,#3737);
#3737 = DEFINITIONAL_REPRESENTATION('',(#3738),#3742);
#3738 = LINE('',#3739,#3740);
#3739 = CARTESIAN_POINT('',(-27.8,0.));
#3740 = VECTOR('',#3741,1.);
#3741 = DIRECTION('',(0.,1.));
#3742 = ( GEOMETRIC_REPRESENTATION_CONTEXT(2) 
PARAMETRIC_REPRESENTATION_CONTEXT() REPRESENTATION_CONTEXT('2D SPACE',''
  ) );
#3743 = ORIENTED_EDGE('',*,*,#3744,.T.);
#3744 = EDGE_CURVE('',#3723,#3745,#3747,.T.);
#3745 = VERTEX_POINT('',#3746);
#3746 = CARTESIAN_POINT('',(26.98,-55.,74.5));
#3747 = SURFACE_CURVE('',#3748,(#3800,#3855),.PCURVE_S1.);
#3748 = B_SPLINE_CURVE_WITH_KNOTS('',8,(#3749,#3750,#3751,#3752,#3753,
    #3754,#3755,#3756,#3757,#3758,#3759,#3760,#3761,#3762,#3763,#3764,
    #3765,#3766,#3767,#3768,#3769,#3770,#3771,#3772,#3773,#3774,#3775,
    #3776,#3777,#3778,#3779,#3780,#3781,#3782,#3783,#3784,#3785,#3786,
    #3787,#3788,#3789,#3790,#3791,#3792,#3793,#3794,#3795,#3796,#3797,
    #3798,#3799),.UNSPECIFIED.,.F.,.F.,(9,7,7,7,7,7,7,9),(0.,
    0.368105296039,0.501135177264,0.64109238275,0.728812766257,
    0.770990566609,0.849432557038,1.),.UNSPECIFIED.);
#3749 = CARTESIAN_POINT('',(21.85867965644,-57.12132034356,
    69.37867965644));
#3750 = CARTESIAN_POINT('',(22.028284572729,-57.29092525984,
    69.548284572729));
#3751 = CARTESIAN_POINT('',(22.212969378318,-57.44461458932,
    69.732969378318));
#3752 = CARTESIAN_POINT('',(22.412502664827,-57.58242703388,
    69.932502664828));
#3753 = CARTESIAN_POINT('',(22.626868699115,-57.70343520154,
    70.146868699114));
#3754 = CARTESIAN_POINT('',(22.855998485799,-57.8061615299,70.3759984858
    ));
#3755 = CARTESIAN_POINT('',(23.099776111783,-57.88843017943,
    70.619776111783));
#3756 = CARTESIAN_POINT('',(23.357877524704,-57.94755835839,
    70.877877524704));
#3757 = CARTESIAN_POINT('',(23.728502632497,-57.99108043546,
    71.248502632497));
#3758 = CARTESIAN_POINT('',(23.828686185044,-57.9990808034,
    71.348686185044));
#3759 = CARTESIAN_POINT('',(23.930641512082,-58.00334298703,
    71.450641512082));
#3760 = CARTESIAN_POINT('',(24.03432448899,-58.0036593848,71.55432448899
    ));
#3761 = CARTESIAN_POINT('',(24.139672103297,-57.99980204012,
    71.659672103297));
#3762 = CARTESIAN_POINT('',(24.246601722713,-57.99152204618,
    71.766601722713));
#3763 = CARTESIAN_POINT('',(24.355011113344,-57.97854641791,
    71.875011113344));
#3764 = CARTESIAN_POINT('',(24.580263305647,-57.94166247674,
    72.100263305646));
#3765 = CARTESIAN_POINT('',(24.697215056033,-57.91722576286,
    72.217215056033));
#3766 = CARTESIAN_POINT('',(24.815514721242,-57.88691230672,
    72.335514721242));
#3767 = CARTESIAN_POINT('',(24.934970615909,-57.85033610366,
    72.454970615909));
#3768 = CARTESIAN_POINT('',(25.055316179216,-57.80708742108,
    72.575316179216));
#3769 = CARTESIAN_POINT('',(25.176207733637,-57.75674023103,
    72.696207733637));
#3770 = CARTESIAN_POINT('',(25.297222930501,-57.69885478136,
    72.817222930501));
#3771 = CARTESIAN_POINT('',(25.493470992521,-57.59168430589,
    73.013470992521));
#3772 = CARTESIAN_POINT('',(25.568915887203,-57.5472625679,
    73.088915887203));
#3773 = CARTESIAN_POINT('',(25.644062771085,-57.49960456809,
    73.164062771085));
#3774 = CARTESIAN_POINT('',(25.718752400367,-57.44861301816,
    73.238752400367));
#3775 = CARTESIAN_POINT('',(25.792798689017,-57.39420300356,
    73.312798689017));
#3776 = CARTESIAN_POINT('',(25.865989818555,-57.33630782464,
    73.385989818555));
#3777 = CARTESIAN_POINT('',(25.938089851392,-57.27488654043,
    73.458089851392));
#3778 = CARTESIAN_POINT('',(26.042859410763,-57.17870229368,
    73.562859410763));
#3779 = CARTESIAN_POINT('',(26.076564682046,-57.14665609303,
    73.596564682046));
#3780 = CARTESIAN_POINT('',(26.109927094889,-57.11379501422,
    73.629927094889));
#3781 = CARTESIAN_POINT('',(26.142915687613,-57.08012166326,
    73.662915687613));
#3782 = CARTESIAN_POINT('',(26.175498282023,-57.04564120162,
    73.695498282023));
#3783 = CARTESIAN_POINT('',(26.207641661907,-57.01036169694,
    73.727641661907));
#3784 = CARTESIAN_POINT('',(26.239311751544,-56.97429447362,
    73.759311751543));
#3785 = CARTESIAN_POINT('',(26.328428752264,-56.86893965955,
    73.848428752264));
#3786 = CARTESIAN_POINT('',(26.384639438924,-56.7977366749,
    73.904639438924));
#3787 = CARTESIAN_POINT('',(26.438865548181,-56.72395792064,
    73.958865548181));
#3788 = CARTESIAN_POINT('',(26.490875120458,-56.64774806319,
    74.010875120458));
#3789 = CARTESIAN_POINT('',(26.540447404584,-56.56928717809,
    74.060447404584));
#3790 = CARTESIAN_POINT('',(26.587377351573,-56.48879494831,
    74.107377351573));
#3791 = CARTESIAN_POINT('',(26.631481740166,-56.40653590702,
    74.151481740166));
#3792 = CARTESIAN_POINT('',(26.751545717666,-56.16214611908,
    74.271545717666));
#3793 = CARTESIAN_POINT('',(26.81958107162,-55.99597075652,
    74.33958107162));
#3794 = CARTESIAN_POINT('',(26.875500431158,-55.82670428542,
    74.395500431158));
#3795 = CARTESIAN_POINT('',(26.919035269135,-55.65651570258,
    74.439035269135));
#3796 = CARTESIAN_POINT('',(26.950480694937,-55.48730618354,
    74.470480694937));
#3797 = CARTESIAN_POINT('',(26.970498679418,-55.3206801257,
    74.490498679418));
#3798 = CARTESIAN_POINT('',(26.98,-55.15792429916,74.5));
#3799 = CARTESIAN_POINT('',(26.98,-55.,74.5));
#3800 = PCURVE('',#1596,#3801);
#3801 = DEFINITIONAL_REPRESENTATION('',(#3802),#3854);
#3802 = B_SPLINE_CURVE_WITH_KNOTS('',8,(#3803,#3804,#3805,#3806,#3807,
    #3808,#3809,#3810,#3811,#3812,#3813,#3814,#3815,#3816,#3817,#3818,
    #3819,#3820,#3821,#3822,#3823,#3824,#3825,#3826,#3827,#3828,#3829,
    #3830,#3831,#3832,#3833,#3834,#3835,#3836,#3837,#3838,#3839,#3840,
    #3841,#3842,#3843,#3844,#3845,#3846,#3847,#3848,#3849,#3850,#3851,
    #3852,#3853),.UNSPECIFIED.,.F.,.F.,(9,7,7,7,7,7,7,9),(0.,
    0.368105296039,0.501135177264,0.64109238275,0.728812766257,
    0.770990566609,0.849432557038,1.),.UNSPECIFIED.);
#3803 = CARTESIAN_POINT('',(27.8,0.342084348159));
#3804 = CARTESIAN_POINT('',(27.313381019097,0.355334732244));
#3805 = CARTESIAN_POINT('',(26.837695662103,0.369763232681));
#3806 = CARTESIAN_POINT('',(26.374352264652,0.38535177069));
#3807 = CARTESIAN_POINT('',(25.925624652059,0.402099117118));
#3808 = CARTESIAN_POINT('',(25.494390366896,0.419999881703));
#3809 = CARTESIAN_POINT('',(25.084171259562,0.439045008733));
#3810 = CARTESIAN_POINT('',(24.698925082949,0.459209181617));
#3811 = CARTESIAN_POINT('',(24.215133536898,0.488164268164));
#3812 = CARTESIAN_POINT('',(24.090673042851,0.495991108207));
#3813 = CARTESIAN_POINT('',(23.970422174056,0.503956368131));
#3814 = CARTESIAN_POINT('',(23.854662399399,0.512056600702));
#3815 = CARTESIAN_POINT('',(23.743708370043,0.52028688307));
#3816 = CARTESIAN_POINT('',(23.637906518733,0.528640759587));
#3817 = CARTESIAN_POINT('',(23.53763631726,0.53711024323));
#3818 = CARTESIAN_POINT('',(23.344080388788,0.554708070754));
#3819 = CARTESIAN_POINT('',(23.251461693384,0.563844926253));
#3820 = CARTESIAN_POINT('',(23.165915786641,0.573087087597));
#3821 = CARTESIAN_POINT('',(23.087998993222,0.582419579368));
#3822 = CARTESIAN_POINT('',(23.018345271408,0.591821576501));
#3823 = CARTESIAN_POINT('',(22.957653921519,0.60126622919));
#3824 = CARTESIAN_POINT('',(22.906686012967,0.610720541445));
#3825 = CARTESIAN_POINT('',(22.840937862502,0.626052421291));
#3826 = CARTESIAN_POINT('',(22.819757119729,0.631946553688));
#3827 = CARTESIAN_POINT('',(22.802931087524,0.637817403991));
#3828 = CARTESIAN_POINT('',(22.790676105289,0.643652531279));
#3829 = CARTESIAN_POINT('',(22.783215302249,0.649437397579));
#3830 = CARTESIAN_POINT('',(22.780771292861,0.655155454575));
#3831 = CARTESIAN_POINT('',(22.78355733134,0.66078826964));
#3832 = CARTESIAN_POINT('',(22.795714270283,0.668973391466));
#3833 = CARTESIAN_POINT('',(22.800915320448,0.671606615785));
#3834 = CARTESIAN_POINT('',(22.807391212527,0.674213054288));
#3835 = CARTESIAN_POINT('',(22.815161833292,0.676790288095));
#3836 = CARTESIAN_POINT('',(22.82424532837,0.679335803283));
#3837 = CARTESIAN_POINT('',(22.83465761105,0.681847004837));
#3838 = CARTESIAN_POINT('',(22.846411871098,0.684321230589));
#3839 = CARTESIAN_POINT('',(22.883892929663,0.691283496271));
#3840 = CARTESIAN_POINT('',(22.912949290248,0.695674956166));
#3841 = CARTESIAN_POINT('',(22.946748296043,0.699911370952));
#3842 = CARTESIAN_POINT('',(22.985309691845,0.703974618786));
#3843 = CARTESIAN_POINT('',(23.028608037838,0.707847453483));
#3844 = CARTESIAN_POINT('',(23.076565617652,0.711513855592));
#3845 = CARTESIAN_POINT('',(23.129042053161,0.714959510951));
#3846 = CARTESIAN_POINT('',(23.294805679614,0.724339509193));
#3847 = CARTESIAN_POINT('',(23.419742940867,0.72965477122));
#3848 = CARTESIAN_POINT('',(23.559018811615,0.734023471184));
#3849 = CARTESIAN_POINT('',(23.710537942742,0.737424630401));
#3850 = CARTESIAN_POINT('',(23.872090638485,0.739881304292));
#3851 = CARTESIAN_POINT('',(24.041505656025,0.74144520933));
#3852 = CARTESIAN_POINT('',(24.216722631971,0.7421875));
#3853 = CARTESIAN_POINT('',(24.395918367347,0.7421875));
#3854 = ( GEOMETRIC_REPRESENTATION_CONTEXT(2) 
PARAMETRIC_REPRESENTATION_CONTEXT() REPRESENTATION_CONTEXT('2D SPACE',''
  ) );
#3855 = PCURVE('',#3856,#3861);
#3856 = CYLINDRICAL_SURFACE('',#3857,3.);
#3857 = AXIS2_PLACEMENT_3D('',#3858,#3859,#3860);
#3858 = CARTESIAN_POINT('',(23.98,-55.,64.));
#3859 = DIRECTION('',(0.,0.,1.));
#3860 = DIRECTION('',(1.,0.,-0.));
#3861 = DEFINITIONAL_REPRESENTATION('',(#3862),#3914);
#3862 = B_SPLINE_CURVE_WITH_KNOTS('',8,(#3863,#3864,#3865,#3866,#3867,
    #3868,#3869,#3870,#3871,#3872,#3873,#3874,#3875,#3876,#3877,#3878,
    #3879,#3880,#3881,#3882,#3883,#3884,#3885,#3886,#3887,#3888,#3889,
    #3890,#3891,#3892,#3893,#3894,#3895,#3896,#3897,#3898,#3899,#3900,
    #3901,#3902,#3903,#3904,#3905,#3906,#3907,#3908,#3909,#3910,#3911,
    #3912,#3913),.UNSPECIFIED.,.F.,.F.,(9,7,7,7,7,7,7,9),(0.,
    0.368105296039,0.501135177264,0.64109238275,0.728812766257,
    0.770990566609,0.849432557038,1.),.UNSPECIFIED.);
#3863 = CARTESIAN_POINT('',(3.926990816987,5.37867965644));
#3864 = CARTESIAN_POINT('',(4.006943341274,5.548284572729));
#3865 = CARTESIAN_POINT('',(4.086699146892,5.732969378318));
#3866 = CARTESIAN_POINT('',(4.166989643336,5.932502664828));
#3867 = CARTESIAN_POINT('',(4.248362577913,6.146868699114));
#3868 = CARTESIAN_POINT('',(4.331315675325,6.3759984858));
#3869 = CARTESIAN_POINT('',(4.416379722498,6.619776111783));
#3870 = CARTESIAN_POINT('',(4.504125261559,6.877877524704));
#3871 = CARTESIAN_POINT('',(4.628515838962,7.248502632497));
#3872 = CARTESIAN_POINT('',(4.66199350337,7.348686185044));
#3873 = CARTESIAN_POINT('',(4.695967200663,7.450641512082));
#3874 = CARTESIAN_POINT('',(4.730475629349,7.55432448899));
#3875 = CARTESIAN_POINT('',(4.76555819935,7.659672103297));
#3876 = CARTESIAN_POINT('',(4.801256580741,7.766601722713));
#3877 = CARTESIAN_POINT('',(4.837617060302,7.875011113344));
#3878 = CARTESIAN_POINT('',(4.913701060119,8.100263305647));
#3879 = CARTESIAN_POINT('',(4.953488942455,8.217215056033));
#3880 = CARTESIAN_POINT('',(4.994127061141,8.335514721242));
#3881 = CARTESIAN_POINT('',(5.035679098811,8.454970615909));
#3882 = CARTESIAN_POINT('',(5.078204487492,8.575316179216));
#3883 = CARTESIAN_POINT('',(5.121761687286,8.696207733637));
#3884 = CARTESIAN_POINT('',(5.166412968731,8.817222930501));
#3885 = CARTESIAN_POINT('',(5.240947682983,9.013470992521));
#3886 = CARTESIAN_POINT('',(5.270116204803,9.088915887203));
#3887 = CARTESIAN_POINT('',(5.299750693296,9.164062771085));
#3888 = CARTESIAN_POINT('',(5.329860894599,9.238752400367));
#3889 = CARTESIAN_POINT('',(5.36045218551,9.312798689017));
#3890 = CARTESIAN_POINT('',(5.391525275735,9.385989818555));
#3891 = CARTESIAN_POINT('',(5.423075298822,9.458089851392));
#3892 = CARTESIAN_POINT('',(5.470483771921,9.562859410763));
#3893 = CARTESIAN_POINT('',(5.485984113265,9.596564682046));
#3894 = CARTESIAN_POINT('',(5.501589512168,9.629927094889));
#3895 = CARTESIAN_POINT('',(5.517297669313,9.662915687613));
#3896 = CARTESIAN_POINT('',(5.533105724841,9.695498282023));
#3897 = CARTESIAN_POINT('',(5.549010193473,9.727641661907));
#3898 = CARTESIAN_POINT('',(5.565006899631,9.759311751544));
#3899 = CARTESIAN_POINT('',(5.611003852024,9.848428752264));
#3900 = CARTESIAN_POINT('',(5.641225422993,9.904639438924));
#3901 = CARTESIAN_POINT('',(5.671716111015,9.958865548181));
#3902 = CARTESIAN_POINT('',(5.70243341938,10.010875120458));
#3903 = CARTESIAN_POINT('',(5.733330793622,10.060447404584));
#3904 = CARTESIAN_POINT('',(5.764355944252,10.107377351573));
#3905 = CARTESIAN_POINT('',(5.795448567735,10.151481740166));
#3906 = CARTESIAN_POINT('',(5.886211829479,10.271545717666));
#3907 = CARTESIAN_POINT('',(5.945927742314,10.33958107162));
#3908 = CARTESIAN_POINT('',(6.005111836036,10.395500431158));
#3909 = CARTESIAN_POINT('',(6.063400065674,10.439035269135));
#3910 = CARTESIAN_POINT('',(6.120527973405,10.470480694937));
#3911 = CARTESIAN_POINT('',(6.17629181438,10.490498679418));
#3912 = CARTESIAN_POINT('',(6.230543874125,10.5));
#3913 = CARTESIAN_POINT('',(6.28318530718,10.5));
#3914 = ( GEOMETRIC_REPRESENTATION_CONTEXT(2) 
PARAMETRIC_REPRESENTATION_CONTEXT() REPRESENTATION_CONTEXT('2D SPACE',''
  ) );
#3915 = ORIENTED_EDGE('',*,*,#3916,.T.);
#3916 = EDGE_CURVE('',#3745,#3917,#3919,.T.);
#3917 = VERTEX_POINT('',#3918);
#3918 = CARTESIAN_POINT('',(26.10132034356,-52.87867965644,
    73.62132034356));
#3919 = SURFACE_CURVE('',#3920,(#3937,#3957),.PCURVE_S1.);
#3920 = B_SPLINE_CURVE_WITH_KNOTS('',8,(#3921,#3922,#3923,#3924,#3925,
    #3926,#3927,#3928,#3929,#3930,#3931,#3932,#3933,#3934,#3935,#3936),
  .UNSPECIFIED.,.F.,.F.,(9,7,9),(0.,0.320929699917,1.),.UNSPECIFIED.);
#3921 = CARTESIAN_POINT('',(26.98,-55.,74.5));
#3922 = CARTESIAN_POINT('',(26.98,-54.88499932897,74.5));
#3923 = CARTESIAN_POINT('',(26.974961809395,-54.77239977253,
    74.494961809395));
#3924 = CARTESIAN_POINT('',(26.96525377438,-54.6624247104,74.48525377438
    ));
#3925 = CARTESIAN_POINT('',(26.951240414201,-54.55523230439,
    74.471240414201));
#3926 = CARTESIAN_POINT('',(26.933270751695,-54.45092175863,
    74.453270751695));
#3927 = CARTESIAN_POINT('',(26.911668524074,-54.34953953666,
    74.431668524074));
#3928 = CARTESIAN_POINT('',(26.88672427393,-54.25108553524,
    74.40672427393));
#3929 = CARTESIAN_POINT('',(26.799368839178,-53.95330592725,
    74.319368839178));
#3930 = CARTESIAN_POINT('',(26.726301594531,-53.76433140689,
    74.246301594531));
#3931 = CARTESIAN_POINT('',(26.6418864341,-53.58796247813,
    74.161886434099));
#3932 = CARTESIAN_POINT('',(26.547917674081,-53.42377530208,
    74.067917674082));
#3933 = CARTESIAN_POINT('',(26.445881152005,-53.27127299683,
    73.965881152005));
#3934 = CARTESIAN_POINT('',(26.336921013811,-53.12994393206,
    73.856921013811));
#3935 = CARTESIAN_POINT('',(26.221889131848,-52.99924844472,
    73.741889131848));
#3936 = CARTESIAN_POINT('',(26.10132034356,-52.87867965644,
    73.62132034356));
#3937 = PCURVE('',#1596,#3938);
#3938 = DEFINITIONAL_REPRESENTATION('',(#3939),#3956);
#3939 = B_SPLINE_CURVE_WITH_KNOTS('',8,(#3940,#3941,#3942,#3943,#3944,
    #3945,#3946,#3947,#3948,#3949,#3950,#3951,#3952,#3953,#3954,#3955),
  .UNSPECIFIED.,.F.,.F.,(9,7,9),(0.,0.320929699917,1.),.UNSPECIFIED.);
#3940 = CARTESIAN_POINT('',(24.395918367347,0.7421875));
#3941 = CARTESIAN_POINT('',(24.526408924672,0.7421875));
#3942 = CARTESIAN_POINT('',(24.659191717935,0.741793891359));
#3943 = CARTESIAN_POINT('',(24.793753932432,0.741035451123));
#3944 = CARTESIAN_POINT('',(24.929653028124,0.739940657359));
#3945 = CARTESIAN_POINT('',(25.066518048883,0.738536777476));
#3946 = CARTESIAN_POINT('',(25.204051282921,0.736849103443));
#3947 = CARTESIAN_POINT('',(25.342030274423,0.734900333901));
#3948 = CARTESIAN_POINT('',(25.772903178943,0.728075690561));
#3949 = CARTESIAN_POINT('',(26.066394798412,0.722367312073));
#3950 = CARTESIAN_POINT('',(26.35966830851,0.715772377664));
#3951 = CARTESIAN_POINT('',(26.65180524225,0.708431068288));
#3952 = CARTESIAN_POINT('',(26.942150871865,0.700459465));
#3953 = CARTESIAN_POINT('',(27.230318206387,0.691946954204));
#3954 = CARTESIAN_POINT('',(27.516204491055,0.682960088426));
#3955 = CARTESIAN_POINT('',(27.8,0.673540651841));
#3956 = ( GEOMETRIC_REPRESENTATION_CONTEXT(2) 
PARAMETRIC_REPRESENTATION_CONTEXT() REPRESENTATION_CONTEXT('2D SPACE',''
  ) );
#3957 = PCURVE('',#3856,#3958);
#3958 = DEFINITIONAL_REPRESENTATION('',(#3959),#3976);
#3959 = B_SPLINE_CURVE_WITH_KNOTS('',8,(#3960,#3961,#3962,#3963,#3964,
    #3965,#3966,#3967,#3968,#3969,#3970,#3971,#3972,#3973,#3974,#3975),
  .UNSPECIFIED.,.F.,.F.,(9,7,9),(0.,0.320929699917,1.),.UNSPECIFIED.);
#3960 = CARTESIAN_POINT('',(0.,10.5));
#3961 = CARTESIAN_POINT('',(3.833355700804E-02,10.5));
#3962 = CARTESIAN_POINT('',(7.58667343889E-02,10.494961809395));
#3963 = CARTESIAN_POINT('',(0.112610946893,10.48525377438));
#3964 = CARTESIAN_POINT('',(0.148584182335,10.471240414201));
#3965 = CARTESIAN_POINT('',(0.183810666077,10.453270751695));
#3966 = CARTESIAN_POINT('',(0.218320950974,10.431668524074));
#3967 = CARTESIAN_POINT('',(0.252152432795,10.40672427393));
#3968 = CARTESIAN_POINT('',(0.355595206514,10.319368839178));
#3969 = CARTESIAN_POINT('',(0.42289556931,10.246301594531));
#3970 = CARTESIAN_POINT('',(0.487756576956,10.161886434099));
#3971 = CARTESIAN_POINT('',(0.550489380259,10.067917674082));
#3972 = CARTESIAN_POINT('',(0.611369746591,9.965881152005));
#3973 = CARTESIAN_POINT('',(0.670642940731,9.856921013811));
#3974 = CARTESIAN_POINT('',(0.728561491532,9.741889131848));
#3975 = CARTESIAN_POINT('',(0.785398163397,9.62132034356));
#3976 = ( GEOMETRIC_REPRESENTATION_CONTEXT(2) 
PARAMETRIC_REPRESENTATION_CONTEXT() REPRESENTATION_CONTEXT('2D SPACE',''
  ) );
#3977 = ORIENTED_EDGE('',*,*,#3978,.T.);
#3978 = EDGE_CURVE('',#3917,#3979,#3981,.T.);
#3979 = VERTEX_POINT('',#3980);
#3980 = CARTESIAN_POINT('',(30.28,-48.7,77.8));
#3981 = SURFACE_CURVE('',#3982,(#3985,#3992),.PCURVE_S1.);
#3982 = B_SPLINE_CURVE_WITH_KNOTS('',1,(#3983,#3984),.UNSPECIFIED.,.F.,
  .F.,(2,2),(0.,1.),.PIECEWISE_BEZIER_KNOTS.);
#3983 = CARTESIAN_POINT('',(17.48,-61.5,65.));
#3984 = CARTESIAN_POINT('',(30.28,-48.7,77.8));
#3985 = PCURVE('',#1596,#3986);
#3986 = DEFINITIONAL_REPRESENTATION('',(#3987),#3991);
#3987 = LINE('',#3988,#3989);
#3988 = CARTESIAN_POINT('',(27.8,0.));
#3989 = VECTOR('',#3990,1.);
#3990 = DIRECTION('',(0.,1.));
#3991 = ( GEOMETRIC_REPRESENTATION_CONTEXT(2) 
PARAMETRIC_REPRESENTATION_CONTEXT() REPRESENTATION_CONTEXT('2D SPACE',''
  ) );
#3992 = PCURVE('',#2123,#3993);
#3993 = DEFINITIONAL_REPRESENTATION('',(#3994),#3998);
#3994 = LINE('',#3995,#3996);
#3995 = CARTESIAN_POINT('',(-27.8,0.));
#3996 = VECTOR('',#3997,1.);
#3997 = DIRECTION('',(0.,1.));
#3998 = ( GEOMETRIC_REPRESENTATION_CONTEXT(2) 
PARAMETRIC_REPRESENTATION_CONTEXT() REPRESENTATION_CONTEXT('2D SPACE',''
  ) );
#3999 = ORIENTED_EDGE('',*,*,#4000,.F.);
#4000 = EDGE_CURVE('',#4001,#3979,#4003,.T.);
#4001 = VERTEX_POINT('',#4002);
#4002 = CARTESIAN_POINT('',(30.28,-104.3,77.8));
#4003 = SURFACE_CURVE('',#4004,(#4008,#4015),.PCURVE_S1.);
#4004 = LINE('',#4005,#4006);
#4005 = CARTESIAN_POINT('',(30.28,-76.5,77.8));
#4006 = VECTOR('',#4007,1.);
#4007 = DIRECTION('',(0.,1.,0.));
#4008 = PCURVE('',#1596,#4009);
#4009 = DEFINITIONAL_REPRESENTATION('',(#4010),#4014);
#4010 = LINE('',#4011,#4012);
#4011 = CARTESIAN_POINT('',(0.,1.));
#4012 = VECTOR('',#4013,1.);
#4013 = DIRECTION('',(1.,0.));
#4014 = ( GEOMETRIC_REPRESENTATION_CONTEXT(2) 
PARAMETRIC_REPRESENTATION_CONTEXT() REPRESENTATION_CONTEXT('2D SPACE',''
  ) );
#4015 = PCURVE('',#4016,#4021);
#4016 = PLANE('',#4017);
#4017 = AXIS2_PLACEMENT_3D('',#4018,#4019,#4020);
#4018 = CARTESIAN_POINT('',(30.28,-104.3,77.8));
#4019 = DIRECTION('',(1.,0.,-0.));
#4020 = DIRECTION('',(0.,0.,1.));
#4021 = DEFINITIONAL_REPRESENTATION('',(#4022),#4026);
#4022 = LINE('',#4023,#4024);
#4023 = CARTESIAN_POINT('',(0.,-27.8));
#4024 = VECTOR('',#4025,1.);
#4025 = DIRECTION('',(0.,-1.));
#4026 = ( GEOMETRIC_REPRESENTATION_CONTEXT(2) 
PARAMETRIC_REPRESENTATION_CONTEXT() REPRESENTATION_CONTEXT('2D SPACE',''
  ) );
#4027 = ORIENTED_EDGE('',*,*,#4028,.F.);
#4028 = EDGE_CURVE('',#4029,#4001,#4031,.T.);
#4029 = VERTEX_POINT('',#4030);
#4030 = CARTESIAN_POINT('',(26.10132034356,-100.1213203435,
    73.62132034356));
#4031 = SURFACE_CURVE('',#4032,(#4035,#4042),.PCURVE_S1.);
#4032 = B_SPLINE_CURVE_WITH_KNOTS('',1,(#4033,#4034),.UNSPECIFIED.,.F.,
  .F.,(2,2),(0.,1.),.PIECEWISE_BEZIER_KNOTS.);
#4033 = CARTESIAN_POINT('',(17.48,-91.5,65.));
#4034 = CARTESIAN_POINT('',(30.28,-104.3,77.8));
#4035 = PCURVE('',#1596,#4036);
#4036 = DEFINITIONAL_REPRESENTATION('',(#4037),#4041);
#4037 = LINE('',#4038,#4039);
#4038 = CARTESIAN_POINT('',(-27.8,0.));
#4039 = VECTOR('',#4040,1.);
#4040 = DIRECTION('',(0.,1.));
#4041 = ( GEOMETRIC_REPRESENTATION_CONTEXT(2) 
PARAMETRIC_REPRESENTATION_CONTEXT() REPRESENTATION_CONTEXT('2D SPACE',''
  ) );
#4042 = PCURVE('',#1897,#4043);
#4043 = DEFINITIONAL_REPRESENTATION('',(#4044),#4048);
#4044 = LINE('',#4045,#4046);
#4045 = CARTESIAN_POINT('',(27.8,0.));
#4046 = VECTOR('',#4047,1.);
#4047 = DIRECTION('',(0.,1.));
#4048 = ( GEOMETRIC_REPRESENTATION_CONTEXT(2) 
PARAMETRIC_REPRESENTATION_CONTEXT() REPRESENTATION_CONTEXT('2D SPACE',''
  ) );
#4049 = ORIENTED_EDGE('',*,*,#4050,.T.);
#4050 = EDGE_CURVE('',#4029,#4051,#4053,.T.);
#4051 = VERTEX_POINT('',#4052);
#4052 = CARTESIAN_POINT('',(26.98,-98.,74.5));
#4053 = SURFACE_CURVE('',#4054,(#4071,#4091),.PCURVE_S1.);
#4054 = B_SPLINE_CURVE_WITH_KNOTS('',8,(#4055,#4056,#4057,#4058,#4059,
    #4060,#4061,#4062,#4063,#4064,#4065,#4066,#4067,#4068,#4069,#4070),
  .UNSPECIFIED.,.F.,.F.,(9,7,9),(0.,0.684040967727,1.),.UNSPECIFIED.);
#4055 = CARTESIAN_POINT('',(26.10132034356,-100.1213203435,
    73.62132034356));
#4056 = CARTESIAN_POINT('',(26.222772879914,-99.9998678072,
    73.742772879914));
#4057 = CARTESIAN_POINT('',(26.338603633245,-99.86814297023,
    73.858603633245));
#4058 = CARTESIAN_POINT('',(26.44826973733,-99.72562555978,
    73.96826973733));
#4059 = CARTESIAN_POINT('',(26.550899482848,-99.57176147397,
    74.070899482847));
#4060 = CARTESIAN_POINT('',(26.645319115266,-99.4060271882,
    74.165319115267));
#4061 = CARTESIAN_POINT('',(26.730000458971,-99.22791550521,
    74.250000458971));
#4062 = CARTESIAN_POINT('',(26.803098332887,-99.03699901803,
    74.323098332887));
#4063 = CARTESIAN_POINT('',(26.889409138631,-98.73823634639,
    74.409409138631));
#4064 = CARTESIAN_POINT('',(26.913660925164,-98.64103800007,
    74.433660925164));
#4065 = CARTESIAN_POINT('',(26.934651361764,-98.5410018752,
    74.454651361764));
#4066 = CARTESIAN_POINT('',(26.952101383107,-98.43813022518,
    74.472101383107));
#4067 = CARTESIAN_POINT('',(26.965700958781,-98.3324694521,
    74.485700958781));
#4068 = CARTESIAN_POINT('',(26.975116495623,-98.2241158655,
    74.495116495623));
#4069 = CARTESIAN_POINT('',(26.98,-98.11322150113,74.5));
#4070 = CARTESIAN_POINT('',(26.98,-98.,74.5));
#4071 = PCURVE('',#1596,#4072);
#4072 = DEFINITIONAL_REPRESENTATION('',(#4073),#4090);
#4073 = B_SPLINE_CURVE_WITH_KNOTS('',8,(#4074,#4075,#4076,#4077,#4078,
    #4079,#4080,#4081,#4082,#4083,#4084,#4085,#4086,#4087,#4088,#4089),
  .UNSPECIFIED.,.F.,.F.,(9,7,9),(0.,0.684040967727,1.),.UNSPECIFIED.);
#4074 = CARTESIAN_POINT('',(-27.8,0.673540651841));
#4075 = CARTESIAN_POINT('',(-27.51412431976,0.683029131243));
#4076 = CARTESIAN_POINT('',(-27.2261351102,0.692078408847));
#4077 = CARTESIAN_POINT('',(-26.93583052146,0.700646073229));
#4078 = CARTESIAN_POINT('',(-26.64331367199,0.708664022097));
#4079 = CARTESIAN_POINT('',(-26.34898346449,0.71604055588));
#4080 = CARTESIAN_POINT('',(-26.05351759482,0.722656285857));
#4081 = CARTESIAN_POINT('',(-25.75786878304,0.728367057257));
#4082 = CARTESIAN_POINT('',(-25.32708821969,0.735110088956));
#4083 = CARTESIAN_POINT('',(-25.19128563252,0.737004759778));
#4084 = CARTESIAN_POINT('',(-25.05593253254,0.738644637638));
#4085 = CARTESIAN_POINT('',(-24.9212450413,0.740007920555));
#4086 = CARTESIAN_POINT('',(-24.7875101769,0.741070387405));
#4087 = CARTESIAN_POINT('',(-24.65508400639,0.741805976221));
#4088 = CARTESIAN_POINT('',(-24.52439011149,0.7421875));
#4089 = CARTESIAN_POINT('',(-24.39591836734,0.7421875));
#4090 = ( GEOMETRIC_REPRESENTATION_CONTEXT(2) 
PARAMETRIC_REPRESENTATION_CONTEXT() REPRESENTATION_CONTEXT('2D SPACE',''
  ) );
#4091 = PCURVE('',#4092,#4097);
#4092 = CYLINDRICAL_SURFACE('',#4093,3.);
#4093 = AXIS2_PLACEMENT_3D('',#4094,#4095,#4096);
#4094 = CARTESIAN_POINT('',(23.98,-98.,64.));
#4095 = DIRECTION('',(0.,0.,1.));
#4096 = DIRECTION('',(1.,0.,-0.));
#4097 = DEFINITIONAL_REPRESENTATION('',(#4098),#4115);
#4098 = B_SPLINE_CURVE_WITH_KNOTS('',8,(#4099,#4100,#4101,#4102,#4103,
    #4104,#4105,#4106,#4107,#4108,#4109,#4110,#4111,#4112,#4113,#4114),
  .UNSPECIFIED.,.F.,.F.,(9,7,9),(0.,0.684040967727,1.),.UNSPECIFIED.);
#4099 = CARTESIAN_POINT('',(5.497787143782,9.62132034356));
#4100 = CARTESIAN_POINT('',(5.555040418481,9.742772879914));
#4101 = CARTESIAN_POINT('',(5.613389889347,9.858603633245));
#4102 = CARTESIAN_POINT('',(5.673115749951,9.96826973733));
#4103 = CARTESIAN_POINT('',(5.734476836074,10.070899482847));
#4104 = CARTESIAN_POINT('',(5.79772386939,10.165319115267));
#4105 = CARTESIAN_POINT('',(5.863139134134,10.250000458971));
#4106 = CARTESIAN_POINT('',(5.931040460916,10.323098332887));
#4107 = CARTESIAN_POINT('',(6.034700529922,10.409409138631));
#4108 = CARTESIAN_POINT('',(6.068070735862,10.433660925164));
#4109 = CARTESIAN_POINT('',(6.102101549895,10.454651361764));
#4110 = CARTESIAN_POINT('',(6.136828392983,10.472101383107));
#4111 = CARTESIAN_POINT('',(6.172280229712,10.485700958781));
#4112 = CARTESIAN_POINT('',(6.208480026316,10.495116495623));
#4113 = CARTESIAN_POINT('',(6.245444806801,10.5));
#4114 = CARTESIAN_POINT('',(6.28318530718,10.5));
#4115 = ( GEOMETRIC_REPRESENTATION_CONTEXT(2) 
PARAMETRIC_REPRESENTATION_CONTEXT() REPRESENTATION_CONTEXT('2D SPACE',''
  ) );
#4116 = ORIENTED_EDGE('',*,*,#4117,.T.);
#4117 = EDGE_CURVE('',#4051,#3700,#4118,.T.);
#4118 = SURFACE_CURVE('',#4119,(#4178,#4240),.PCURVE_S1.);
#4119 = B_SPLINE_CURVE_WITH_KNOTS('',8,(#4120,#4121,#4122,#4123,#4124,
    #4125,#4126,#4127,#4128,#4129,#4130,#4131,#4132,#4133,#4134,#4135,
    #4136,#4137,#4138,#4139,#4140,#4141,#4142,#4143,#4144,#4145,#4146,
    #4147,#4148,#4149,#4150,#4151,#4152,#4153,#4154,#4155,#4156,#4157,
    #4158,#4159,#4160,#4161,#4162,#4163,#4164,#4165,#4166,#4167,#4168,
    #4169,#4170,#4171,#4172,#4173,#4174,#4175,#4176,#4177),
  .UNSPECIFIED.,.F.,.F.,(9,7,7,7,7,7,7,7,9),(0.,8.605342868201E-02,
    0.150449192179,0.204113854112,0.271708831753,0.35964796851,
    0.499801668532,0.63204552812,1.),.UNSPECIFIED.);
#4120 = CARTESIAN_POINT('',(26.98,-98.,74.5));
#4121 = CARTESIAN_POINT('',(26.98,-97.90962912423,74.5));
#4122 = CARTESIAN_POINT('',(26.976888863711,-97.81778585246,
    74.496888863711));
#4123 = CARTESIAN_POINT('',(26.970488890567,-97.72460079005,
    74.490488890567));
#4124 = CARTESIAN_POINT('',(26.960626199603,-97.63024697428,
    74.480626199603));
#4125 = CARTESIAN_POINT('',(26.947138729392,-97.53494178932,
    74.467138729392));
#4126 = CARTESIAN_POINT('',(26.929887863218,-97.43894899575,
    74.449887863218));
#4127 = CARTESIAN_POINT('',(26.908773679517,-97.34258087445,
    74.428773679517));
#4128 = CARTESIAN_POINT('',(26.865030895853,-97.17407681871,
    74.385030895853));
#4129 = CARTESIAN_POINT('',(26.844119077598,-97.10193968015,
    74.364119077597));
#4130 = CARTESIAN_POINT('',(26.821002838529,-97.0299507789,
    74.341002838529));
#4131 = CARTESIAN_POINT('',(26.795682897146,-96.95827527841,
    74.315682897146));
#4132 = CARTESIAN_POINT('',(26.768178093217,-96.88708095933,
    74.288178093217));
#4133 = CARTESIAN_POINT('',(26.738527256269,-96.81653738287,
    74.258527256269));
#4134 = CARTESIAN_POINT('',(26.70679107409,-96.74681505422,
    74.22679107409));
#4135 = CARTESIAN_POINT('',(26.644938901182,-96.62080756729,
    74.164938901182));
#4136 = CARTESIAN_POINT('',(26.615430837816,-96.56421242956,
    74.135430837816));
#4137 = CARTESIAN_POINT('',(26.584577516157,-96.50839647522,
    74.104577516157));
#4138 = CARTESIAN_POINT('',(26.55243334983,-96.45344782537,
    74.07243334983));
#4139 = CARTESIAN_POINT('',(26.519058714363,-96.39944591564,
    74.039058714363));
#4140 = CARTESIAN_POINT('',(26.484519240493,-96.34646199219,
    74.004519240493));
#4141 = CARTESIAN_POINT('',(26.448885107483,-96.29455960767,
    73.968885107483));
#4142 = CARTESIAN_POINT('',(26.366060690692,-96.17985313971,
    73.886060690692));
#4143 = CARTESIAN_POINT('',(26.31826819262,-96.11771183675,
    73.83826819262));
#4144 = CARTESIAN_POINT('',(26.268997656342,-96.05747890104,
    73.788997656342));
#4145 = CARTESIAN_POINT('',(26.218394021771,-95.99923380757,
    73.73839402177));
#4146 = CARTESIAN_POINT('',(26.16660011579,-95.94303144193,
    73.68660011579));
#4147 = CARTESIAN_POINT('',(26.113754413437,-95.88890572856,
    73.633754413437));
#4148 = CARTESIAN_POINT('',(26.059988799089,-95.83687325918,
    73.579988799089));
#4149 = CARTESIAN_POINT('',(25.934442109505,-95.72197117038,
    73.454442109505));
#4150 = CARTESIAN_POINT('',(25.862112267685,-95.66055557934,
    73.382112267685));
#4151 = CARTESIAN_POINT('',(25.788695549214,-95.60268247251,
    73.308695549214));
#4152 = CARTESIAN_POINT('',(25.714428527149,-95.54830940332,
    73.234428527149));
#4153 = CARTESIAN_POINT('',(25.639523524737,-95.49736834121,
    73.159523524737));
#4154 = CARTESIAN_POINT('',(25.564167029385,-95.44977317881,
    73.084167029385));
#4155 = CARTESIAN_POINT('',(25.488518596455,-95.40542555912,
    73.008518596455));
#4156 = CARTESIAN_POINT('',(25.291890075197,-95.29854577704,
    72.811890075197));
#4157 = CARTESIAN_POINT('',(25.170708314059,-95.2408752538,
    72.690708314059));
#4158 = CARTESIAN_POINT('',(25.049665559729,-95.19074919269,
    72.569665559729));
#4159 = CARTESIAN_POINT('',(24.929182969929,-95.14772609037,
    72.449182969929));
#4160 = CARTESIAN_POINT('',(24.809603122977,-95.11137867702,
    72.329603122977));
#4161 = CARTESIAN_POINT('',(24.691191577591,-95.08129633206,
    72.211191577591));
#4162 = CARTESIAN_POINT('',(24.574139129354,-95.05709243894,
    72.094139129354));
#4163 = CARTESIAN_POINT('',(24.349513057264,-95.02079492119,
    71.869513057264));
#4164 = CARTESIAN_POINT('',(24.241809451475,-95.00809992362,
    71.761809451475));
#4165 = CARTESIAN_POINT('',(24.135571954992,-95.00003526003,
    71.655571954992));
#4166 = CARTESIAN_POINT('',(24.030900276007,-94.9963334427,
    71.550900276007));
#4167 = CARTESIAN_POINT('',(23.927875080144,-94.99675046351,
    71.447875080144));
#4168 = CARTESIAN_POINT('',(23.826557971855,-95.00106277041,
    71.346557971855));
#4169 = CARTESIAN_POINT('',(23.726992199412,-95.00906667909,
    71.246992199412));
#4170 = CARTESIAN_POINT('',(23.35711905318,-95.05261542311,
    70.87711905318));
#4171 = CARTESIAN_POINT('',(23.099162154272,-95.11177711754,
    70.619162154272));
#4172 = CARTESIAN_POINT('',(22.855517818334,-95.19405407638,
    70.375517818334));
#4173 = CARTESIAN_POINT('',(22.626509076699,-95.29676784244,
    70.146509076698));
#4174 = CARTESIAN_POINT('',(22.412251598518,-95.4177463654,
    69.932251598519));
#4175 = CARTESIAN_POINT('',(22.212814324381,-95.55551439759,
    69.732814324381));
#4176 = CARTESIAN_POINT('',(22.028213244239,-95.70914606864,
    69.548213244239));
#4177 = CARTESIAN_POINT('',(21.85867965644,-95.87867965644,
    69.37867965644));
#4178 = PCURVE('',#1596,#4179);
#4179 = DEFINITIONAL_REPRESENTATION('',(#4180),#4239);
#4180 = B_SPLINE_CURVE_WITH_KNOTS('',8,(#4181,#4182,#4183,#4184,#4185,
    #4186,#4187,#4188,#4189,#4190,#4191,#4192,#4193,#4194,#4195,#4196,
    #4197,#4198,#4199,#4200,#4201,#4202,#4203,#4204,#4205,#4206,#4207,
    #4208,#4209,#4210,#4211,#4212,#4213,#4214,#4215,#4216,#4217,#4218,
    #4219,#4220,#4221,#4222,#4223,#4224,#4225,#4226,#4227,#4228,#4229,
    #4230,#4231,#4232,#4233,#4234,#4235,#4236,#4237,#4238),
  .UNSPECIFIED.,.F.,.F.,(9,7,7,7,7,7,7,7,9),(0.,8.605342868201E-02,
    0.150449192179,0.204113854112,0.271708831753,0.35964796851,
    0.499801668532,0.63204552812,1.),.UNSPECIFIED.);
#4181 = CARTESIAN_POINT('',(-24.39591836734,0.7421875));
#4182 = CARTESIAN_POINT('',(-24.29337508791,0.7421875));
#4183 = CARTESIAN_POINT('',(-24.19225900548,0.741944442477));
#4184 = CARTESIAN_POINT('',(-24.09284319192,0.741444444576));
#4185 = CARTESIAN_POINT('',(-23.99544230247,0.740673921844));
#4186 = CARTESIAN_POINT('',(-23.90040822766,0.739620213234));
#4187 = CARTESIAN_POINT('',(-23.80812344445,0.738272489314));
#4188 = CARTESIAN_POINT('',(-23.71899206635,0.736622943712));
#4189 = CARTESIAN_POINT('',(-23.56939947412,0.733205538739));
#4190 = CARTESIAN_POINT('',(-23.50736256442,0.731571802937));
#4191 = CARTESIAN_POINT('',(-23.44750011957,0.72976584676));
#4192 = CARTESIAN_POINT('',(-23.38998546285,0.72778772634));
#4193 = CARTESIAN_POINT('',(-23.33498083668,0.725638913533));
#4194 = CARTESIAN_POINT('',(-23.28263525438,0.723322441896));
#4195 = CARTESIAN_POINT('',(-23.23308235183,0.720843052663));
#4196 = CARTESIAN_POINT('',(-23.14756704017,0.716010851655));
#4197 = CARTESIAN_POINT('',(-23.11071119485,0.713705534204));
#4198 = CARTESIAN_POINT('',(-23.0759371074,0.71129511845));
#4199 = CARTESIAN_POINT('',(-23.04329663904,0.708783855456));
#4200 = CARTESIAN_POINT('',(-23.01282814821,0.70617646206));
#4201 = CARTESIAN_POINT('',(-22.98455753078,0.703478065664));
#4202 = CARTESIAN_POINT('',(-22.95849926029,0.700694149022));
#4203 = CARTESIAN_POINT('',(-22.90462671413,0.69422349146));
#4204 = CARTESIAN_POINT('',(-22.87811043855,0.690489702548));
#4205 = CARTESIAN_POINT('',(-22.85511399586,0.686640441902));
#4206 = CARTESIAN_POINT('',(-22.83561362341,0.682687032951));
#4207 = CARTESIAN_POINT('',(-22.81956174633,0.678640634046));
#4208 = CARTESIAN_POINT('',(-22.80689232255,0.67451206355));
#4209 = CARTESIAN_POINT('',(-22.7975261877,0.670311624929));
#4210 = CARTESIAN_POINT('',(-22.78337570192,0.660503289805));
#4211 = CARTESIAN_POINT('',(-22.78081868253,0.654852520913));
#4212 = CARTESIAN_POINT('',(-22.78350948447,0.649116839782));
#4213 = CARTESIAN_POINT('',(-22.79123287492,0.643314728684));
#4214 = CARTESIAN_POINT('',(-22.80376452242,0.63746277537));
#4215 = CARTESIAN_POINT('',(-22.82087977615,0.631575549171));
#4216 = CARTESIAN_POINT('',(-22.8423609478,0.625665515348));
#4217 = CARTESIAN_POINT('',(-22.90887047393,0.610303912125));
#4218 = CARTESIAN_POINT('',(-22.9602917808,0.600836587036));
#4219 = CARTESIAN_POINT('',(-23.02143736893,0.591380121854));
#4220 = CARTESIAN_POINT('',(-23.09154510149,0.581967419526));
#4221 = CARTESIAN_POINT('',(-23.1699150032,0.572625243983));
#4222 = CARTESIAN_POINT('',(-23.25591270002,0.563374341999));
#4223 = CARTESIAN_POINT('',(-23.34898164803,0.554229619481));
#4224 = CARTESIAN_POINT('',(-23.54272088336,0.536680707599));
#4225 = CARTESIAN_POINT('',(-23.64263775552,0.528266363396));
#4226 = CARTESIAN_POINT('',(-23.74800715025,0.519966558984));
#4227 = CARTESIAN_POINT('',(-23.85845738975,0.511789084063));
#4228 = CARTESIAN_POINT('',(-23.97364897712,0.503740240636));
#4229 = CARTESIAN_POINT('',(-24.09327338908,0.495824841551));
#4230 = CARTESIAN_POINT('',(-24.21705442051,0.488046265579));
#4231 = CARTESIAN_POINT('',(-24.70005723658,0.45914992603));
#4232 = CARTESIAN_POINT('',(-25.08520458069,0.438997043302));
#4233 = CARTESIAN_POINT('',(-25.49529520135,0.419962329557));
#4234 = CARTESIAN_POINT('',(-25.92637751882,0.402071021617));
#4235 = CARTESIAN_POINT('',(-26.37493525907,0.385332156134));
#4236 = CARTESIAN_POINT('',(-26.8380949513,0.369751119092));
#4237 = CARTESIAN_POINT('',(-27.31358566998,0.355329159706));
#4238 = CARTESIAN_POINT('',(-27.8,0.342084348159));
#4239 = ( GEOMETRIC_REPRESENTATION_CONTEXT(2) 
PARAMETRIC_REPRESENTATION_CONTEXT() REPRESENTATION_CONTEXT('2D SPACE',''
  ) );
#4240 = PCURVE('',#4092,#4241);
#4241 = DEFINITIONAL_REPRESENTATION('',(#4242),#4301);
#4242 = B_SPLINE_CURVE_WITH_KNOTS('',8,(#4243,#4244,#4245,#4246,#4247,
    #4248,#4249,#4250,#4251,#4252,#4253,#4254,#4255,#4256,#4257,#4258,
    #4259,#4260,#4261,#4262,#4263,#4264,#4265,#4266,#4267,#4268,#4269,
    #4270,#4271,#4272,#4273,#4274,#4275,#4276,#4277,#4278,#4279,#4280,
    #4281,#4282,#4283,#4284,#4285,#4286,#4287,#4288,#4289,#4290,#4291,
    #4292,#4293,#4294,#4295,#4296,#4297,#4298,#4299,#4300),
  .UNSPECIFIED.,.F.,.F.,(9,7,7,7,7,7,7,7,9),(0.,8.605342868201E-02,
    0.150449192179,0.204113854112,0.271708831753,0.35964796851,
    0.499801668532,0.63204552812,1.),.UNSPECIFIED.);
#4243 = CARTESIAN_POINT('',(0.,10.5));
#4244 = CARTESIAN_POINT('',(3.01236252538E-02,10.5));
#4245 = CARTESIAN_POINT('',(6.073802994473E-02,10.496888863711));
#4246 = CARTESIAN_POINT('',(9.184142086456E-02,10.490488890567));
#4247 = CARTESIAN_POINT('',(0.123423328727,10.480626199603));
#4248 = CARTESIAN_POINT('',(0.155464634631,10.467138729392));
#4249 = CARTESIAN_POINT('',(0.187936309177,10.449887863218));
#4250 = CARTESIAN_POINT('',(0.220796864212,10.428773679517));
#4251 = CARTESIAN_POINT('',(0.278826595979,10.385030895853));
#4252 = CARTESIAN_POINT('',(0.303852389715,10.364119077598));
#4253 = CARTESIAN_POINT('',(0.329038261164,10.341002838529));
#4254 = CARTESIAN_POINT('',(0.354355774255,10.315682897146));
#4255 = CARTESIAN_POINT('',(0.379775055337,10.288178093217));
#4256 = CARTESIAN_POINT('',(0.405264154384,10.258527256269));
#4257 = CARTESIAN_POINT('',(0.430788406218,10.22679107409));
#4258 = CARTESIAN_POINT('',(0.477578217616,10.164938901182));
#4259 = CARTESIAN_POINT('',(0.498847197833,10.135430837816));
#4260 = CARTESIAN_POINT('',(0.520095300578,10.104577516157));
#4261 = CARTESIAN_POINT('',(0.541302798698,10.07243334983));
#4262 = CARTESIAN_POINT('',(0.562451374793,10.039058714363));
#4263 = CARTESIAN_POINT('',(0.583523826358,10.004519240493));
#4264 = CARTESIAN_POINT('',(0.604503770906,9.968885107483));
#4265 = CARTESIAN_POINT('',(0.651664792721,9.886060690692));
#4266 = CARTESIAN_POINT('',(0.677784218079,9.83826819262));
#4267 = CARTESIAN_POINT('',(0.703704153356,9.788997656342));
#4268 = CARTESIAN_POINT('',(0.729400849181,9.73839402177));
#4269 = CARTESIAN_POINT('',(0.754855537671,9.68660011579));
#4270 = CARTESIAN_POINT('',(0.780053689453,9.633754413437));
#4271 = CARTESIAN_POINT('',(0.804984270696,9.579988799089));
#4272 = CARTESIAN_POINT('',(0.861714099493,9.454442109505));
#4273 = CARTESIAN_POINT('',(0.893321120882,9.382112267685));
#4274 = CARTESIAN_POINT('',(0.924448485967,9.308695549214));
#4275 = CARTESIAN_POINT('',(0.955091631011,9.234428527149));
#4276 = CARTESIAN_POINT('',(0.985251510963,9.159523524737));
#4277 = CARTESIAN_POINT('',(1.014933707672,9.084167029385));
#4278 = CARTESIAN_POINT('',(1.044148142234,9.008518596455));
#4279 = CARTESIAN_POINT('',(1.118747861618,8.811890075197));
#4280 = CARTESIAN_POINT('',(1.163418314589,8.690708314059));
#4281 = CARTESIAN_POINT('',(1.206993670726,8.569665559729));
#4282 = CARTESIAN_POINT('',(1.249536578348,8.449182969929));
#4283 = CARTESIAN_POINT('',(1.291105769902,8.329603122977));
#4284 = CARTESIAN_POINT('',(1.331760889431,8.211191577591));
#4285 = CARTESIAN_POINT('',(1.371565791379,8.094139129354));
#4286 = CARTESIAN_POINT('',(1.447412407107,7.869513057264));
#4287 = CARTESIAN_POINT('',(1.483528931838,7.761809451475));
#4288 = CARTESIAN_POINT('',(1.518992816508,7.655571954992));
#4289 = CARTESIAN_POINT('',(1.553849447686,7.550900276007));
#4290 = CARTESIAN_POINT('',(1.588139721891,7.447875080144));
#4291 = CARTESIAN_POINT('',(1.621902323804,7.346557971855));
#4292 = CARTESIAN_POINT('',(1.655175227707,7.246992199412));
#4293 = CARTESIAN_POINT('',(1.77931790432,6.87711905318));
#4294 = CARTESIAN_POINT('',(1.86701982915,6.619162154272));
#4295 = CARTESIAN_POINT('',(1.952043661913,6.375517818334));
#4296 = CARTESIAN_POINT('',(2.034959254451,6.146509076698));
#4297 = CARTESIAN_POINT('',(2.116296688173,5.932251598519));
#4298 = CARTESIAN_POINT('',(2.19655311055,5.732814324381));
#4299 = CARTESIAN_POINT('',(2.276275590478,5.548213244239));
#4300 = CARTESIAN_POINT('',(2.356194490192,5.37867965644));
#4301 = ( GEOMETRIC_REPRESENTATION_CONTEXT(2) 
PARAMETRIC_REPRESENTATION_CONTEXT() REPRESENTATION_CONTEXT('2D SPACE',''
  ) );
#4302 = ADVANCED_FACE('',(#4303),#1626,.F.);
#4303 = FACE_BOUND('',#4304,.F.);
#4304 = EDGE_LOOP('',(#4305,#4306,#4329,#4356));
#4305 = ORIENTED_EDGE('',*,*,#1609,.F.);
#4306 = ORIENTED_EDGE('',*,*,#4307,.F.);
#4307 = EDGE_CURVE('',#4308,#1610,#4310,.T.);
#4308 = VERTEX_POINT('',#4309);
#4309 = CARTESIAN_POINT('',(11.49,-64.5,23.));
#4310 = SEAM_CURVE('',#4311,(#4315,#4322),.PCURVE_S1.);
#4311 = LINE('',#4312,#4313);
#4312 = CARTESIAN_POINT('',(11.49,-64.5,23.));
#4313 = VECTOR('',#4314,1.);
#4314 = DIRECTION('',(1.,0.,2.22044604925E-16));
#4315 = PCURVE('',#1626,#4316);
#4316 = DEFINITIONAL_REPRESENTATION('',(#4317),#4321);
#4317 = LINE('',#4318,#4319);
#4318 = CARTESIAN_POINT('',(6.28318530718,-0.));
#4319 = VECTOR('',#4320,1.);
#4320 = DIRECTION('',(0.,1.));
#4321 = ( GEOMETRIC_REPRESENTATION_CONTEXT(2) 
PARAMETRIC_REPRESENTATION_CONTEXT() REPRESENTATION_CONTEXT('2D SPACE',''
  ) );
#4322 = PCURVE('',#1626,#4323);
#4323 = DEFINITIONAL_REPRESENTATION('',(#4324),#4328);
#4324 = LINE('',#4325,#4326);
#4325 = CARTESIAN_POINT('',(0.,-0.));
#4326 = VECTOR('',#4327,1.);
#4327 = DIRECTION('',(0.,1.));
#4328 = ( GEOMETRIC_REPRESENTATION_CONTEXT(2) 
PARAMETRIC_REPRESENTATION_CONTEXT() REPRESENTATION_CONTEXT('2D SPACE',''
  ) );
#4329 = ORIENTED_EDGE('',*,*,#4330,.T.);
#4330 = EDGE_CURVE('',#4308,#4308,#4331,.T.);
#4331 = SURFACE_CURVE('',#4332,(#4337,#4344),.PCURVE_S1.);
#4332 = CIRCLE('',#4333,2.);
#4333 = AXIS2_PLACEMENT_3D('',#4334,#4335,#4336);
#4334 = CARTESIAN_POINT('',(11.49,-64.5,25.));
#4335 = DIRECTION('',(1.,-0.,2.22044604925E-16));
#4336 = DIRECTION('',(2.22044604925E-16,0.,-1.));
#4337 = PCURVE('',#1626,#4338);
#4338 = DEFINITIONAL_REPRESENTATION('',(#4339),#4343);
#4339 = LINE('',#4340,#4341);
#4340 = CARTESIAN_POINT('',(0.,0.));
#4341 = VECTOR('',#4342,1.);
#4342 = DIRECTION('',(1.,0.));
#4343 = ( GEOMETRIC_REPRESENTATION_CONTEXT(2) 
PARAMETRIC_REPRESENTATION_CONTEXT() REPRESENTATION_CONTEXT('2D SPACE',''
  ) );
#4344 = PCURVE('',#4345,#4350);
#4345 = PLANE('',#4346);
#4346 = AXIS2_PLACEMENT_3D('',#4347,#4348,#4349);
#4347 = CARTESIAN_POINT('',(11.49,-64.5,25.));
#4348 = DIRECTION('',(1.,0.,2.22044604925E-16));
#4349 = DIRECTION('',(2.22044604925E-16,0.,-1.));
#4350 = DEFINITIONAL_REPRESENTATION('',(#4351),#4355);
#4351 = CIRCLE('',#4352,2.);
#4352 = AXIS2_PLACEMENT_2D('',#4353,#4354);
#4353 = CARTESIAN_POINT('',(0.,0.));
#4354 = DIRECTION('',(1.,0.));
#4355 = ( GEOMETRIC_REPRESENTATION_CONTEXT(2) 
PARAMETRIC_REPRESENTATION_CONTEXT() REPRESENTATION_CONTEXT('2D SPACE',''
  ) );
#4356 = ORIENTED_EDGE('',*,*,#4307,.T.);
#4357 = ADVANCED_FACE('',(#4358),#1657,.F.);
#4358 = FACE_BOUND('',#4359,.F.);
#4359 = EDGE_LOOP('',(#4360,#4361,#4384,#4411));
#4360 = ORIENTED_EDGE('',*,*,#1640,.F.);
#4361 = ORIENTED_EDGE('',*,*,#4362,.F.);
#4362 = EDGE_CURVE('',#4363,#1641,#4365,.T.);
#4363 = VERTEX_POINT('',#4364);
#4364 = CARTESIAN_POINT('',(11.49,-88.5,23.));
#4365 = SEAM_CURVE('',#4366,(#4370,#4377),.PCURVE_S1.);
#4366 = LINE('',#4367,#4368);
#4367 = CARTESIAN_POINT('',(11.49,-88.5,23.));
#4368 = VECTOR('',#4369,1.);
#4369 = DIRECTION('',(1.,0.,2.22044604925E-16));
#4370 = PCURVE('',#1657,#4371);
#4371 = DEFINITIONAL_REPRESENTATION('',(#4372),#4376);
#4372 = LINE('',#4373,#4374);
#4373 = CARTESIAN_POINT('',(6.28318530718,-0.));
#4374 = VECTOR('',#4375,1.);
#4375 = DIRECTION('',(0.,1.));
#4376 = ( GEOMETRIC_REPRESENTATION_CONTEXT(2) 
PARAMETRIC_REPRESENTATION_CONTEXT() REPRESENTATION_CONTEXT('2D SPACE',''
  ) );
#4377 = PCURVE('',#1657,#4378);
#4378 = DEFINITIONAL_REPRESENTATION('',(#4379),#4383);
#4379 = LINE('',#4380,#4381);
#4380 = CARTESIAN_POINT('',(0.,-0.));
#4381 = VECTOR('',#4382,1.);
#4382 = DIRECTION('',(0.,1.));
#4383 = ( GEOMETRIC_REPRESENTATION_CONTEXT(2) 
PARAMETRIC_REPRESENTATION_CONTEXT() REPRESENTATION_CONTEXT('2D SPACE',''
  ) );
#4384 = ORIENTED_EDGE('',*,*,#4385,.T.);
#4385 = EDGE_CURVE('',#4363,#4363,#4386,.T.);
#4386 = SURFACE_CURVE('',#4387,(#4392,#4399),.PCURVE_S1.);
#4387 = CIRCLE('',#4388,2.);
#4388 = AXIS2_PLACEMENT_3D('',#4389,#4390,#4391);
#4389 = CARTESIAN_POINT('',(11.49,-88.5,25.));
#4390 = DIRECTION('',(1.,-0.,2.22044604925E-16));
#4391 = DIRECTION('',(2.22044604925E-16,0.,-1.));
#4392 = PCURVE('',#1657,#4393);
#4393 = DEFINITIONAL_REPRESENTATION('',(#4394),#4398);
#4394 = LINE('',#4395,#4396);
#4395 = CARTESIAN_POINT('',(0.,0.));
#4396 = VECTOR('',#4397,1.);
#4397 = DIRECTION('',(1.,0.));
#4398 = ( GEOMETRIC_REPRESENTATION_CONTEXT(2) 
PARAMETRIC_REPRESENTATION_CONTEXT() REPRESENTATION_CONTEXT('2D SPACE',''
  ) );
#4399 = PCURVE('',#4400,#4405);
#4400 = PLANE('',#4401);
#4401 = AXIS2_PLACEMENT_3D('',#4402,#4403,#4404);
#4402 = CARTESIAN_POINT('',(11.49,-88.5,25.));
#4403 = DIRECTION('',(1.,0.,2.22044604925E-16));
#4404 = DIRECTION('',(2.22044604925E-16,0.,-1.));
#4405 = DEFINITIONAL_REPRESENTATION('',(#4406),#4410);
#4406 = CIRCLE('',#4407,2.);
#4407 = AXIS2_PLACEMENT_2D('',#4408,#4409);
#4408 = CARTESIAN_POINT('',(0.,0.));
#4409 = DIRECTION('',(1.,0.));
#4410 = ( GEOMETRIC_REPRESENTATION_CONTEXT(2) 
PARAMETRIC_REPRESENTATION_CONTEXT() REPRESENTATION_CONTEXT('2D SPACE',''
  ) );
#4411 = ORIENTED_EDGE('',*,*,#4362,.T.);
#4412 = ADVANCED_FACE('',(#4413),#1897,.T.);
#4413 = FACE_BOUND('',#4414,.T.);
#4414 = EDGE_LOOP('',(#4415,#4437,#4438,#4439,#4646,#4647,#4675,#4697,
    #4869));
#4415 = ORIENTED_EDGE('',*,*,#4416,.F.);
#4416 = EDGE_CURVE('',#1861,#4417,#4419,.T.);
#4417 = VERTEX_POINT('',#4418);
#4418 = CARTESIAN_POINT('',(-16.89867965644,-95.87867965644,
    69.37867965644));
#4419 = SURFACE_CURVE('',#4420,(#4423,#4430),.PCURVE_S1.);
#4420 = B_SPLINE_CURVE_WITH_KNOTS('',1,(#4421,#4422),.UNSPECIFIED.,.F.,
  .F.,(2,2),(0.,1.),.PIECEWISE_BEZIER_KNOTS.);
#4421 = CARTESIAN_POINT('',(-12.52,-91.5,65.));
#4422 = CARTESIAN_POINT('',(-25.32,-104.3,77.8));
#4423 = PCURVE('',#1897,#4424);
#4424 = DEFINITIONAL_REPRESENTATION('',(#4425),#4429);
#4425 = LINE('',#4426,#4427);
#4426 = CARTESIAN_POINT('',(-27.8,0.));
#4427 = VECTOR('',#4428,1.);
#4428 = DIRECTION('',(0.,1.));
#4429 = ( GEOMETRIC_REPRESENTATION_CONTEXT(2) 
PARAMETRIC_REPRESENTATION_CONTEXT() REPRESENTATION_CONTEXT('2D SPACE',''
  ) );
#4430 = PCURVE('',#2546,#4431);
#4431 = DEFINITIONAL_REPRESENTATION('',(#4432),#4436);
#4432 = LINE('',#4433,#4434);
#4433 = CARTESIAN_POINT('',(27.8,0.));
#4434 = VECTOR('',#4435,1.);
#4435 = DIRECTION('',(0.,1.));
#4436 = ( GEOMETRIC_REPRESENTATION_CONTEXT(2) 
PARAMETRIC_REPRESENTATION_CONTEXT() REPRESENTATION_CONTEXT('2D SPACE',''
  ) );
#4437 = ORIENTED_EDGE('',*,*,#1883,.T.);
#4438 = ORIENTED_EDGE('',*,*,#3699,.T.);
#4439 = ORIENTED_EDGE('',*,*,#4440,.T.);
#4440 = EDGE_CURVE('',#3700,#4029,#4441,.T.);
#4441 = SURFACE_CURVE('',#4442,(#4508,#4577),.PCURVE_S1.);
#4442 = B_SPLINE_CURVE_WITH_KNOTS('',8,(#4443,#4444,#4445,#4446,#4447,
    #4448,#4449,#4450,#4451,#4452,#4453,#4454,#4455,#4456,#4457,#4458,
    #4459,#4460,#4461,#4462,#4463,#4464,#4465,#4466,#4467,#4468,#4469,
    #4470,#4471,#4472,#4473,#4474,#4475,#4476,#4477,#4478,#4479,#4480,
    #4481,#4482,#4483,#4484,#4485,#4486,#4487,#4488,#4489,#4490,#4491,
    #4492,#4493,#4494,#4495,#4496,#4497,#4498,#4499,#4500,#4501,#4502,
    #4503,#4504,#4505,#4506,#4507),.UNSPECIFIED.,.F.,.F.,(9,7,7,7,7,7,7,
    7,7,9),(0.,0.274320372129,0.373457241157,0.477756508524,
    0.543127717538,0.574559566013,0.633016307159,0.713634920768,
    0.886524358584,1.),.UNSPECIFIED.);
#4443 = CARTESIAN_POINT('',(21.85867965644,-95.87867965644,
    69.37867965644));
#4444 = CARTESIAN_POINT('',(21.689074740151,-96.04828457273,
    69.54828457273));
#4445 = CARTESIAN_POINT('',(21.53538541068,-96.23296937831,
    69.732969378317));
#4446 = CARTESIAN_POINT('',(21.397572966113,-96.43250266482,
    69.932502664829));
#4447 = CARTESIAN_POINT('',(21.276564798461,-96.64686869911,
    70.146868699113));
#4448 = CARTESIAN_POINT('',(21.173838470092,-96.8759984858,
    70.375998485801));
#4449 = CARTESIAN_POINT('',(21.091569820562,-97.11977611178,
    70.619776111782));
#4450 = CARTESIAN_POINT('',(21.032441641609,-97.3778775247,
    70.877877524704));
#4451 = CARTESIAN_POINT('',(20.988919564531,-97.74850263249,
    71.248502632497));
#4452 = CARTESIAN_POINT('',(20.980919196593,-97.84868618504,
    71.348686185044));
#4453 = CARTESIAN_POINT('',(20.976657012965,-97.95064151208,
    71.450641512082));
#4454 = CARTESIAN_POINT('',(20.976340615192,-98.05432448899,
    71.55432448899));
#4455 = CARTESIAN_POINT('',(20.980197959876,-98.15967210329,
    71.659672103297));
#4456 = CARTESIAN_POINT('',(20.988477953819,-98.26660172271,
    71.766601722713));
#4457 = CARTESIAN_POINT('',(21.001453582083,-98.37501111334,
    71.875011113344));
#4458 = CARTESIAN_POINT('',(21.038337523259,-98.60026330564,
    72.100263305646));
#4459 = CARTESIAN_POINT('',(21.062774237138,-98.71721505603,
    72.217215056034));
#4460 = CARTESIAN_POINT('',(21.093087693277,-98.83551472124,
    72.335514721242));
#4461 = CARTESIAN_POINT('',(21.129663896337,-98.9549706159,
    72.454970615909));
#4462 = CARTESIAN_POINT('',(21.172912578918,-99.07531617921,
    72.575316179216));
#4463 = CARTESIAN_POINT('',(21.223259768965,-99.19620773363,
    72.696207733637));
#4464 = CARTESIAN_POINT('',(21.28114521864,-99.3172229305,
    72.817222930501));
#4465 = CARTESIAN_POINT('',(21.388315694105,-99.51347099251,
    73.013470992519));
#4466 = CARTESIAN_POINT('',(21.43273743209,-99.5889158872,73.0889158872)
  );
#4467 = CARTESIAN_POINT('',(21.480395431905,-99.66406277108,
    73.16406277108));
#4468 = CARTESIAN_POINT('',(21.531386981828,-99.73875240036,
    73.23875240036));
#4469 = CARTESIAN_POINT('',(21.585796996429,-99.812798689,
    73.312798689008));
#4470 = CARTESIAN_POINT('',(21.643692175352,-99.88598981854,
    73.385989818545));
#4471 = CARTESIAN_POINT('',(21.705113459558,-99.95808985138,
    73.458089851381));
#4472 = CARTESIAN_POINT('',(21.801297706304,-100.0628594107,
    73.562859410751));
#4473 = CARTESIAN_POINT('',(21.833343906948,-100.096564682,
    73.596564682033));
#4474 = CARTESIAN_POINT('',(21.866204985759,-100.1299270948,
    73.629927094876));
#4475 = CARTESIAN_POINT('',(21.899878336726,-100.1629156876,
    73.6629156876));
#4476 = CARTESIAN_POINT('',(21.93435879836,-100.195498282,
    73.695498282009));
#4477 = CARTESIAN_POINT('',(21.969638303039,-100.2276416618,
    73.727641661894));
#4478 = CARTESIAN_POINT('',(22.00570552636,-100.2593117515,
    73.75931175153));
#4479 = CARTESIAN_POINT('',(22.111060340427,-100.3484287522,
    73.848428752251));
#4480 = CARTESIAN_POINT('',(22.182263325078,-100.4046394389,
    73.904639438911));
#4481 = CARTESIAN_POINT('',(22.256042079334,-100.4588655481,
    73.958865548168));
#4482 = CARTESIAN_POINT('',(22.332251936786,-100.5108751204,
    74.010875120444));
#4483 = CARTESIAN_POINT('',(22.410712821887,-100.5604474045,
    74.060447404571));
#4484 = CARTESIAN_POINT('',(22.49120505166,-100.6073773515,
    74.10737735156));
#4485 = CARTESIAN_POINT('',(22.573464092947,-100.6514817401,
    74.151481740153));
#4486 = CARTESIAN_POINT('',(22.772620307696,-100.7493233377,
    74.249323337745));
#4487 = CARTESIAN_POINT('',(22.890899765476,-100.8004092914,
    74.300409291491));
#4488 = CARTESIAN_POINT('',(23.011154089257,-100.8454326518,
    74.345432651828));
#4489 = CARTESIAN_POINT('',(23.132561217763,-100.8841871426,
    74.3841871426));
#4490 = CARTESIAN_POINT('',(23.254347215719,-100.9166412847,
    74.416641284702));
#4491 = CARTESIAN_POINT('',(23.375795985395,-100.9428978724,
    74.442897872428));
#4492 = CARTESIAN_POINT('',(23.4962570617,-100.9631639965,
    74.463163996542));
#4493 = CARTESIAN_POINT('',(23.870124754329,-101.0089723795,
    74.508972379554));
#4494 = CARTESIAN_POINT('',(24.117101591163,-101.0139073933,
    74.513907393316));
#4495 = CARTESIAN_POINT('',(24.353155956489,-100.996020714,
    74.496020714048));
#4496 = CARTESIAN_POINT('',(24.576496415271,-100.9588836912,
    74.458883691296));
#4497 = CARTESIAN_POINT('',(24.786333548758,-100.9058007082,
    74.405800708217));
#4498 = CARTESIAN_POINT('',(24.982698239276,-100.8395578277,
    74.33955782777));
#4499 = CARTESIAN_POINT('',(25.16623256411,-100.7622362034,
    74.262236203405));
#4500 = CARTESIAN_POINT('',(25.450697857477,-100.6178290111,
    74.117829011158));
#4501 = CARTESIAN_POINT('',(25.55816606082,-100.5564461223,
    74.056446122342));
#4502 = CARTESIAN_POINT('',(25.660554410371,-100.4913433884,
    73.991343388486));
#4503 = CARTESIAN_POINT('',(25.758015138846,-100.4228943547,
    73.92289435474));
#4504 = CARTESIAN_POINT('',(25.850689125094,-100.3514179401,
    73.85141794014));
#4505 = CARTESIAN_POINT('',(25.938711948531,-100.2771858844,
    73.777185884467));
#4506 = CARTESIAN_POINT('',(26.022214813495,-100.2004258736,
    73.700425873624));
#4507 = CARTESIAN_POINT('',(26.10132034356,-100.1213203435,
    73.62132034356));
#4508 = PCURVE('',#1897,#4509);
#4509 = DEFINITIONAL_REPRESENTATION('',(#4510),#4576);
#4510 = B_SPLINE_CURVE_WITH_KNOTS('',8,(#4511,#4512,#4513,#4514,#4515,
    #4516,#4517,#4518,#4519,#4520,#4521,#4522,#4523,#4524,#4525,#4526,
    #4527,#4528,#4529,#4530,#4531,#4532,#4533,#4534,#4535,#4536,#4537,
    #4538,#4539,#4540,#4541,#4542,#4543,#4544,#4545,#4546,#4547,#4548,
    #4549,#4550,#4551,#4552,#4553,#4554,#4555,#4556,#4557,#4558,#4559,
    #4560,#4561,#4562,#4563,#4564,#4565,#4566,#4567,#4568,#4569,#4570,
    #4571,#4572,#4573,#4574,#4575),.UNSPECIFIED.,.F.,.F.,(9,7,7,7,7,7,7,
    7,7,9),(0.,0.274320372129,0.373457241157,0.477756508524,
    0.543127717538,0.574559566013,0.633016307159,0.713634920768,
    0.886524358584,1.),.UNSPECIFIED.);
#4511 = CARTESIAN_POINT('',(27.8,0.342084348159));
#4512 = CARTESIAN_POINT('',(27.313381019096,0.355334732245));
#4513 = CARTESIAN_POINT('',(26.837695662106,0.369763232681));
#4514 = CARTESIAN_POINT('',(26.374352264645,0.38535177069));
#4515 = CARTESIAN_POINT('',(25.925624652066,0.402099117118));
#4516 = CARTESIAN_POINT('',(25.494390366891,0.419999881703));
#4517 = CARTESIAN_POINT('',(25.084171259563,0.439045008733));
#4518 = CARTESIAN_POINT('',(24.698925082949,0.459209181617));
#4519 = CARTESIAN_POINT('',(24.215133536898,0.488164268164));
#4520 = CARTESIAN_POINT('',(24.090673042851,0.495991108207));
#4521 = CARTESIAN_POINT('',(23.970422174056,0.503956368131));
#4522 = CARTESIAN_POINT('',(23.854662399399,0.512056600702));
#4523 = CARTESIAN_POINT('',(23.743708370043,0.52028688307));
#4524 = CARTESIAN_POINT('',(23.637906518733,0.528640759587));
#4525 = CARTESIAN_POINT('',(23.53763631726,0.53711024323));
#4526 = CARTESIAN_POINT('',(23.344080388788,0.554708070754));
#4527 = CARTESIAN_POINT('',(23.251461693383,0.563844926253));
#4528 = CARTESIAN_POINT('',(23.165915786641,0.573087087597));
#4529 = CARTESIAN_POINT('',(23.087998993222,0.582419579368));
#4530 = CARTESIAN_POINT('',(23.018345271408,0.591821576501));
#4531 = CARTESIAN_POINT('',(22.957653921519,0.60126622919));
#4532 = CARTESIAN_POINT('',(22.906686012967,0.610720541445));
#4533 = CARTESIAN_POINT('',(22.840937862502,0.626052421291));
#4534 = CARTESIAN_POINT('',(22.81975711973,0.631946553687));
#4535 = CARTESIAN_POINT('',(22.802931087525,0.637817403991));
#4536 = CARTESIAN_POINT('',(22.79067610529,0.643652531278));
#4537 = CARTESIAN_POINT('',(22.78321530225,0.649437397579));
#4538 = CARTESIAN_POINT('',(22.780771292861,0.655155454574));
#4539 = CARTESIAN_POINT('',(22.78355733134,0.660788269639));
#4540 = CARTESIAN_POINT('',(22.795714270281,0.668973391465));
#4541 = CARTESIAN_POINT('',(22.800915320445,0.671606615784));
#4542 = CARTESIAN_POINT('',(22.807391212524,0.674213054287));
#4543 = CARTESIAN_POINT('',(22.815161833289,0.676790288094));
#4544 = CARTESIAN_POINT('',(22.824245328366,0.679335803282));
#4545 = CARTESIAN_POINT('',(22.834657611046,0.681847004836));
#4546 = CARTESIAN_POINT('',(22.846411871093,0.684321230588));
#4547 = CARTESIAN_POINT('',(22.883892929656,0.69128349627));
#4548 = CARTESIAN_POINT('',(22.91294929024,0.695674956165));
#4549 = CARTESIAN_POINT('',(22.946748296034,0.699911370951));
#4550 = CARTESIAN_POINT('',(22.985309691834,0.703974618785));
#4551 = CARTESIAN_POINT('',(23.028608037826,0.707847453482));
#4552 = CARTESIAN_POINT('',(23.076565617638,0.711513855591));
#4553 = CARTESIAN_POINT('',(23.129042053145,0.714959510949));
#4554 = CARTESIAN_POINT('',(23.264124851265,0.722603385761));
#4555 = CARTESIAN_POINT('',(23.35066166968,0.726594475898));
#4556 = CARTESIAN_POINT('',(23.444853710951,0.730111925924));
#4557 = CARTESIAN_POINT('',(23.545989982735,0.733139620516));
#4558 = CARTESIAN_POINT('',(23.653280517322,0.735675100367));
#4559 = CARTESIAN_POINT('',(23.765896852584,0.737726396283));
#4560 = CARTESIAN_POINT('',(23.882998347195,0.73930968723));
#4561 = CARTESIAN_POINT('',(24.262688315515,0.742888467153));
#4562 = CARTESIAN_POINT('',(24.537591451832,0.743274015103));
#4563 = CARTESIAN_POINT('',(24.82274595074,0.741876618285));
#4564 = CARTESIAN_POINT('',(25.113648862604,0.738975288383));
#4565 = CARTESIAN_POINT('',(25.406940637467,0.734828180329));
#4566 = CARTESIAN_POINT('',(25.70042656228,0.729652955295));
#4567 = CARTESIAN_POINT('',(25.993143295135,0.723612203391));
#4568 = CARTESIAN_POINT('',(26.477276302812,0.712330391497));
#4569 = CARTESIAN_POINT('',(26.668638232017,0.707534853308));
#4570 = CARTESIAN_POINT('',(26.859368532221,0.702448702225));
#4571 = CARTESIAN_POINT('',(27.049338193286,0.697101121464));
#4572 = CARTESIAN_POINT('',(27.238444060755,0.691517026573));
#4573 = CARTESIAN_POINT('',(27.426612373707,0.685717647224));
#4574 = CARTESIAN_POINT('',(27.613800947296,0.679720771377));
#4575 = CARTESIAN_POINT('',(27.8,0.673540651841));
#4576 = ( GEOMETRIC_REPRESENTATION_CONTEXT(2) 
PARAMETRIC_REPRESENTATION_CONTEXT() REPRESENTATION_CONTEXT('2D SPACE',''
  ) );
#4577 = PCURVE('',#4092,#4578);
#4578 = DEFINITIONAL_REPRESENTATION('',(#4579),#4645);
#4579 = B_SPLINE_CURVE_WITH_KNOTS('',8,(#4580,#4581,#4582,#4583,#4584,
    #4585,#4586,#4587,#4588,#4589,#4590,#4591,#4592,#4593,#4594,#4595,
    #4596,#4597,#4598,#4599,#4600,#4601,#4602,#4603,#4604,#4605,#4606,
    #4607,#4608,#4609,#4610,#4611,#4612,#4613,#4614,#4615,#4616,#4617,
    #4618,#4619,#4620,#4621,#4622,#4623,#4624,#4625,#4626,#4627,#4628,
    #4629,#4630,#4631,#4632,#4633,#4634,#4635,#4636,#4637,#4638,#4639,
    #4640,#4641,#4642,#4643,#4644),.UNSPECIFIED.,.F.,.F.,(9,7,7,7,7,7,7,
    7,7,9),(0.,0.274320372129,0.373457241157,0.477756508524,
    0.543127717538,0.574559566013,0.633016307159,0.713634920768,
    0.886524358584,1.),.UNSPECIFIED.);
#4580 = CARTESIAN_POINT('',(2.356194490192,5.37867965644));
#4581 = CARTESIAN_POINT('',(2.43614701448,5.54828457273));
#4582 = CARTESIAN_POINT('',(2.515902820096,5.732969378317));
#4583 = CARTESIAN_POINT('',(2.596193316543,5.932502664829));
#4584 = CARTESIAN_POINT('',(2.677566251116,6.146868699113));
#4585 = CARTESIAN_POINT('',(2.760519348531,6.375998485801));
#4586 = CARTESIAN_POINT('',(2.845583395703,6.619776111782));
#4587 = CARTESIAN_POINT('',(2.933328934764,6.877877524704));
#4588 = CARTESIAN_POINT('',(3.057719512167,7.248502632497));
#4589 = CARTESIAN_POINT('',(3.091197176575,7.348686185044));
#4590 = CARTESIAN_POINT('',(3.125170873868,7.450641512082));
#4591 = CARTESIAN_POINT('',(3.159679302554,7.55432448899));
#4592 = CARTESIAN_POINT('',(3.194761872555,7.659672103297));
#4593 = CARTESIAN_POINT('',(3.230460253946,7.766601722713));
#4594 = CARTESIAN_POINT('',(3.266820733507,7.875011113344));
#4595 = CARTESIAN_POINT('',(3.342904733324,8.100263305646));
#4596 = CARTESIAN_POINT('',(3.38269261566,8.217215056034));
#4597 = CARTESIAN_POINT('',(3.423330734346,8.335514721242));
#4598 = CARTESIAN_POINT('',(3.464882772016,8.454970615909));
#4599 = CARTESIAN_POINT('',(3.507408160697,8.575316179216));
#4600 = CARTESIAN_POINT('',(3.550965360492,8.696207733637));
#4601 = CARTESIAN_POINT('',(3.595616641936,8.817222930501));
#4602 = CARTESIAN_POINT('',(3.670151356187,9.013470992519));
#4603 = CARTESIAN_POINT('',(3.699319878006,9.0889158872));
#4604 = CARTESIAN_POINT('',(3.728954366499,9.16406277108));
#4605 = CARTESIAN_POINT('',(3.759064567801,9.23875240036));
#4606 = CARTESIAN_POINT('',(3.789655858711,9.312798689008));
#4607 = CARTESIAN_POINT('',(3.820728948936,9.385989818545));
#4608 = CARTESIAN_POINT('',(3.852278972023,9.458089851381));
#4609 = CARTESIAN_POINT('',(3.89968744512,9.562859410751));
#4610 = CARTESIAN_POINT('',(3.915187786464,9.596564682033));
#4611 = CARTESIAN_POINT('',(3.930793185367,9.629927094876));
#4612 = CARTESIAN_POINT('',(3.946501342512,9.6629156876));
#4613 = CARTESIAN_POINT('',(3.96230939804,9.69549828201));
#4614 = CARTESIAN_POINT('',(3.978213866672,9.727641661894));
#4615 = CARTESIAN_POINT('',(3.99421057283,9.75931175153));
#4616 = CARTESIAN_POINT('',(4.040207525222,9.848428752251));
#4617 = CARTESIAN_POINT('',(4.070429096191,9.904639438911));
#4618 = CARTESIAN_POINT('',(4.100919784212,9.958865548168));
#4619 = CARTESIAN_POINT('',(4.131637092577,10.010875120444));
#4620 = CARTESIAN_POINT('',(4.162534466819,10.060447404571));
#4621 = CARTESIAN_POINT('',(4.193559617448,10.10737735156));
#4622 = CARTESIAN_POINT('',(4.224652240931,10.151481740153));
#4623 = CARTESIAN_POINT('',(4.298616328382,10.249323337745));
#4624 = CARTESIAN_POINT('',(4.341511596562,10.300409291491));
#4625 = CARTESIAN_POINT('',(4.384226929976,10.345432651828));
#4626 = CARTESIAN_POINT('',(4.426606148023,10.3841871426));
#4627 = CARTESIAN_POINT('',(4.468522003598,10.416641284702));
#4628 = CARTESIAN_POINT('',(4.50986603242,10.442897872428));
#4629 = CARTESIAN_POINT('',(4.550543151071,10.463163996542));
#4630 = CARTESIAN_POINT('',(4.676097680856,10.508972379554));
#4631 = CARTESIAN_POINT('',(4.75801221107,10.513907393316));
#4632 = CARTESIAN_POINT('',(4.836344716562,10.496020714048));
#4633 = CARTESIAN_POINT('',(4.91125467715,10.458883691296));
#4634 = CARTESIAN_POINT('',(4.982950182822,10.405800708217));
#4635 = CARTESIAN_POINT('',(5.051713446669,10.33955782777));
#4636 = CARTESIAN_POINT('',(5.117931792646,10.262236203405));
#4637 = CARTESIAN_POINT('',(5.224271886633,10.117829011158));
#4638 = CARTESIAN_POINT('',(5.265476322238,10.056446122342));
#4639 = CARTESIAN_POINT('',(5.305845986628,9.991343388486));
#4640 = CARTESIAN_POINT('',(5.345462990504,9.92289435474));
#4641 = CARTESIAN_POINT('',(5.384399335084,9.85141794014));
#4642 = CARTESIAN_POINT('',(5.42272206389,9.777185884467));
#4643 = CARTESIAN_POINT('',(5.46049643929,9.700425873624));
#4644 = CARTESIAN_POINT('',(5.497787143782,9.62132034356));
#4645 = ( GEOMETRIC_REPRESENTATION_CONTEXT(2) 
PARAMETRIC_REPRESENTATION_CONTEXT() REPRESENTATION_CONTEXT('2D SPACE',''
  ) );
#4646 = ORIENTED_EDGE('',*,*,#4028,.T.);
#4647 = ORIENTED_EDGE('',*,*,#4648,.F.);
#4648 = EDGE_CURVE('',#4649,#4001,#4651,.T.);
#4649 = VERTEX_POINT('',#4650);
#4650 = CARTESIAN_POINT('',(-25.32,-104.3,77.8));
#4651 = SURFACE_CURVE('',#4652,(#4656,#4663),.PCURVE_S1.);
#4652 = LINE('',#4653,#4654);
#4653 = CARTESIAN_POINT('',(2.48,-104.3,77.8));
#4654 = VECTOR('',#4655,1.);
#4655 = DIRECTION('',(1.,0.,0.));
#4656 = PCURVE('',#1897,#4657);
#4657 = DEFINITIONAL_REPRESENTATION('',(#4658),#4662);
#4658 = LINE('',#4659,#4660);
#4659 = CARTESIAN_POINT('',(0.,1.));
#4660 = VECTOR('',#4661,1.);
#4661 = DIRECTION('',(1.,0.));
#4662 = ( GEOMETRIC_REPRESENTATION_CONTEXT(2) 
PARAMETRIC_REPRESENTATION_CONTEXT() REPRESENTATION_CONTEXT('2D SPACE',''
  ) );
#4663 = PCURVE('',#4664,#4669);
#4664 = PLANE('',#4665);
#4665 = AXIS2_PLACEMENT_3D('',#4666,#4667,#4668);
#4666 = CARTESIAN_POINT('',(-25.32,-104.3,77.8));
#4667 = DIRECTION('',(-0.,1.,0.));
#4668 = DIRECTION('',(0.,0.,1.));
#4669 = DEFINITIONAL_REPRESENTATION('',(#4670),#4674);
#4670 = LINE('',#4671,#4672);
#4671 = CARTESIAN_POINT('',(0.,27.8));
#4672 = VECTOR('',#4673,1.);
#4673 = DIRECTION('',(0.,1.));
#4674 = ( GEOMETRIC_REPRESENTATION_CONTEXT(2) 
PARAMETRIC_REPRESENTATION_CONTEXT() REPRESENTATION_CONTEXT('2D SPACE',''
  ) );
#4675 = ORIENTED_EDGE('',*,*,#4676,.F.);
#4676 = EDGE_CURVE('',#4677,#4649,#4679,.T.);
#4677 = VERTEX_POINT('',#4678);
#4678 = CARTESIAN_POINT('',(-21.14132034356,-100.1213203435,
    73.62132034356));
#4679 = SURFACE_CURVE('',#4680,(#4683,#4690),.PCURVE_S1.);
#4680 = B_SPLINE_CURVE_WITH_KNOTS('',1,(#4681,#4682),.UNSPECIFIED.,.F.,
  .F.,(2,2),(0.,1.),.PIECEWISE_BEZIER_KNOTS.);
#4681 = CARTESIAN_POINT('',(-12.52,-91.5,65.));
#4682 = CARTESIAN_POINT('',(-25.32,-104.3,77.8));
#4683 = PCURVE('',#1897,#4684);
#4684 = DEFINITIONAL_REPRESENTATION('',(#4685),#4689);
#4685 = LINE('',#4686,#4687);
#4686 = CARTESIAN_POINT('',(-27.8,0.));
#4687 = VECTOR('',#4688,1.);
#4688 = DIRECTION('',(0.,1.));
#4689 = ( GEOMETRIC_REPRESENTATION_CONTEXT(2) 
PARAMETRIC_REPRESENTATION_CONTEXT() REPRESENTATION_CONTEXT('2D SPACE',''
  ) );
#4690 = PCURVE('',#2546,#4691);
#4691 = DEFINITIONAL_REPRESENTATION('',(#4692),#4696);
#4692 = LINE('',#4693,#4694);
#4693 = CARTESIAN_POINT('',(27.8,0.));
#4694 = VECTOR('',#4695,1.);
#4695 = DIRECTION('',(0.,1.));
#4696 = ( GEOMETRIC_REPRESENTATION_CONTEXT(2) 
PARAMETRIC_REPRESENTATION_CONTEXT() REPRESENTATION_CONTEXT('2D SPACE',''
  ) );
#4697 = ORIENTED_EDGE('',*,*,#4698,.T.);
#4698 = EDGE_CURVE('',#4677,#4699,#4701,.T.);
#4699 = VERTEX_POINT('',#4700);
#4700 = CARTESIAN_POINT('',(-16.02,-98.,71.5));
#4701 = SURFACE_CURVE('',#4702,(#4754,#4809),.PCURVE_S1.);
#4702 = B_SPLINE_CURVE_WITH_KNOTS('',8,(#4703,#4704,#4705,#4706,#4707,
    #4708,#4709,#4710,#4711,#4712,#4713,#4714,#4715,#4716,#4717,#4718,
    #4719,#4720,#4721,#4722,#4723,#4724,#4725,#4726,#4727,#4728,#4729,
    #4730,#4731,#4732,#4733,#4734,#4735,#4736,#4737,#4738,#4739,#4740,
    #4741,#4742,#4743,#4744,#4745,#4746,#4747,#4748,#4749,#4750,#4751,
    #4752,#4753),.UNSPECIFIED.,.F.,.F.,(9,7,7,7,7,7,7,9),(0.,
    0.137582835746,0.340114519277,0.48376866687,0.613285383568,
    0.653490039393,0.72925459104,1.),.UNSPECIFIED.);
#4703 = CARTESIAN_POINT('',(-21.14132034356,-100.1213203435,
    73.62132034356));
#4704 = CARTESIAN_POINT('',(-21.07578949257,-100.1868511945,
    73.686851194543));
#4705 = CARTESIAN_POINT('',(-21.00723773893,-100.25077581,
    73.750775810071));
#4706 = CARTESIAN_POINT('',(-20.93559748356,-100.3129872305,
    73.812987230501));
#4707 = CARTESIAN_POINT('',(-20.8607969022,-100.3733589672,
    73.873358967204));
#4708 = CARTESIAN_POINT('',(-20.78276089511,-100.4317449636,
    73.931744963686));
#4709 = CARTESIAN_POINT('',(-20.7014104924,-100.4879783028,
    73.987978302847));
#4710 = CARTESIAN_POINT('',(-20.61666071494,-100.5418686604,
    74.041868660402));
#4711 = CARTESIAN_POINT('',(-20.39851572859,-100.6687596722,
    74.168759672212));
#4712 = CARTESIAN_POINT('',(-20.26116439931,-100.7387017742,
    74.238701774288));
#4713 = CARTESIAN_POINT('',(-20.11595410911,-100.8024229606,
    74.302422960607));
#4714 = CARTESIAN_POINT('',(-19.9625613579,-100.8590712128,
    74.359071212819));
#4715 = CARTESIAN_POINT('',(-19.80078252128,-100.9075533372,
    74.407553337276));
#4716 = CARTESIAN_POINT('',(-19.6305790102,-100.9465661953,
    74.446566195331));
#4717 = CARTESIAN_POINT('',(-19.45209882259,-100.9746078816,
    74.474607881674));
#4718 = CARTESIAN_POINT('',(-19.13338672222,-101.0007919817,
    74.500791981743));
#4719 = CARTESIAN_POINT('',(-18.99718353508,-101.0052509342,
    74.505250934238));
#4720 = CARTESIAN_POINT('',(-18.85728965807,-101.0026772697,
    74.502677269777));
#4721 = CARTESIAN_POINT('',(-18.71416193309,-100.9924074232,
    74.492407423259));
#4722 = CARTESIAN_POINT('',(-18.56847268099,-100.9738078947,
    74.473807894766));
#4723 = CARTESIAN_POINT('',(-18.42112122053,-100.9463381712,
    74.446338171214));
#4724 = CARTESIAN_POINT('',(-18.27324697399,-100.9096515342,
    74.409651534241));
#4725 = CARTESIAN_POINT('',(-17.99372282427,-100.8224155936,
    74.32241559363));
#4726 = CARTESIAN_POINT('',(-17.86178558793,-100.7735476922,
    74.273547692255));
#4727 = CARTESIAN_POINT('',(-17.73172050164,-100.7172477802,
    74.217247780257));
#4728 = CARTESIAN_POINT('',(-17.60464978268,-100.6538175971,
    74.153817597161));
#4729 = CARTESIAN_POINT('',(-17.48154963456,-100.5837452447,
    74.083745244727));
#4730 = CARTESIAN_POINT('',(-17.36325868312,-100.5076793625,
    74.007679362526));
#4731 = CARTESIAN_POINT('',(-17.25048265177,-100.426417572,
    73.926417572061));
#4732 = CARTESIAN_POINT('',(-17.11067731754,-100.3143656267,
    73.814365626722));
#4733 = CARTESIAN_POINT('',(-17.07813271285,-100.2874021472,
    73.787402147241));
#4734 = CARTESIAN_POINT('',(-17.04617389136,-100.2600421393,
    73.760042139357));
#4735 = CARTESIAN_POINT('',(-17.01481103819,-100.2323087601,
    73.732308760159));
#4736 = CARTESIAN_POINT('',(-16.98405227865,-100.2042248282,
    73.704224828208));
#4737 = CARTESIAN_POINT('',(-16.9539038628,-100.1758127162,
    73.675812716263));
#4738 = CARTESIAN_POINT('',(-16.92437035005,-100.147094244,
    73.647094244024));
#4739 = CARTESIAN_POINT('',(-16.84096423488,-100.0634339583,
    73.563433958388));
#4740 = CARTESIAN_POINT('',(-16.78866976213,-100.0077659213,
    73.507765921361));
#4741 = CARTESIAN_POINT('',(-16.73858848258,-99.95122592401,
    73.451225924011));
#4742 = CARTESIAN_POINT('',(-16.69071985763,-99.89394481683,
    73.393944816836));
#4743 = CARTESIAN_POINT('',(-16.64504857297,-99.83604394336,
    73.33604394336));
#4744 = CARTESIAN_POINT('',(-16.60154740848,-99.77763424689,
    73.277634246894));
#4745 = CARTESIAN_POINT('',(-16.56018010822,-99.71881537728,
    73.218815377287));
#4746 = CARTESIAN_POINT('',(-16.38055156599,-99.44833532479,
    72.948335324793));
#4747 = CARTESIAN_POINT('',(-16.26731207996,-99.23350248886,
    72.733502488861));
#4748 = CARTESIAN_POINT('',(-16.17837138422,-99.01832205495,
    72.518322054951));
#4749 = CARTESIAN_POINT('',(-16.1114139546,-98.80525449268,
    72.30525449269));
#4750 = CARTESIAN_POINT('',(-16.064068268,-98.59606961845,
    72.096069618457));
#4751 = CARTESIAN_POINT('',(-16.03421984984,-98.39187988649,
    71.891879886492));
#4752 = CARTESIAN_POINT('',(-16.02,-98.19319933691,71.69319933691));
#4753 = CARTESIAN_POINT('',(-16.02,-98.,71.5));
#4754 = PCURVE('',#1897,#4755);
#4755 = DEFINITIONAL_REPRESENTATION('',(#4756),#4808);
#4756 = B_SPLINE_CURVE_WITH_KNOTS('',8,(#4757,#4758,#4759,#4760,#4761,
    #4762,#4763,#4764,#4765,#4766,#4767,#4768,#4769,#4770,#4771,#4772,
    #4773,#4774,#4775,#4776,#4777,#4778,#4779,#4780,#4781,#4782,#4783,
    #4784,#4785,#4786,#4787,#4788,#4789,#4790,#4791,#4792,#4793,#4794,
    #4795,#4796,#4797,#4798,#4799,#4800,#4801,#4802,#4803,#4804,#4805,
    #4806,#4807),.UNSPECIFIED.,.F.,.F.,(9,7,7,7,7,7,7,9),(0.,
    0.137582835746,0.340114519277,0.48376866687,0.613285383568,
    0.653490039393,0.72925459104,1.),.UNSPECIFIED.);
#4757 = CARTESIAN_POINT('',(-27.8,0.673540651841));
#4758 = CARTESIAN_POINT('',(-27.64575310517,0.678660249574));
#4759 = CARTESIAN_POINT('',(-27.49081937239,0.683654360162));
#4760 = CARTESIAN_POINT('',(-27.33521081392,0.688514627383));
#4761 = CARTESIAN_POINT('',(-27.17895218838,0.693231169313));
#4762 = CARTESIAN_POINT('',(-27.02208058534,0.697792575288));
#4763 = CARTESIAN_POINT('',(-26.86464454049,0.70218580491));
#4764 = CARTESIAN_POINT('',(-26.70670268124,0.706395989094));
#4765 = CARTESIAN_POINT('',(-26.31517417385,0.716309349392));
#4766 = CARTESIAN_POINT('',(-26.08129303377,0.721773576116));
#4767 = CARTESIAN_POINT('',(-25.84666156452,0.726751793797));
#4768 = CARTESIAN_POINT('',(-25.61159848435,0.731177438502));
#4769 = CARTESIAN_POINT('',(-25.37675159205,0.734965104475));
#4770 = CARTESIAN_POINT('',(-25.14308847334,0.73801298401));
#4771 = CARTESIAN_POINT('',(-24.9118952724,0.740203740756));
#4772 = CARTESIAN_POINT('',(-24.52371340133,0.742249373574));
#4773 = CARTESIAN_POINT('',(-24.3647698488,0.742597729237));
#4774 = CARTESIAN_POINT('',(-24.20871625147,0.742396661701));
#4775 = CARTESIAN_POINT('',(-24.0565457627,0.741594329942));
#4776 = CARTESIAN_POINT('',(-23.90944649085,0.740141241779));
#4777 = CARTESIAN_POINT('',(-23.76876969748,0.737995169626));
#4778 = CARTESIAN_POINT('',(-23.6359756546,0.735129026113));
#4779 = CARTESIAN_POINT('',(-23.40121588543,0.728313718252));
#4780 = CARTESIAN_POINT('',(-23.29739913206,0.724495913457));
#4781 = CARTESIAN_POINT('',(-23.20237237991,0.720097482833));
#4782 = CARTESIAN_POINT('',(-23.11708141042,0.715141999778));
#4783 = CARTESIAN_POINT('',(-23.04218167927,0.709667597244));
#4784 = CARTESIAN_POINT('',(-22.97807435229,0.703724950197));
#4785 = CARTESIAN_POINT('',(-22.92491284546,0.697376372817));
#4786 = CARTESIAN_POINT('',(-22.86943884099,0.688622314588));
#4787 = CARTESIAN_POINT('',(-22.85733597446,0.686515792753));
#4788 = CARTESIAN_POINT('',(-22.84626701534,0.684378292137));
#4789 = CARTESIAN_POINT('',(-22.8362255662,0.682211621887));
#4790 = CARTESIAN_POINT('',(-22.82720335408,0.680017564704));
#4791 = CARTESIAN_POINT('',(-22.81919049866,0.677797868458));
#4792 = CARTESIAN_POINT('',(-22.81217578042,0.675554237814));
#4793 = CARTESIAN_POINT('',(-22.79478566855,0.669018277999));
#4794 = CARTESIAN_POINT('',(-22.78692585341,0.664669212606));
#4795 = CARTESIAN_POINT('',(-22.78248360243,0.660252025313));
#4796 = CARTESIAN_POINT('',(-22.78136310873,0.655776938815));
#4797 = CARTESIAN_POINT('',(-22.78346026688,0.651253433075));
#4798 = CARTESIAN_POINT('',(-22.78866632008,0.646690175539));
#4799 = CARTESIAN_POINT('',(-22.79687150755,0.642094951351));
#4800 = CARTESIAN_POINT('',(-22.84762468568,0.620963697249));
#4801 = CARTESIAN_POINT('',(-22.92409383976,0.604179881942));
#4802 = CARTESIAN_POINT('',(-23.03226698402,0.587368910543));
#4803 = CARTESIAN_POINT('',(-23.16804064092,0.570723007241));
#4804 = CARTESIAN_POINT('',(-23.32758801639,0.554380438942));
#4805 = CARTESIAN_POINT('',(-23.50772566138,0.538428116132));
#4806 = CARTESIAN_POINT('',(-23.70597637864,0.522906198196));
#4807 = CARTESIAN_POINT('',(-23.92093023255,0.5078125));
#4808 = ( GEOMETRIC_REPRESENTATION_CONTEXT(2) 
PARAMETRIC_REPRESENTATION_CONTEXT() REPRESENTATION_CONTEXT('2D SPACE',''
  ) );
#4809 = PCURVE('',#4810,#4815);
#4810 = CYLINDRICAL_SURFACE('',#4811,3.);
#4811 = AXIS2_PLACEMENT_3D('',#4812,#4813,#4814);
#4812 = CARTESIAN_POINT('',(-19.02,-98.,64.));
#4813 = DIRECTION('',(0.,0.,1.));
#4814 = DIRECTION('',(1.,0.,-0.));
#4815 = DEFINITIONAL_REPRESENTATION('',(#4816),#4868);
#4816 = B_SPLINE_CURVE_WITH_KNOTS('',8,(#4817,#4818,#4819,#4820,#4821,
    #4822,#4823,#4824,#4825,#4826,#4827,#4828,#4829,#4830,#4831,#4832,
    #4833,#4834,#4835,#4836,#4837,#4838,#4839,#4840,#4841,#4842,#4843,
    #4844,#4845,#4846,#4847,#4848,#4849,#4850,#4851,#4852,#4853,#4854,
    #4855,#4856,#4857,#4858,#4859,#4860,#4861,#4862,#4863,#4864,#4865,
    #4866,#4867),.UNSPECIFIED.,.F.,.F.,(9,7,7,7,7,7,7,9),(0.,
    0.137582835746,0.340114519277,0.48376866687,0.613285383568,
    0.653490039393,0.72925459104,1.),.UNSPECIFIED.);
#4817 = CARTESIAN_POINT('',(3.926990816987,9.62132034356));
#4818 = CARTESIAN_POINT('',(3.957882356392,9.686851194543));
#4819 = CARTESIAN_POINT('',(3.989107348948,9.750775810071));
#4820 = CARTESIAN_POINT('',(4.020701380296,9.812987230501));
#4821 = CARTESIAN_POINT('',(4.052700652211,9.873358967204));
#4822 = CARTESIAN_POINT('',(4.085142616921,9.931744963686));
#4823 = CARTESIAN_POINT('',(4.118067191187,9.987978302847));
#4824 = CARTESIAN_POINT('',(4.151518550138,10.041868660402));
#4825 = CARTESIAN_POINT('',(4.235640527679,10.168759672212));
#4826 = CARTESIAN_POINT('',(4.2869383616,10.238701774288));
#4827 = CARTESIAN_POINT('',(4.339649862358,10.302422960607));
#4828 = CARTESIAN_POINT('',(4.39395465765,10.35907121282));
#4829 = CARTESIAN_POINT('',(4.450017726098,10.407553337276));
#4830 = CARTESIAN_POINT('',(4.507995834251,10.446566195331));
#4831 = CARTESIAN_POINT('',(4.568054869496,10.474607881674));
#4832 = CARTESIAN_POINT('',(4.674650163334,10.500791981743));
#4833 = CARTESIAN_POINT('',(4.720020519565,10.505250934238));
#4834 = CARTESIAN_POINT('',(4.766556697654,10.502677269777));
#4835 = CARTESIAN_POINT('',(4.814249836074,10.492407423259));
#4836 = CARTESIAN_POINT('',(4.863051389307,10.473807894766));
#4837 = CARTESIAN_POINT('',(4.912872344359,10.446338171214));
#4838 = CARTESIAN_POINT('',(4.963568685273,10.409651534241));
#4839 = CARTESIAN_POINT('',(5.061175526798,10.32241559363));
#4840 = CARTESIAN_POINT('',(5.108010365841,10.273547692255));
#4841 = CARTESIAN_POINT('',(5.155138847208,10.217247780257));
#4842 = CARTESIAN_POINT('',(5.202339617008,10.153817597161));
#4843 = CARTESIAN_POINT('',(5.24941706656,10.083745244727));
#4844 = CARTESIAN_POINT('',(5.296186355099,10.007679362526));
#4845 = CARTESIAN_POINT('',(5.342459858874,9.926417572061));
#4846 = CARTESIAN_POINT('',(5.402182523409,9.814365626722));
#4847 = CARTESIAN_POINT('',(5.416268407468,9.787402147241));
#4848 = CARTESIAN_POINT('',(5.430288910548,9.760042139357));
#4849 = CARTESIAN_POINT('',(5.444240708572,9.732308760159));
#4850 = CARTESIAN_POINT('',(5.458120904184,9.704224828208));
#4851 = CARTESIAN_POINT('',(5.471926989259,9.675812716263));
#4852 = CARTESIAN_POINT('',(5.485656807416,9.647094244024));
#4853 = CARTESIAN_POINT('',(5.525034781293,9.563433958388));
#4854 = CARTESIAN_POINT('',(5.550482932724,9.507765921361));
#4855 = CARTESIAN_POINT('',(5.575642086831,9.451225924011));
#4856 = CARTESIAN_POINT('',(5.600504969072,9.393944816836));
#4857 = CARTESIAN_POINT('',(5.625067558729,9.33604394336));
#4858 = CARTESIAN_POINT('',(5.649328733278,9.277634246894));
#4859 = CARTESIAN_POINT('',(5.67328991276,9.218815377287));
#4860 = CARTESIAN_POINT('',(5.781521080986,8.948335324793));
#4861 = CARTESIAN_POINT('',(5.862057692038,8.733502488861));
#4862 = CARTESIAN_POINT('',(5.939130685244,8.51832205495));
#4863 = CARTESIAN_POINT('',(6.013040531446,8.30525449269));
#4864 = CARTESIAN_POINT('',(6.084089140179,8.096069618457));
#4865 = CARTESIAN_POINT('',(6.152558527782,7.891879886493));
#4866 = CARTESIAN_POINT('',(6.21878552821,7.69319933691));
#4867 = CARTESIAN_POINT('',(6.28318530718,7.5));
#4868 = ( GEOMETRIC_REPRESENTATION_CONTEXT(2) 
PARAMETRIC_REPRESENTATION_CONTEXT() REPRESENTATION_CONTEXT('2D SPACE',''
  ) );
#4869 = ORIENTED_EDGE('',*,*,#4870,.T.);
#4870 = EDGE_CURVE('',#4699,#4417,#4871,.T.);
#4871 = SURFACE_CURVE('',#4872,(#4885,#4901),.PCURVE_S1.);
#4872 = B_SPLINE_CURVE_WITH_KNOTS('',6,(#4873,#4874,#4875,#4876,#4877,
    #4878,#4879,#4880,#4881,#4882,#4883,#4884),.UNSPECIFIED.,.F.,.F.,(7,
    5,7),(0.,0.433268158817,1.),.UNSPECIFIED.);
#4873 = CARTESIAN_POINT('',(-16.02,-98.,71.5));
#4874 = CARTESIAN_POINT('',(-16.02,-97.80840441482,71.308404414822));
#4875 = CARTESIAN_POINT('',(-16.03468300492,-97.62286234898,
    71.122862348984));
#4876 = CARTESIAN_POINT('',(-16.06231321023,-97.44376574986,
    70.94376574987));
#4877 = CARTESIAN_POINT('',(-16.10156619055,-97.27138365895,
    70.77138365895));
#4878 = CARTESIAN_POINT('',(-16.15134437665,-97.10582212486,
    70.60582212486));
#4879 = CARTESIAN_POINT('',(-16.28867085696,-96.73943946269,
    70.239439462698));
#4880 = CARTESIAN_POINT('',(-16.38309265026,-96.54356485316,
    70.04356485316));
#4881 = CARTESIAN_POINT('',(-16.49226765441,-96.35945337871,
    69.859453378713));
#4882 = CARTESIAN_POINT('',(-16.61500683539,-96.18718838911,
    69.687188389116));
#4883 = CARTESIAN_POINT('',(-16.75051709733,-96.02684221554,
    69.526842215543));
#4884 = CARTESIAN_POINT('',(-16.89867965644,-95.87867965644,
    69.37867965644));
#4885 = PCURVE('',#1897,#4886);
#4886 = DEFINITIONAL_REPRESENTATION('',(#4887),#4900);
#4887 = B_SPLINE_CURVE_WITH_KNOTS('',6,(#4888,#4889,#4890,#4891,#4892,
    #4893,#4894,#4895,#4896,#4897,#4898,#4899),.UNSPECIFIED.,.F.,.F.,(7,
    5,7),(0.,0.433268158817,1.),.UNSPECIFIED.);
#4888 = CARTESIAN_POINT('',(-23.92093023255,0.5078125));
#4889 = CARTESIAN_POINT('',(-24.13409975004,0.492844094908));
#4890 = CARTESIAN_POINT('',(-24.36407872282,0.478348621014));
#4891 = CARTESIAN_POINT('',(-24.60859063288,0.464356699209));
#4892 = CARTESIAN_POINT('',(-24.865763292,0.450889348355));
#4893 = CARTESIAN_POINT('',(-25.13402333503,0.437954853505));
#4894 = CARTESIAN_POINT('',(-25.77608412766,0.409331208023));
#4895 = CARTESIAN_POINT('',(-26.15676745754,0.394028504153));
#4896 = CARTESIAN_POINT('',(-26.55158481599,0.379644795212));
#4897 = CARTESIAN_POINT('',(-26.95827686602,0.3661865929));
#4898 = CARTESIAN_POINT('',(-27.3749019834,0.353659548089));
#4899 = CARTESIAN_POINT('',(-27.8,0.342084348159));
#4900 = ( GEOMETRIC_REPRESENTATION_CONTEXT(2) 
PARAMETRIC_REPRESENTATION_CONTEXT() REPRESENTATION_CONTEXT('2D SPACE',''
  ) );
#4901 = PCURVE('',#4810,#4902);
#4902 = DEFINITIONAL_REPRESENTATION('',(#4903),#4916);
#4903 = B_SPLINE_CURVE_WITH_KNOTS('',6,(#4904,#4905,#4906,#4907,#4908,
    #4909,#4910,#4911,#4912,#4913,#4914,#4915),.UNSPECIFIED.,.F.,.F.,(7,
    5,7),(0.,0.433268158817,1.),.UNSPECIFIED.);
#4904 = CARTESIAN_POINT('',(0.,7.5));
#4905 = CARTESIAN_POINT('',(6.386519505935E-02,7.308404414822));
#4906 = CARTESIAN_POINT('',(0.125712697146,7.122862348984));
#4907 = CARTESIAN_POINT('',(0.185879675008,6.94376574987));
#4908 = CARTESIAN_POINT('',(0.244601285482,6.77138365895));
#4909 = CARTESIAN_POINT('',(0.302101535953,6.60582212486));
#4910 = CARTESIAN_POINT('',(0.432525978672,6.239439462698));
#4911 = CARTESIAN_POINT('',(0.504710931312,6.04356485316));
#4912 = CARTESIAN_POINT('',(0.575674780903,5.859453378713));
#4913 = CARTESIAN_POINT('',(0.645819212461,5.687188389116));
#4914 = CARTESIAN_POINT('',(0.715553663224,5.526842215543));
#4915 = CARTESIAN_POINT('',(0.785398163397,5.37867965644));
#4916 = ( GEOMETRIC_REPRESENTATION_CONTEXT(2) 
PARAMETRIC_REPRESENTATION_CONTEXT() REPRESENTATION_CONTEXT('2D SPACE',''
  ) );
#4917 = ADVANCED_FACE('',(#4918),#1710,.T.);
#4918 = FACE_BOUND('',#4919,.T.);
#4919 = EDGE_LOOP('',(#4920,#4941,#4942,#4943));
#4920 = ORIENTED_EDGE('',*,*,#4921,.F.);
#4921 = EDGE_CURVE('',#2280,#1696,#4922,.T.);
#4922 = SURFACE_CURVE('',#4923,(#4927,#4934),.PCURVE_S1.);
#4923 = LINE('',#4924,#4925);
#4924 = CARTESIAN_POINT('',(10.48,-93.,31.));
#4925 = VECTOR('',#4926,1.);
#4926 = DIRECTION('',(-0.,1.,0.));
#4927 = PCURVE('',#1710,#4928);
#4928 = DEFINITIONAL_REPRESENTATION('',(#4929),#4933);
#4929 = LINE('',#4930,#4931);
#4930 = CARTESIAN_POINT('',(0.,0.));
#4931 = VECTOR('',#4932,1.);
#4932 = DIRECTION('',(0.,1.));
#4933 = ( GEOMETRIC_REPRESENTATION_CONTEXT(2) 
PARAMETRIC_REPRESENTATION_CONTEXT() REPRESENTATION_CONTEXT('2D SPACE',''
  ) );
#4934 = PCURVE('',#1736,#4935);
#4935 = DEFINITIONAL_REPRESENTATION('',(#4936),#4940);
#4936 = LINE('',#4937,#4938);
#4937 = CARTESIAN_POINT('',(31.,0.));
#4938 = VECTOR('',#4939,1.);
#4939 = DIRECTION('',(0.,-1.));
#4940 = ( GEOMETRIC_REPRESENTATION_CONTEXT(2) 
PARAMETRIC_REPRESENTATION_CONTEXT() REPRESENTATION_CONTEXT('2D SPACE',''
  ) );
#4941 = ORIENTED_EDGE('',*,*,#2302,.T.);
#4942 = ORIENTED_EDGE('',*,*,#2162,.T.);
#4943 = ORIENTED_EDGE('',*,*,#1695,.F.);
#4944 = ADVANCED_FACE('',(#4945),#1736,.F.);
#4945 = FACE_BOUND('',#4946,.F.);
#4946 = EDGE_LOOP('',(#4947,#4948,#4967,#4968));
#4947 = ORIENTED_EDGE('',*,*,#2279,.F.);
#4948 = ORIENTED_EDGE('',*,*,#4949,.F.);
#4949 = EDGE_CURVE('',#1722,#2259,#4950,.T.);
#4950 = SURFACE_CURVE('',#4951,(#4955,#4961),.PCURVE_S1.);
#4951 = LINE('',#4952,#4953);
#4952 = CARTESIAN_POINT('',(10.48,-92.775,9.));
#4953 = VECTOR('',#4954,1.);
#4954 = DIRECTION('',(0.,-1.,0.));
#4955 = PCURVE('',#1736,#4956);
#4956 = DEFINITIONAL_REPRESENTATION('',(#4957),#4960);
#4957 = B_SPLINE_CURVE_WITH_KNOTS('',1,(#4958,#4959),.UNSPECIFIED.,.F.,
  .F.,(2,2),(-1.275,0.225),.PIECEWISE_BEZIER_KNOTS.);
#4958 = CARTESIAN_POINT('',(9.,-1.5));
#4959 = CARTESIAN_POINT('',(9.,0.));
#4960 = ( GEOMETRIC_REPRESENTATION_CONTEXT(2) 
PARAMETRIC_REPRESENTATION_CONTEXT() REPRESENTATION_CONTEXT('2D SPACE',''
  ) );
#4961 = PCURVE('',#1762,#4962);
#4962 = DEFINITIONAL_REPRESENTATION('',(#4963),#4966);
#4963 = B_SPLINE_CURVE_WITH_KNOTS('',1,(#4964,#4965),.UNSPECIFIED.,.F.,
  .F.,(2,2),(-1.275,0.225),.PIECEWISE_BEZIER_KNOTS.);
#4964 = CARTESIAN_POINT('',(1.,1.05));
#4965 = CARTESIAN_POINT('',(1.,-0.45));
#4966 = ( GEOMETRIC_REPRESENTATION_CONTEXT(2) 
PARAMETRIC_REPRESENTATION_CONTEXT() REPRESENTATION_CONTEXT('2D SPACE',''
  ) );
#4967 = ORIENTED_EDGE('',*,*,#1721,.F.);
#4968 = ORIENTED_EDGE('',*,*,#4921,.F.);
#4969 = ADVANCED_FACE('',(#4970),#1762,.T.);
#4970 = FACE_BOUND('',#4971,.T.);
#4971 = EDGE_LOOP('',(#4972,#4973,#4974,#4975));
#4972 = ORIENTED_EDGE('',*,*,#1747,.F.);
#4973 = ORIENTED_EDGE('',*,*,#2375,.T.);
#4974 = ORIENTED_EDGE('',*,*,#2258,.F.);
#4975 = ORIENTED_EDGE('',*,*,#4949,.F.);
#4976 = ADVANCED_FACE('',(#4977),#1829,.T.);
#4977 = FACE_BOUND('',#4978,.T.);
#4978 = EDGE_LOOP('',(#4979,#4980));
#4979 = ORIENTED_EDGE('',*,*,#1814,.F.);
#4980 = ORIENTED_EDGE('',*,*,#2432,.F.);
#4981 = ADVANCED_FACE('',(#4982),#1927,.F.);
#4982 = FACE_BOUND('',#4983,.F.);
#4983 = EDGE_LOOP('',(#4984,#5005,#5006,#5027));
#4984 = ORIENTED_EDGE('',*,*,#4985,.F.);
#4985 = EDGE_CURVE('',#1911,#3091,#4986,.T.);
#4986 = SURFACE_CURVE('',#4987,(#4991,#4998),.PCURVE_S1.);
#4987 = LINE('',#4988,#4989);
#4988 = CARTESIAN_POINT('',(-2.52,-92.5,63.));
#4989 = VECTOR('',#4990,1.);
#4990 = DIRECTION('',(-0.,1.,0.));
#4991 = PCURVE('',#1927,#4992);
#4992 = DEFINITIONAL_REPRESENTATION('',(#4993),#4997);
#4993 = LINE('',#4994,#4995);
#4994 = CARTESIAN_POINT('',(0.,0.));
#4995 = VECTOR('',#4996,1.);
#4996 = DIRECTION('',(0.,1.));
#4997 = ( GEOMETRIC_REPRESENTATION_CONTEXT(2) 
PARAMETRIC_REPRESENTATION_CONTEXT() REPRESENTATION_CONTEXT('2D SPACE',''
  ) );
#4998 = PCURVE('',#1953,#4999);
#4999 = DEFINITIONAL_REPRESENTATION('',(#5000),#5004);
#5000 = LINE('',#5001,#5002);
#5001 = CARTESIAN_POINT('',(10.,0.));
#5002 = VECTOR('',#5003,1.);
#5003 = DIRECTION('',(0.,-1.));
#5004 = ( GEOMETRIC_REPRESENTATION_CONTEXT(2) 
PARAMETRIC_REPRESENTATION_CONTEXT() REPRESENTATION_CONTEXT('2D SPACE',''
  ) );
#5005 = ORIENTED_EDGE('',*,*,#1910,.T.);
#5006 = ORIENTED_EDGE('',*,*,#5007,.T.);
#5007 = EDGE_CURVE('',#1913,#3093,#5008,.T.);
#5008 = SURFACE_CURVE('',#5009,(#5013,#5020),.PCURVE_S1.);
#5009 = LINE('',#5010,#5011);
#5010 = CARTESIAN_POINT('',(7.48,-92.5,63.));
#5011 = VECTOR('',#5012,1.);
#5012 = DIRECTION('',(-0.,1.,0.));
#5013 = PCURVE('',#1927,#5014);
#5014 = DEFINITIONAL_REPRESENTATION('',(#5015),#5019);
#5015 = LINE('',#5016,#5017);
#5016 = CARTESIAN_POINT('',(10.,0.));
#5017 = VECTOR('',#5018,1.);
#5018 = DIRECTION('',(0.,1.));
#5019 = ( GEOMETRIC_REPRESENTATION_CONTEXT(2) 
PARAMETRIC_REPRESENTATION_CONTEXT() REPRESENTATION_CONTEXT('2D SPACE',''
  ) );
#5020 = PCURVE('',#2003,#5021);
#5021 = DEFINITIONAL_REPRESENTATION('',(#5022),#5026);
#5022 = LINE('',#5023,#5024);
#5023 = CARTESIAN_POINT('',(10.,0.));
#5024 = VECTOR('',#5025,1.);
#5025 = DIRECTION('',(0.,-1.));
#5026 = ( GEOMETRIC_REPRESENTATION_CONTEXT(2) 
PARAMETRIC_REPRESENTATION_CONTEXT() REPRESENTATION_CONTEXT('2D SPACE',''
  ) );
#5027 = ORIENTED_EDGE('',*,*,#3090,.F.);
#5028 = ADVANCED_FACE('',(#5029),#2003,.F.);
#5029 = FACE_BOUND('',#5030,.F.);
#5030 = EDGE_LOOP('',(#5031,#5032,#5033,#5054));
#5031 = ORIENTED_EDGE('',*,*,#5007,.F.);
#5032 = ORIENTED_EDGE('',*,*,#1990,.T.);
#5033 = ORIENTED_EDGE('',*,*,#5034,.T.);
#5034 = EDGE_CURVE('',#1965,#3135,#5035,.T.);
#5035 = SURFACE_CURVE('',#5036,(#5040,#5047),.PCURVE_S1.);
#5036 = LINE('',#5037,#5038);
#5037 = CARTESIAN_POINT('',(7.48,-92.5,53.));
#5038 = VECTOR('',#5039,1.);
#5039 = DIRECTION('',(-0.,1.,0.));
#5040 = PCURVE('',#2003,#5041);
#5041 = DEFINITIONAL_REPRESENTATION('',(#5042),#5046);
#5042 = LINE('',#5043,#5044);
#5043 = CARTESIAN_POINT('',(0.,0.));
#5044 = VECTOR('',#5045,1.);
#5045 = DIRECTION('',(0.,-1.));
#5046 = ( GEOMETRIC_REPRESENTATION_CONTEXT(2) 
PARAMETRIC_REPRESENTATION_CONTEXT() REPRESENTATION_CONTEXT('2D SPACE',''
  ) );
#5047 = PCURVE('',#1979,#5048);
#5048 = DEFINITIONAL_REPRESENTATION('',(#5049),#5053);
#5049 = LINE('',#5050,#5051);
#5050 = CARTESIAN_POINT('',(10.,0.));
#5051 = VECTOR('',#5052,1.);
#5052 = DIRECTION('',(0.,1.));
#5053 = ( GEOMETRIC_REPRESENTATION_CONTEXT(2) 
PARAMETRIC_REPRESENTATION_CONTEXT() REPRESENTATION_CONTEXT('2D SPACE',''
  ) );
#5054 = ORIENTED_EDGE('',*,*,#3155,.F.);
#5055 = ADVANCED_FACE('',(#5056),#1979,.T.);
#5056 = FACE_BOUND('',#5057,.T.);
#5057 = EDGE_LOOP('',(#5058,#5079,#5080,#5081));
#5058 = ORIENTED_EDGE('',*,*,#5059,.F.);
#5059 = EDGE_CURVE('',#1939,#3114,#5060,.T.);
#5060 = SURFACE_CURVE('',#5061,(#5065,#5072),.PCURVE_S1.);
#5061 = LINE('',#5062,#5063);
#5062 = CARTESIAN_POINT('',(-2.52,-92.5,53.));
#5063 = VECTOR('',#5064,1.);
#5064 = DIRECTION('',(-0.,1.,0.));
#5065 = PCURVE('',#1979,#5066);
#5066 = DEFINITIONAL_REPRESENTATION('',(#5067),#5071);
#5067 = LINE('',#5068,#5069);
#5068 = CARTESIAN_POINT('',(0.,0.));
#5069 = VECTOR('',#5070,1.);
#5070 = DIRECTION('',(0.,1.));
#5071 = ( GEOMETRIC_REPRESENTATION_CONTEXT(2) 
PARAMETRIC_REPRESENTATION_CONTEXT() REPRESENTATION_CONTEXT('2D SPACE',''
  ) );
#5072 = PCURVE('',#1953,#5073);
#5073 = DEFINITIONAL_REPRESENTATION('',(#5074),#5078);
#5074 = LINE('',#5075,#5076);
#5075 = CARTESIAN_POINT('',(0.,0.));
#5076 = VECTOR('',#5077,1.);
#5077 = DIRECTION('',(0.,-1.));
#5078 = ( GEOMETRIC_REPRESENTATION_CONTEXT(2) 
PARAMETRIC_REPRESENTATION_CONTEXT() REPRESENTATION_CONTEXT('2D SPACE',''
  ) );
#5079 = ORIENTED_EDGE('',*,*,#1964,.T.);
#5080 = ORIENTED_EDGE('',*,*,#5034,.T.);
#5081 = ORIENTED_EDGE('',*,*,#3134,.F.);
#5082 = ADVANCED_FACE('',(#5083),#1953,.T.);
#5083 = FACE_BOUND('',#5084,.T.);
#5084 = EDGE_LOOP('',(#5085,#5086,#5087,#5088));
#5085 = ORIENTED_EDGE('',*,*,#4985,.F.);
#5086 = ORIENTED_EDGE('',*,*,#1938,.T.);
#5087 = ORIENTED_EDGE('',*,*,#5059,.T.);
#5088 = ORIENTED_EDGE('',*,*,#3113,.F.);
#5089 = ADVANCED_FACE('',(#5090),#2123,.T.);
#5090 = FACE_BOUND('',#5091,.T.);
#5091 = EDGE_LOOP('',(#5092,#5093,#5115,#5170,#5337,#5359,#5385,#5386,
    #5614));
#5092 = ORIENTED_EDGE('',*,*,#2109,.F.);
#5093 = ORIENTED_EDGE('',*,*,#5094,.T.);
#5094 = EDGE_CURVE('',#2087,#5095,#5097,.T.);
#5095 = VERTEX_POINT('',#5096);
#5096 = CARTESIAN_POINT('',(-16.89867965644,-57.12132034356,
    69.37867965644));
#5097 = SURFACE_CURVE('',#5098,(#5101,#5108),.PCURVE_S1.);
#5098 = B_SPLINE_CURVE_WITH_KNOTS('',1,(#5099,#5100),.UNSPECIFIED.,.F.,
  .F.,(2,2),(0.,1.),.PIECEWISE_BEZIER_KNOTS.);
#5099 = CARTESIAN_POINT('',(-12.52,-61.5,65.));
#5100 = CARTESIAN_POINT('',(-25.32,-48.7,77.8));
#5101 = PCURVE('',#2123,#5102);
#5102 = DEFINITIONAL_REPRESENTATION('',(#5103),#5107);
#5103 = LINE('',#5104,#5105);
#5104 = CARTESIAN_POINT('',(27.8,0.));
#5105 = VECTOR('',#5106,1.);
#5106 = DIRECTION('',(0.,1.));
#5107 = ( GEOMETRIC_REPRESENTATION_CONTEXT(2) 
PARAMETRIC_REPRESENTATION_CONTEXT() REPRESENTATION_CONTEXT('2D SPACE',''
  ) );
#5108 = PCURVE('',#2546,#5109);
#5109 = DEFINITIONAL_REPRESENTATION('',(#5110),#5114);
#5110 = LINE('',#5111,#5112);
#5111 = CARTESIAN_POINT('',(-27.8,0.));
#5112 = VECTOR('',#5113,1.);
#5113 = DIRECTION('',(0.,1.));
#5114 = ( GEOMETRIC_REPRESENTATION_CONTEXT(2) 
PARAMETRIC_REPRESENTATION_CONTEXT() REPRESENTATION_CONTEXT('2D SPACE',''
  ) );
#5115 = ORIENTED_EDGE('',*,*,#5116,.T.);
#5116 = EDGE_CURVE('',#5095,#5117,#5119,.T.);
#5117 = VERTEX_POINT('',#5118);
#5118 = CARTESIAN_POINT('',(-16.02,-55.,71.5));
#5119 = SURFACE_CURVE('',#5120,(#5133,#5149),.PCURVE_S1.);
#5120 = B_SPLINE_CURVE_WITH_KNOTS('',6,(#5121,#5122,#5123,#5124,#5125,
    #5126,#5127,#5128,#5129,#5130,#5131,#5132),.UNSPECIFIED.,.F.,.F.,(7,
    5,7),(0.,0.56543393342,1.),.UNSPECIFIED.);
#5121 = CARTESIAN_POINT('',(-16.89867965644,-57.12132034356,
    69.37867965644));
#5122 = CARTESIAN_POINT('',(-16.75085641436,-56.97349710148,
    69.526502898517));
#5123 = CARTESIAN_POINT('',(-16.61562736851,-56.81354577208,
    69.686454227916));
#5124 = CARTESIAN_POINT('',(-16.49311088457,-56.64172959448,
    69.858270405514));
#5125 = CARTESIAN_POINT('',(-16.38409302526,-56.45812100481,
    70.04187899519));
#5126 = CARTESIAN_POINT('',(-16.28975267948,-56.26280259799,
    70.237197402005));
#5127 = CARTESIAN_POINT('',(-16.15209081845,-55.89665667477,
    70.60334332523));
#5128 = CARTESIAN_POINT('',(-16.10203702914,-55.73068113371,
    70.769318866288));
#5129 = CARTESIAN_POINT('',(-16.06256179035,-55.55784310218,
    70.942156897813));
#5130 = CARTESIAN_POINT('',(-16.03477109506,-55.37824888047,
    71.121751119528));
#5131 = CARTESIAN_POINT('',(-16.02,-55.19216950669,71.307830493309));
#5132 = CARTESIAN_POINT('',(-16.02,-55.,71.5));
#5133 = PCURVE('',#2123,#5134);
#5134 = DEFINITIONAL_REPRESENTATION('',(#5135),#5148);
#5135 = B_SPLINE_CURVE_WITH_KNOTS('',6,(#5136,#5137,#5138,#5139,#5140,
    #5141,#5142,#5143,#5144,#5145,#5146,#5147),.UNSPECIFIED.,.F.,.F.,(7,
    5,7),(0.,0.56543393342,1.),.UNSPECIFIED.);
#5136 = CARTESIAN_POINT('',(27.8,0.342084348159));
#5137 = CARTESIAN_POINT('',(27.375875528923,0.353633038947));
#5138 = CARTESIAN_POINT('',(26.960184574741,0.366129236556));
#5139 = CARTESIAN_POINT('',(26.554378284242,0.379552375431));
#5140 = CARTESIAN_POINT('',(26.160383938005,0.393896796499));
#5141 = CARTESIAN_POINT('',(25.780443455425,0.409156047032));
#5142 = CARTESIAN_POINT('',(25.138041782727,0.437761197284));
#5143 = CARTESIAN_POINT('',(24.868844859486,0.450728036429));
#5144 = CARTESIAN_POINT('',(24.610787742394,0.464231007642));
#5145 = CARTESIAN_POINT('',(24.365456335437,0.478261806213));
#5146 = CARTESIAN_POINT('',(24.134738295925,0.49279925729));
#5147 = CARTESIAN_POINT('',(23.920930232558,0.5078125));
#5148 = ( GEOMETRIC_REPRESENTATION_CONTEXT(2) 
PARAMETRIC_REPRESENTATION_CONTEXT() REPRESENTATION_CONTEXT('2D SPACE',''
  ) );
#5149 = PCURVE('',#5150,#5155);
#5150 = CYLINDRICAL_SURFACE('',#5151,3.);
#5151 = AXIS2_PLACEMENT_3D('',#5152,#5153,#5154);
#5152 = CARTESIAN_POINT('',(-19.02,-55.,64.));
#5153 = DIRECTION('',(0.,0.,1.));
#5154 = DIRECTION('',(1.,0.,-0.));
#5155 = DEFINITIONAL_REPRESENTATION('',(#5156),#5169);
#5156 = B_SPLINE_CURVE_WITH_KNOTS('',6,(#5157,#5158,#5159,#5160,#5161,
    #5162,#5163,#5164,#5165,#5166,#5167,#5168),.UNSPECIFIED.,.F.,.F.,(7,
    5,7),(0.,0.56543393342,1.),.UNSPECIFIED.);
#5157 = CARTESIAN_POINT('',(5.497787143782,5.37867965644));
#5158 = CARTESIAN_POINT('',(5.567471688375,5.526502898517));
#5159 = CARTESIAN_POINT('',(5.637046783378,5.686454227916));
#5160 = CARTESIAN_POINT('',(5.707028767324,5.858270405514));
#5161 = CARTESIAN_POINT('',(5.777824445601,6.04187899519));
#5162 = CARTESIAN_POINT('',(5.849832915717,6.237197402005));
#5163 = CARTESIAN_POINT('',(5.980222769222,6.60334332523));
#5164 = CARTESIAN_POINT('',(6.037880607539,6.769318866288));
#5165 = CARTESIAN_POINT('',(6.096765134043,6.942156897813));
#5166 = CARTESIAN_POINT('',(6.157102197395,7.121751119528));
#5167 = CARTESIAN_POINT('',(6.219128804949,7.307830493309));
#5168 = CARTESIAN_POINT('',(6.28318530718,7.5));
#5169 = ( GEOMETRIC_REPRESENTATION_CONTEXT(2) 
PARAMETRIC_REPRESENTATION_CONTEXT() REPRESENTATION_CONTEXT('2D SPACE',''
  ) );
#5170 = ORIENTED_EDGE('',*,*,#5171,.T.);
#5171 = EDGE_CURVE('',#5117,#5172,#5174,.T.);
#5172 = VERTEX_POINT('',#5173);
#5173 = CARTESIAN_POINT('',(-21.14132034356,-52.87867965644,
    73.62132034356));
#5174 = SURFACE_CURVE('',#5175,(#5227,#5282),.PCURVE_S1.);
#5175 = B_SPLINE_CURVE_WITH_KNOTS('',8,(#5176,#5177,#5178,#5179,#5180,
    #5181,#5182,#5183,#5184,#5185,#5186,#5187,#5188,#5189,#5190,#5191,
    #5192,#5193,#5194,#5195,#5196,#5197,#5198,#5199,#5200,#5201,#5202,
    #5203,#5204,#5205,#5206,#5207,#5208,#5209,#5210,#5211,#5212,#5213,
    #5214,#5215,#5216,#5217,#5218,#5219,#5220,#5221,#5222,#5223,#5224,
    #5225,#5226),.UNSPECIFIED.,.F.,.F.,(9,7,7,7,7,7,7,9),(0.,
    0.270439366236,0.345855922014,0.386431902226,0.462649524474,
    0.58069414386,0.833844960653,1.),.UNSPECIFIED.);
#5176 = CARTESIAN_POINT('',(-16.02,-55.,71.5));
#5177 = CARTESIAN_POINT('',(-16.02,-54.80690146006,71.693098539934));
#5178 = CARTESIAN_POINT('',(-16.034205014,-54.60832599298,
    71.891674007012));
#5179 = CARTESIAN_POINT('',(-16.06402193728,-54.40424701962,
    72.09575298038));
#5180 = CARTESIAN_POINT('',(-16.11131612316,-54.19517821804,
    72.304821781955));
#5181 = CARTESIAN_POINT('',(-16.17819819979,-53.98222982438,
    72.517770175614));
#5182 = CARTESIAN_POINT('',(-16.26703543924,-53.76716739385,
    72.732832606142));
#5183 = CARTESIAN_POINT('',(-16.38014003759,-53.55244510666,
    72.947554893338));
#5184 = CARTESIAN_POINT('',(-16.55941586852,-53.28229098888,
    73.217709011119));
#5185 = CARTESIAN_POINT('',(-16.60058271699,-53.22369994698,
    73.27630005302));
#5186 = CARTESIAN_POINT('',(-16.64386587884,-53.1655134355,73.3344865645
    ));
#5187 = CARTESIAN_POINT('',(-16.68930126957,-53.10782977525,
    73.39217022475));
#5188 = CARTESIAN_POINT('',(-16.73691595836,-53.05075837748,
    73.449241622518));
#5189 = CARTESIAN_POINT('',(-16.78672535125,-52.99441889334,
    73.505581106657));
#5190 = CARTESIAN_POINT('',(-16.83873037418,-52.93894036331,
    73.561059636682));
#5191 = CARTESIAN_POINT('',(-16.92206714574,-52.8551487753,
    73.644851224695));
#5192 = CARTESIAN_POINT('',(-16.95185002813,-52.82612661579,
    73.673873384203));
#5193 = CARTESIAN_POINT('',(-16.98226024699,-52.79741564004,
    73.702584359954));
#5194 = CARTESIAN_POINT('',(-17.01329318696,-52.7690382916,
    73.730961708399));
#5195 = CARTESIAN_POINT('',(-17.04494247989,-52.74101759337,
    73.758982406622));
#5196 = CARTESIAN_POINT('',(-17.07719981117,-52.71337703537,
    73.78662296463));
#5197 = CARTESIAN_POINT('',(-17.11005472593,-52.68614046235,
    73.813859537647));
#5198 = CARTESIAN_POINT('',(-17.20630733922,-52.60897507132,
    73.891024928674));
#5199 = CARTESIAN_POINT('',(-17.27119288487,-52.56012109732,
    73.939878902678));
#5200 = CARTESIAN_POINT('',(-17.33805644994,-52.51293908836,
    73.987060911634));
#5201 = CARTESIAN_POINT('',(-17.4067827034,-52.46759073319,
    74.032409266806));
#5202 = CARTESIAN_POINT('',(-17.47723389822,-52.42422867333,
    74.075771326666));
#5203 = CARTESIAN_POINT('',(-17.54924768931,-52.38299401321,
    74.117005986784));
#5204 = CARTESIAN_POINT('',(-17.62263447686,-52.34401302755,
    74.155986972449));
#5205 = CARTESIAN_POINT('',(-17.81262030738,-52.25067666239,
    74.249323337605));
#5206 = CARTESIAN_POINT('',(-17.93089976511,-52.19959070865,
    74.300409291348));
#5207 = CARTESIAN_POINT('',(-18.05115408885,-52.15456734831,
    74.345432651687));
#5208 = CARTESIAN_POINT('',(-18.17256121731,-52.11581285753,
    74.384187142466));
#5209 = CARTESIAN_POINT('',(-18.29434721523,-52.08335871542,
    74.416641284578));
#5210 = CARTESIAN_POINT('',(-18.41579598487,-52.05710212768,
    74.442897872318));
#5211 = CARTESIAN_POINT('',(-18.53625706114,-52.03683600355,
    74.46316399645));
#5212 = CARTESIAN_POINT('',(-18.91012475368,-51.99102762047,
    74.508972379526));
#5213 = CARTESIAN_POINT('',(-19.15710159047,-51.98609260665,
    74.513907393341));
#5214 = CARTESIAN_POINT('',(-19.39315595576,-52.00397928586,
    74.496020714133));
#5215 = CARTESIAN_POINT('',(-19.61649641452,-52.04111630855,
    74.458883691441));
#5216 = CARTESIAN_POINT('',(-19.82633354799,-52.09419929157,
    74.405800708423));
#5217 = CARTESIAN_POINT('',(-20.0226982385,-52.16044217196,
    74.339557828039));
#5218 = CARTESIAN_POINT('',(-20.20623256333,-52.23776379626,
    74.262236203736));
#5219 = CARTESIAN_POINT('',(-20.49069785683,-52.38217098847,
    74.117829011526));
#5220 = CARTESIAN_POINT('',(-20.59816606029,-52.44355387732,
    74.056446122677));
#5221 = CARTESIAN_POINT('',(-20.70055440995,-52.50865661122,
    73.99134338878));
#5222 = CARTESIAN_POINT('',(-20.79801513852,-52.57710564501,
    73.922894354985));
#5223 = CARTESIAN_POINT('',(-20.89068912486,-52.64858205966,
    73.851417940332));
#5224 = CARTESIAN_POINT('',(-20.97871194838,-52.7228141154,
    73.777185884598));
#5225 = CARTESIAN_POINT('',(-21.06221481342,-52.7995741263,
    73.700425873692));
#5226 = CARTESIAN_POINT('',(-21.14132034356,-52.87867965644,
    73.62132034356));
#5227 = PCURVE('',#2123,#5228);
#5228 = DEFINITIONAL_REPRESENTATION('',(#5229),#5281);
#5229 = B_SPLINE_CURVE_WITH_KNOTS('',8,(#5230,#5231,#5232,#5233,#5234,
    #5235,#5236,#5237,#5238,#5239,#5240,#5241,#5242,#5243,#5244,#5245,
    #5246,#5247,#5248,#5249,#5250,#5251,#5252,#5253,#5254,#5255,#5256,
    #5257,#5258,#5259,#5260,#5261,#5262,#5263,#5264,#5265,#5266,#5267,
    #5268,#5269,#5270,#5271,#5272,#5273,#5274,#5275,#5276,#5277,#5278,
    #5279,#5280),.UNSPECIFIED.,.F.,.F.,(9,7,7,7,7,7,7,9),(0.,
    0.270439366236,0.345855922014,0.386431902226,0.462649524474,
    0.58069414386,0.833844960653,1.),.UNSPECIFIED.);
#5230 = CARTESIAN_POINT('',(23.920930232558,0.5078125));
#5231 = CARTESIAN_POINT('',(23.706088525499,0.522898323432));
#5232 = CARTESIAN_POINT('',(23.507930935024,0.538412031798));
#5233 = CARTESIAN_POINT('',(23.327867292908,0.554355701592));
#5234 = CARTESIAN_POINT('',(23.168370842852,0.570689201715));
#5235 = CARTESIAN_POINT('',(23.032619002955,0.58732579497));
#5236 = CARTESIAN_POINT('',(22.924430894201,0.604127547355));
#5237 = CARTESIAN_POINT('',(22.847902290944,0.620902726042));
#5238 = CARTESIAN_POINT('',(22.797042876692,0.642008516494));
#5239 = CARTESIAN_POINT('',(22.788820424248,0.646585941642));
#5240 = CARTESIAN_POINT('',(22.78357165211,0.651131762852));
#5241 = CARTESIAN_POINT('',(22.781405004261,0.655638298809));
#5242 = CARTESIAN_POINT('',(22.782427964716,0.660097001759));
#5243 = CARTESIAN_POINT('',(22.786743498131,0.664498523958));
#5244 = CARTESIAN_POINT('',(22.794446490401,0.668832784116));
#5245 = CARTESIAN_POINT('',(22.811631916791,0.675379001929));
#5246 = CARTESIAN_POINT('',(22.818648185859,0.677646358141));
#5247 = CARTESIAN_POINT('',(22.826681715984,0.679889403121));
#5248 = CARTESIAN_POINT('',(22.83574412397,0.682106383469));
#5249 = CARTESIAN_POINT('',(22.845845642665,0.684295500517));
#5250 = CARTESIAN_POINT('',(22.856994839722,0.686454919112));
#5251 = CARTESIAN_POINT('',(22.86919833635,0.688582776379));
#5252 = CARTESIAN_POINT('',(22.907372125518,0.694611322553));
#5253 = CARTESIAN_POINT('',(22.936022813951,0.698428039272));
#5254 = CARTESIAN_POINT('',(22.968439223148,0.702114133721));
#5255 = CARTESIAN_POINT('',(23.004620120605,0.705656973969));
#5256 = CARTESIAN_POINT('',(23.044534218711,0.709044634896));
#5257 = CARTESIAN_POINT('',(23.088116363168,0.712266092717));
#5258 = CARTESIAN_POINT('',(23.135262100669,0.715311482223));
#5259 = CARTESIAN_POINT('',(23.264124851038,0.72260338575));
#5260 = CARTESIAN_POINT('',(23.350661669406,0.726594475887));
#5261 = CARTESIAN_POINT('',(23.444853710626,0.730111925913));
#5262 = CARTESIAN_POINT('',(23.545989982357,0.733139620505));
#5263 = CARTESIAN_POINT('',(23.653280516889,0.735675100358));
#5264 = CARTESIAN_POINT('',(23.765896852096,0.737726396275));
#5265 = CARTESIAN_POINT('',(23.882998346651,0.739309687223));
#5266 = CARTESIAN_POINT('',(24.262688314809,0.74288846715));
#5267 = CARTESIAN_POINT('',(24.537591451025,0.743274015105));
#5268 = CARTESIAN_POINT('',(24.822745949836,0.741876618292));
#5269 = CARTESIAN_POINT('',(25.113648861609,0.738975288394));
#5270 = CARTESIAN_POINT('',(25.406940636386,0.734828180346));
#5271 = CARTESIAN_POINT('',(25.700426561117,0.729652955316));
#5272 = CARTESIAN_POINT('',(25.993143293895,0.723612203417));
#5273 = CARTESIAN_POINT('',(26.477276301662,0.712330391526));
#5274 = CARTESIAN_POINT('',(26.668638231035,0.707534853334));
#5275 = CARTESIAN_POINT('',(26.859368531406,0.702448702248));
#5276 = CARTESIAN_POINT('',(27.049338192637,0.697101121483));
#5277 = CARTESIAN_POINT('',(27.238444060271,0.691517026588));
#5278 = CARTESIAN_POINT('',(27.426612373385,0.685717647234));
#5279 = CARTESIAN_POINT('',(27.613800947136,0.679720771382));
#5280 = CARTESIAN_POINT('',(27.8,0.673540651841));
#5281 = ( GEOMETRIC_REPRESENTATION_CONTEXT(2) 
PARAMETRIC_REPRESENTATION_CONTEXT() REPRESENTATION_CONTEXT('2D SPACE',''
  ) );
#5282 = PCURVE('',#5150,#5283);
#5283 = DEFINITIONAL_REPRESENTATION('',(#5284),#5336);
#5284 = B_SPLINE_CURVE_WITH_KNOTS('',8,(#5285,#5286,#5287,#5288,#5289,
    #5290,#5291,#5292,#5293,#5294,#5295,#5296,#5297,#5298,#5299,#5300,
    #5301,#5302,#5303,#5304,#5305,#5306,#5307,#5308,#5309,#5310,#5311,
    #5312,#5313,#5314,#5315,#5316,#5317,#5318,#5319,#5320,#5321,#5322,
    #5323,#5324,#5325,#5326,#5327,#5328,#5329,#5330,#5331,#5332,#5333,
    #5334,#5335),.UNSPECIFIED.,.F.,.F.,(9,7,7,7,7,7,7,9),(0.,
    0.270439366236,0.345855922014,0.386431902226,0.462649524474,
    0.58069414386,0.833844960653,1.),.UNSPECIFIED.);
#5285 = CARTESIAN_POINT('',(0.,7.5));
#5286 = CARTESIAN_POINT('',(6.436617997792E-02,7.693098539934));
#5287 = CARTESIAN_POINT('',(0.130558151952,7.891674007012));
#5288 = CARTESIAN_POINT('',(0.198989988137,8.095752980381));
#5289 = CARTESIAN_POINT('',(0.26999780746,8.304821781954));
#5290 = CARTESIAN_POINT('',(0.343863206969,8.517770175615));
#5291 = CARTESIAN_POINT('',(0.420887721662,8.732832606142));
#5292 = CARTESIAN_POINT('',(0.501371623647,8.947554893338));
#5293 = CARTESIAN_POINT('',(0.609447250928,9.217709011119));
#5294 = CARTESIAN_POINT('',(0.633307980672,9.27630005302));
#5295 = CARTESIAN_POINT('',(0.657466279211,9.3344865645));
#5296 = CARTESIAN_POINT('',(0.681923575852,9.39217022475));
#5297 = CARTESIAN_POINT('',(0.706678811338,9.449241622518));
#5298 = CARTESIAN_POINT('',(0.731728084522,9.505581106657));
#5299 = CARTESIAN_POINT('',(0.757064299039,9.561059636682));
#5300 = CARTESIAN_POINT('',(0.796456977032,9.644851224695));
#5301 = CARTESIAN_POINT('',(0.810316920935,9.673873384203));
#5302 = CARTESIAN_POINT('',(0.824254763858,9.702584359954));
#5303 = CARTESIAN_POINT('',(0.838268302244,9.730961708399));
#5304 = CARTESIAN_POINT('',(0.852354967536,9.758982406622));
#5305 = CARTESIAN_POINT('',(0.866511786906,9.78662296463));
#5306 = CARTESIAN_POINT('',(0.88073534397,9.813859537647));
#5307 = CARTESIAN_POINT('',(0.921857199659,9.891024928674));
#5308 = CARTESIAN_POINT('',(0.948918337937,9.939878902678));
#5309 = CARTESIAN_POINT('',(0.976174763424,9.987060911634));
#5310 = CARTESIAN_POINT('',(1.003594270058,10.032409266806));
#5311 = CARTESIAN_POINT('',(1.03114213738,10.075771326666));
#5312 = CARTESIAN_POINT('',(1.05878015223,10.117005986784));
#5313 = CARTESIAN_POINT('',(1.086465351395,10.155986972449));
#5314 = CARTESIAN_POINT('',(1.157023674677,10.249323337605));
#5315 = CARTESIAN_POINT('',(1.199918942843,10.300409291348));
#5316 = CARTESIAN_POINT('',(1.242634276244,10.345432651687));
#5317 = CARTESIAN_POINT('',(1.285013494279,10.384187142466));
#5318 = CARTESIAN_POINT('',(1.326929349841,10.416641284578));
#5319 = CARTESIAN_POINT('',(1.368273378653,10.442897872318));
#5320 = CARTESIAN_POINT('',(1.408950497293,10.46316399645));
#5321 = CARTESIAN_POINT('',(1.534505027052,10.508972379526));
#5322 = CARTESIAN_POINT('',(1.616419557251,10.513907393341));
#5323 = CARTESIAN_POINT('',(1.694752062731,10.496020714133));
#5324 = CARTESIAN_POINT('',(1.769662023309,10.458883691441));
#5325 = CARTESIAN_POINT('',(1.84135752897,10.405800708423));
#5326 = CARTESIAN_POINT('',(1.910120792808,10.339557828039));
#5327 = CARTESIAN_POINT('',(1.976339138776,10.262236203736));
#5328 = CARTESIAN_POINT('',(2.082679232796,10.117829011526));
#5329 = CARTESIAN_POINT('',(2.123883668441,10.056446122677));
#5330 = CARTESIAN_POINT('',(2.164253332868,9.99134338878));
#5331 = CARTESIAN_POINT('',(2.203870336781,9.922894354985));
#5332 = CARTESIAN_POINT('',(2.242806681396,9.851417940332));
#5333 = CARTESIAN_POINT('',(2.281129410235,9.777185884598));
#5334 = CARTESIAN_POINT('',(2.318903785668,9.700425873692));
#5335 = CARTESIAN_POINT('',(2.356194490192,9.62132034356));
#5336 = ( GEOMETRIC_REPRESENTATION_CONTEXT(2) 
PARAMETRIC_REPRESENTATION_CONTEXT() REPRESENTATION_CONTEXT('2D SPACE',''
  ) );
#5337 = ORIENTED_EDGE('',*,*,#5338,.T.);
#5338 = EDGE_CURVE('',#5172,#5339,#5341,.T.);
#5339 = VERTEX_POINT('',#5340);
#5340 = CARTESIAN_POINT('',(-25.32,-48.7,77.8));
#5341 = SURFACE_CURVE('',#5342,(#5345,#5352),.PCURVE_S1.);
#5342 = B_SPLINE_CURVE_WITH_KNOTS('',1,(#5343,#5344),.UNSPECIFIED.,.F.,
  .F.,(2,2),(0.,1.),.PIECEWISE_BEZIER_KNOTS.);
#5343 = CARTESIAN_POINT('',(-12.52,-61.5,65.));
#5344 = CARTESIAN_POINT('',(-25.32,-48.7,77.8));
#5345 = PCURVE('',#2123,#5346);
#5346 = DEFINITIONAL_REPRESENTATION('',(#5347),#5351);
#5347 = LINE('',#5348,#5349);
#5348 = CARTESIAN_POINT('',(27.8,0.));
#5349 = VECTOR('',#5350,1.);
#5350 = DIRECTION('',(0.,1.));
#5351 = ( GEOMETRIC_REPRESENTATION_CONTEXT(2) 
PARAMETRIC_REPRESENTATION_CONTEXT() REPRESENTATION_CONTEXT('2D SPACE',''
  ) );
#5352 = PCURVE('',#2546,#5353);
#5353 = DEFINITIONAL_REPRESENTATION('',(#5354),#5358);
#5354 = LINE('',#5355,#5356);
#5355 = CARTESIAN_POINT('',(-27.8,0.));
#5356 = VECTOR('',#5357,1.);
#5357 = DIRECTION('',(0.,1.));
#5358 = ( GEOMETRIC_REPRESENTATION_CONTEXT(2) 
PARAMETRIC_REPRESENTATION_CONTEXT() REPRESENTATION_CONTEXT('2D SPACE',''
  ) );
#5359 = ORIENTED_EDGE('',*,*,#5360,.T.);
#5360 = EDGE_CURVE('',#5339,#3979,#5361,.T.);
#5361 = SURFACE_CURVE('',#5362,(#5366,#5373),.PCURVE_S1.);
#5362 = LINE('',#5363,#5364);
#5363 = CARTESIAN_POINT('',(2.48,-48.7,77.8));
#5364 = VECTOR('',#5365,1.);
#5365 = DIRECTION('',(1.,0.,0.));
#5366 = PCURVE('',#2123,#5367);
#5367 = DEFINITIONAL_REPRESENTATION('',(#5368),#5372);
#5368 = LINE('',#5369,#5370);
#5369 = CARTESIAN_POINT('',(0.,1.));
#5370 = VECTOR('',#5371,1.);
#5371 = DIRECTION('',(-1.,0.));
#5372 = ( GEOMETRIC_REPRESENTATION_CONTEXT(2) 
PARAMETRIC_REPRESENTATION_CONTEXT() REPRESENTATION_CONTEXT('2D SPACE',''
  ) );
#5373 = PCURVE('',#5374,#5379);
#5374 = PLANE('',#5375);
#5375 = AXIS2_PLACEMENT_3D('',#5376,#5377,#5378);
#5376 = CARTESIAN_POINT('',(-25.32,-48.7,77.8));
#5377 = DIRECTION('',(-0.,1.,0.));
#5378 = DIRECTION('',(0.,0.,1.));
#5379 = DEFINITIONAL_REPRESENTATION('',(#5380),#5384);
#5380 = LINE('',#5381,#5382);
#5381 = CARTESIAN_POINT('',(0.,27.8));
#5382 = VECTOR('',#5383,1.);
#5383 = DIRECTION('',(0.,1.));
#5384 = ( GEOMETRIC_REPRESENTATION_CONTEXT(2) 
PARAMETRIC_REPRESENTATION_CONTEXT() REPRESENTATION_CONTEXT('2D SPACE',''
  ) );
#5385 = ORIENTED_EDGE('',*,*,#3978,.F.);
#5386 = ORIENTED_EDGE('',*,*,#5387,.T.);
#5387 = EDGE_CURVE('',#3917,#3723,#5388,.T.);
#5388 = SURFACE_CURVE('',#5389,(#5462,#5538),.PCURVE_S1.);
#5389 = B_SPLINE_CURVE_WITH_KNOTS('',8,(#5390,#5391,#5392,#5393,#5394,
    #5395,#5396,#5397,#5398,#5399,#5400,#5401,#5402,#5403,#5404,#5405,
    #5406,#5407,#5408,#5409,#5410,#5411,#5412,#5413,#5414,#5415,#5416,
    #5417,#5418,#5419,#5420,#5421,#5422,#5423,#5424,#5425,#5426,#5427,
    #5428,#5429,#5430,#5431,#5432,#5433,#5434,#5435,#5436,#5437,#5438,
    #5439,#5440,#5441,#5442,#5443,#5444,#5445,#5446,#5447,#5448,#5449,
    #5450,#5451,#5452,#5453,#5454,#5455,#5456,#5457,#5458,#5459,#5460,
    #5461),.UNSPECIFIED.,.F.,.F.,(9,7,7,7,7,7,7,7,7,7,9),(0.,
    9.391961860288E-02,0.232175952462,0.314119486784,0.366613730067,
    0.406623650293,0.457019377494,0.522582780293,0.627074976,
    0.725669956046,1.),.UNSPECIFIED.);
#5390 = CARTESIAN_POINT('',(26.10132034356,-52.87867965644,
    73.62132034356));
#5391 = CARTESIAN_POINT('',(26.035789492576,-52.81314880545,
    73.686851194543));
#5392 = CARTESIAN_POINT('',(25.967237738936,-52.74922418992,
    73.750775810071));
#5393 = CARTESIAN_POINT('',(25.895597483568,-52.68701276949,
    73.812987230501));
#5394 = CARTESIAN_POINT('',(25.820796902204,-52.62664103279,
    73.873358967204));
#5395 = CARTESIAN_POINT('',(25.742760895112,-52.56825503631,
    73.931744963686));
#5396 = CARTESIAN_POINT('',(25.661410492407,-52.51202169715,
    73.987978302847));
#5397 = CARTESIAN_POINT('',(25.576660714947,-52.45813133959,
    74.041868660402));
#5398 = CARTESIAN_POINT('',(25.358515728597,-52.33124032778,
    74.168759672212));
#5399 = CARTESIAN_POINT('',(25.221164399318,-52.26129822571,
    74.238701774288));
#5400 = CARTESIAN_POINT('',(25.075954109117,-52.19757703939,
    74.302422960607));
#5401 = CARTESIAN_POINT('',(24.922561357904,-52.14092878718,
    74.359071212819));
#5402 = CARTESIAN_POINT('',(24.760782521281,-52.09244666272,
    74.407553337276));
#5403 = CARTESIAN_POINT('',(24.590579010207,-52.05343380466,
    74.446566195331));
#5404 = CARTESIAN_POINT('',(24.412098822594,-52.02539211832,
    74.474607881674));
#5405 = CARTESIAN_POINT('',(24.115127676913,-52.00099416736,
    74.499005832637));
#5406 = CARTESIAN_POINT('',(24.001885270769,-51.99639012035,
    74.503609879643));
#5407 = CARTESIAN_POINT('',(23.886052070847,-51.99662318333,
    74.503376816664));
#5408 = CARTESIAN_POINT('',(23.767863480865,-52.00207154011,
    74.49792845989));
#5409 = CARTESIAN_POINT('',(23.647659014169,-52.01311156085,
    74.486888439143));
#5410 = CARTESIAN_POINT('',(23.52589059445,-52.0300872351,
    74.469912764898));
#5411 = CARTESIAN_POINT('',(23.403131463013,-52.05326714938,
    74.446732850612));
#5412 = CARTESIAN_POINT('',(23.201260747385,-52.1017011511,
    74.398298848898));
#5413 = CARTESIAN_POINT('',(23.122317775645,-52.12321606181,
    74.376783938188));
#5414 = CARTESIAN_POINT('',(23.043462538269,-52.14736414819,
    74.352635851803));
#5415 = CARTESIAN_POINT('',(22.964907301466,-52.17415375824,
    74.325846241756));
#5416 = CARTESIAN_POINT('',(22.886869501337,-52.20356803309,
    74.296431966907));
#5417 = CARTESIAN_POINT('',(22.809570408425,-52.23556175863,
    74.264438241361));
#5418 = CARTESIAN_POINT('',(22.733233792263,-52.27005821713,
    74.229941782867));
#5419 = CARTESIAN_POINT('',(22.600807567294,-52.33506109881,
    74.164938901182));
#5420 = CARTESIAN_POINT('',(22.544212429563,-52.36456916218,
    74.135430837816));
#5421 = CARTESIAN_POINT('',(22.488396475226,-52.39542248384,
    74.104577516157));
#5422 = CARTESIAN_POINT('',(22.433447825371,-52.42756665016,
    74.07243334983));
#5423 = CARTESIAN_POINT('',(22.379445915641,-52.46094128563,
    74.039058714363));
#5424 = CARTESIAN_POINT('',(22.326461992195,-52.4954807595,
    74.004519240493));
#5425 = CARTESIAN_POINT('',(22.274559607671,-52.53111489251,
    73.968885107483));
#5426 = CARTESIAN_POINT('',(22.159853139716,-52.6139393093,
    73.886060690692));
#5427 = CARTESIAN_POINT('',(22.097711836755,-52.66173180738,
    73.83826819262));
#5428 = CARTESIAN_POINT('',(22.037478901041,-52.71100234365,
    73.788997656342));
#5429 = CARTESIAN_POINT('',(21.979233807578,-52.76160597822,
    73.73839402177));
#5430 = CARTESIAN_POINT('',(21.92303144193,-52.81339988421,
    73.68660011579));
#5431 = CARTESIAN_POINT('',(21.868905728565,-52.86624558656,
    73.633754413437));
#5432 = CARTESIAN_POINT('',(21.816873259188,-52.92001120091,
    73.579988799089));
#5433 = CARTESIAN_POINT('',(21.701971170381,-53.04555789049,
    73.454442109506));
#5434 = CARTESIAN_POINT('',(21.640555579344,-53.11788773231,
    73.382112267687));
#5435 = CARTESIAN_POINT('',(21.582682472513,-53.19130445078,
    73.308695549217));
#5436 = CARTESIAN_POINT('',(21.528309403324,-53.26557147284,
    73.234428527154));
#5437 = CARTESIAN_POINT('',(21.477368341221,-53.34047647525,
    73.159523524742));
#5438 = CARTESIAN_POINT('',(21.429773178822,-53.4158329706,
    73.084167029391));
#5439 = CARTESIAN_POINT('',(21.385425559125,-53.49148140353,
    73.008518596462));
#5440 = CARTESIAN_POINT('',(21.278545777049,-53.68810992479,
    72.811890075205));
#5441 = CARTESIAN_POINT('',(21.220875253804,-53.80929168593,
    72.690708314067));
#5442 = CARTESIAN_POINT('',(21.170749192698,-53.93033444026,
    72.569665559738));
#5443 = CARTESIAN_POINT('',(21.127726090376,-54.05081703006,
    72.449182969938));
#5444 = CARTESIAN_POINT('',(21.091378677025,-54.17039687701,
    72.329603122985));
#5445 = CARTESIAN_POINT('',(21.061296332063,-54.2888084224,
    72.211191577599));
#5446 = CARTESIAN_POINT('',(21.037092438941,-54.40586087063,
    72.094139129362));
#5447 = CARTESIAN_POINT('',(21.000794921198,-54.63048694272,
    71.869513057272));
#5448 = CARTESIAN_POINT('',(20.988099923623,-54.73819054851,
    71.761809451483));
#5449 = CARTESIAN_POINT('',(20.980035260036,-54.84442804499,
    71.655571955001));
#5450 = CARTESIAN_POINT('',(20.9763334427,-54.94909972398,
    71.550900276015));
#5451 = CARTESIAN_POINT('',(20.976750463516,-55.05212491984,
    71.447875080152));
#5452 = CARTESIAN_POINT('',(20.981062770416,-55.15344202813,
    71.346557971863));
#5453 = CARTESIAN_POINT('',(20.989066679097,-55.25300780058,
    71.24699219942));
#5454 = CARTESIAN_POINT('',(21.032615423116,-55.62288094681,
    70.877119053186));
#5455 = CARTESIAN_POINT('',(21.091777117539,-55.88083784572,
    70.619162154279));
#5456 = CARTESIAN_POINT('',(21.174054076386,-56.12448218166,
    70.375517818335));
#5457 = CARTESIAN_POINT('',(21.276767842446,-56.35349092329,
    70.146509076706));
#5458 = CARTESIAN_POINT('',(21.3977463654,-56.56774840148,
    69.932251598518));
#5459 = CARTESIAN_POINT('',(21.535514397592,-56.76718567561,
    69.732814324384));
#5460 = CARTESIAN_POINT('',(21.689146068642,-56.95178675576,
    69.548213244239));
#5461 = CARTESIAN_POINT('',(21.85867965644,-57.12132034356,
    69.37867965644));
#5462 = PCURVE('',#2123,#5463);
#5463 = DEFINITIONAL_REPRESENTATION('',(#5464),#5537);
#5464 = B_SPLINE_CURVE_WITH_KNOTS('',8,(#5465,#5466,#5467,#5468,#5469,
    #5470,#5471,#5472,#5473,#5474,#5475,#5476,#5477,#5478,#5479,#5480,
    #5481,#5482,#5483,#5484,#5485,#5486,#5487,#5488,#5489,#5490,#5491,
    #5492,#5493,#5494,#5495,#5496,#5497,#5498,#5499,#5500,#5501,#5502,
    #5503,#5504,#5505,#5506,#5507,#5508,#5509,#5510,#5511,#5512,#5513,
    #5514,#5515,#5516,#5517,#5518,#5519,#5520,#5521,#5522,#5523,#5524,
    #5525,#5526,#5527,#5528,#5529,#5530,#5531,#5532,#5533,#5534,#5535,
    #5536),.UNSPECIFIED.,.F.,.F.,(9,7,7,7,7,7,7,7,7,7,9),(0.,
    9.391961860288E-02,0.232175952462,0.314119486784,0.366613730067,
    0.406623650293,0.457019377494,0.522582780293,0.627074976,
    0.725669956046,1.),.UNSPECIFIED.);
#5465 = CARTESIAN_POINT('',(-27.8,0.673540651841));
#5466 = CARTESIAN_POINT('',(-27.64575310517,0.678660249574));
#5467 = CARTESIAN_POINT('',(-27.49081937239,0.683654360162));
#5468 = CARTESIAN_POINT('',(-27.33521081392,0.688514627383));
#5469 = CARTESIAN_POINT('',(-27.17895218838,0.693231169313));
#5470 = CARTESIAN_POINT('',(-27.02208058534,0.697792575288));
#5471 = CARTESIAN_POINT('',(-26.86464454049,0.70218580491));
#5472 = CARTESIAN_POINT('',(-26.70670268124,0.706395989094));
#5473 = CARTESIAN_POINT('',(-26.31517417385,0.716309349392));
#5474 = CARTESIAN_POINT('',(-26.08129303377,0.721773576116));
#5475 = CARTESIAN_POINT('',(-25.84666156452,0.726751793797));
#5476 = CARTESIAN_POINT('',(-25.61159848435,0.731177438502));
#5477 = CARTESIAN_POINT('',(-25.37675159205,0.734965104475));
#5478 = CARTESIAN_POINT('',(-25.14308847334,0.73801298401));
#5479 = CARTESIAN_POINT('',(-24.9118952724,0.740203740756));
#5480 = CARTESIAN_POINT('',(-24.55019323833,0.742109830675));
#5481 = CARTESIAN_POINT('',(-24.41711830721,0.742469521847));
#5482 = CARTESIAN_POINT('',(-24.28599137304,0.742451313802));
#5483 = CARTESIAN_POINT('',(-24.15734973679,0.742025660929));
#5484 = CARTESIAN_POINT('',(-24.03183755569,0.741163159308));
#5485 = CARTESIAN_POINT('',(-23.91019053958,0.739836934758));
#5486 = CARTESIAN_POINT('',(-23.79321395351,0.738026003954));
#5487 = CARTESIAN_POINT('',(-23.61035098092,0.73424209757));
#5488 = CARTESIAN_POINT('',(-23.54121169258,0.732561245171));
#5489 = CARTESIAN_POINT('',(-23.47457616789,0.730674675922));
#5490 = CARTESIAN_POINT('',(-23.41067420381,0.728581737637));
#5491 = CARTESIAN_POINT('',(-23.34972173759,0.726283747415));
#5492 = CARTESIAN_POINT('',(-23.29191729611,0.723784237606));
#5493 = CARTESIAN_POINT('',(-23.23743844525,0.721089201787));
#5494 = CARTESIAN_POINT('',(-23.14756704017,0.716010851655));
#5495 = CARTESIAN_POINT('',(-23.11071119485,0.713705534204));
#5496 = CARTESIAN_POINT('',(-23.0759371074,0.71129511845));
#5497 = CARTESIAN_POINT('',(-23.04329663904,0.708783855456));
#5498 = CARTESIAN_POINT('',(-23.01282814821,0.70617646206));
#5499 = CARTESIAN_POINT('',(-22.98455753078,0.703478065664));
#5500 = CARTESIAN_POINT('',(-22.95849926029,0.700694149022));
#5501 = CARTESIAN_POINT('',(-22.90462671413,0.69422349146));
#5502 = CARTESIAN_POINT('',(-22.87811043855,0.690489702548));
#5503 = CARTESIAN_POINT('',(-22.85511399586,0.686640441902));
#5504 = CARTESIAN_POINT('',(-22.83561362341,0.682687032951));
#5505 = CARTESIAN_POINT('',(-22.81956174633,0.678640634046));
#5506 = CARTESIAN_POINT('',(-22.80689232255,0.67451206355));
#5507 = CARTESIAN_POINT('',(-22.7975261877,0.670311624929));
#5508 = CARTESIAN_POINT('',(-22.78337570192,0.660503289805));
#5509 = CARTESIAN_POINT('',(-22.78081868253,0.654852520913));
#5510 = CARTESIAN_POINT('',(-22.78350948447,0.649116839783));
#5511 = CARTESIAN_POINT('',(-22.79123287492,0.643314728684));
#5512 = CARTESIAN_POINT('',(-22.80376452242,0.63746277537));
#5513 = CARTESIAN_POINT('',(-22.82087977615,0.631575549171));
#5514 = CARTESIAN_POINT('',(-22.8423609478,0.625665515349));
#5515 = CARTESIAN_POINT('',(-22.90887047393,0.610303912125));
#5516 = CARTESIAN_POINT('',(-22.9602917808,0.600836587036));
#5517 = CARTESIAN_POINT('',(-23.02143736892,0.591380121855));
#5518 = CARTESIAN_POINT('',(-23.09154510149,0.581967419526));
#5519 = CARTESIAN_POINT('',(-23.1699150032,0.572625243983));
#5520 = CARTESIAN_POINT('',(-23.25591270001,0.563374342));
#5521 = CARTESIAN_POINT('',(-23.34898164802,0.554229619481));
#5522 = CARTESIAN_POINT('',(-23.54272088335,0.536680707599));
#5523 = CARTESIAN_POINT('',(-23.64263775552,0.528266363397));
#5524 = CARTESIAN_POINT('',(-23.74800715024,0.519966558984));
#5525 = CARTESIAN_POINT('',(-23.85845738974,0.511789084064));
#5526 = CARTESIAN_POINT('',(-23.97364897711,0.503740240637));
#5527 = CARTESIAN_POINT('',(-24.09327338907,0.495824841552));
#5528 = CARTESIAN_POINT('',(-24.2170544205,0.48804626558));
#5529 = CARTESIAN_POINT('',(-24.70005723657,0.45914992603));
#5530 = CARTESIAN_POINT('',(-25.08520458068,0.438997043303));
#5531 = CARTESIAN_POINT('',(-25.49529520135,0.419962329557));
#5532 = CARTESIAN_POINT('',(-25.92637751881,0.402071021618));
#5533 = CARTESIAN_POINT('',(-26.37493525907,0.385332156134));
#5534 = CARTESIAN_POINT('',(-26.83809495129,0.369751119092));
#5535 = CARTESIAN_POINT('',(-27.31358566998,0.355329159706));
#5536 = CARTESIAN_POINT('',(-27.8,0.342084348159));
#5537 = ( GEOMETRIC_REPRESENTATION_CONTEXT(2) 
PARAMETRIC_REPRESENTATION_CONTEXT() REPRESENTATION_CONTEXT('2D SPACE',''
  ) );
#5538 = PCURVE('',#3856,#5539);
#5539 = DEFINITIONAL_REPRESENTATION('',(#5540),#5613);
#5540 = B_SPLINE_CURVE_WITH_KNOTS('',8,(#5541,#5542,#5543,#5544,#5545,
    #5546,#5547,#5548,#5549,#5550,#5551,#5552,#5553,#5554,#5555,#5556,
    #5557,#5558,#5559,#5560,#5561,#5562,#5563,#5564,#5565,#5566,#5567,
    #5568,#5569,#5570,#5571,#5572,#5573,#5574,#5575,#5576,#5577,#5578,
    #5579,#5580,#5581,#5582,#5583,#5584,#5585,#5586,#5587,#5588,#5589,
    #5590,#5591,#5592,#5593,#5594,#5595,#5596,#5597,#5598,#5599,#5600,
    #5601,#5602,#5603,#5604,#5605,#5606,#5607,#5608,#5609,#5610,#5611,
    #5612),.UNSPECIFIED.,.F.,.F.,(9,7,7,7,7,7,7,7,7,7,9),(0.,
    9.391961860288E-02,0.232175952462,0.314119486784,0.366613730067,
    0.406623650293,0.457019377494,0.522582780293,0.627074976,
    0.725669956046,1.),.UNSPECIFIED.);
#5541 = CARTESIAN_POINT('',(0.785398163397,9.62132034356));
#5542 = CARTESIAN_POINT('',(0.816289702802,9.686851194543));
#5543 = CARTESIAN_POINT('',(0.847514695358,9.750775810071));
#5544 = CARTESIAN_POINT('',(0.879108726707,9.812987230501));
#5545 = CARTESIAN_POINT('',(0.911107998622,9.873358967204));
#5546 = CARTESIAN_POINT('',(0.943549963331,9.931744963686));
#5547 = CARTESIAN_POINT('',(0.976474537597,9.987978302847));
#5548 = CARTESIAN_POINT('',(1.009925896549,10.041868660402));
#5549 = CARTESIAN_POINT('',(1.094047874089,10.168759672212));
#5550 = CARTESIAN_POINT('',(1.14534570801,10.238701774288));
#5551 = CARTESIAN_POINT('',(1.198057208768,10.302422960607));
#5552 = CARTESIAN_POINT('',(1.25236200406,10.35907121282));
#5553 = CARTESIAN_POINT('',(1.308425072508,10.407553337276));
#5554 = CARTESIAN_POINT('',(1.366403180662,10.446566195331));
#5555 = CARTESIAN_POINT('',(1.426462215906,10.474607881674));
#5556 = CARTESIAN_POINT('',(1.525786108846,10.499005832637));
#5557 = CARTESIAN_POINT('',(1.563532398492,10.503609879643));
#5558 = CARTESIAN_POINT('',(1.602084620021,10.503376816664));
#5559 = CARTESIAN_POINT('',(1.641444290392,10.49792845989));
#5560 = CARTESIAN_POINT('',(1.681594797258,10.486888439143));
#5561 = CARTESIAN_POINT('',(1.722498879267,10.469912764898));
#5562 = CARTESIAN_POINT('',(1.764091939004,10.446732850612));
#5563 = CARTESIAN_POINT('',(1.83329184134,10.398298848898));
#5564 = CARTESIAN_POINT('',(1.860553231267,10.376783938188));
#5565 = CARTESIAN_POINT('',(1.888020881788,10.352635851803));
#5566 = CARTESIAN_POINT('',(1.915659096265,10.325846241756));
#5567 = CARTESIAN_POINT('',(1.943429978699,10.296431966907));
#5568 = CARTESIAN_POINT('',(1.97129245445,10.264438241361));
#5569 = CARTESIAN_POINT('',(1.999201290969,10.229941782867));
#5570 = CARTESIAN_POINT('',(2.048374544411,10.164938901182));
#5571 = CARTESIAN_POINT('',(2.069643524628,10.135430837816));
#5572 = CARTESIAN_POINT('',(2.090891627373,10.104577516157));
#5573 = CARTESIAN_POINT('',(2.112099125493,10.07243334983));
#5574 = CARTESIAN_POINT('',(2.133247701588,10.039058714363));
#5575 = CARTESIAN_POINT('',(2.154320153153,10.004519240493));
#5576 = CARTESIAN_POINT('',(2.175300097701,9.968885107483));
#5577 = CARTESIAN_POINT('',(2.222461119515,9.886060690692));
#5578 = CARTESIAN_POINT('',(2.248580544874,9.83826819262));
#5579 = CARTESIAN_POINT('',(2.274500480151,9.788997656342));
#5580 = CARTESIAN_POINT('',(2.300197175976,9.738394021771));
#5581 = CARTESIAN_POINT('',(2.325651864466,9.68660011579));
#5582 = CARTESIAN_POINT('',(2.350850016248,9.633754413437));
#5583 = CARTESIAN_POINT('',(2.375780597491,9.579988799089));
#5584 = CARTESIAN_POINT('',(2.432510426287,9.454442109506));
#5585 = CARTESIAN_POINT('',(2.464117447676,9.382112267687));
#5586 = CARTESIAN_POINT('',(2.495244812761,9.308695549217));
#5587 = CARTESIAN_POINT('',(2.525887957804,9.234428527154));
#5588 = CARTESIAN_POINT('',(2.556047837755,9.159523524742));
#5589 = CARTESIAN_POINT('',(2.585730034465,9.084167029391));
#5590 = CARTESIAN_POINT('',(2.614944469027,9.008518596462));
#5591 = CARTESIAN_POINT('',(2.689544188409,8.811890075205));
#5592 = CARTESIAN_POINT('',(2.734214641381,8.690708314067));
#5593 = CARTESIAN_POINT('',(2.777789997517,8.569665559738));
#5594 = CARTESIAN_POINT('',(2.82033290514,8.449182969938));
#5595 = CARTESIAN_POINT('',(2.861902096694,8.329603122985));
#5596 = CARTESIAN_POINT('',(2.902557216224,8.211191577599));
#5597 = CARTESIAN_POINT('',(2.942362118171,8.094139129362));
#5598 = CARTESIAN_POINT('',(3.018208733899,7.869513057272));
#5599 = CARTESIAN_POINT('',(3.05432525863,7.761809451483));
#5600 = CARTESIAN_POINT('',(3.0897891433,7.655571955001));
#5601 = CARTESIAN_POINT('',(3.124645774478,7.550900276015));
#5602 = CARTESIAN_POINT('',(3.158936048683,7.447875080152));
#5603 = CARTESIAN_POINT('',(3.192698650596,7.346557971863));
#5604 = CARTESIAN_POINT('',(3.2259715545,7.24699219942));
#5605 = CARTESIAN_POINT('',(3.350114231113,6.877119053186));
#5606 = CARTESIAN_POINT('',(3.437816155942,6.619162154279));
#5607 = CARTESIAN_POINT('',(3.522839988709,6.375517818335));
#5608 = CARTESIAN_POINT('',(3.605755581241,6.146509076706));
#5609 = CARTESIAN_POINT('',(3.68709301497,5.932251598518));
#5610 = CARTESIAN_POINT('',(3.767349437343,5.732814324384));
#5611 = CARTESIAN_POINT('',(3.847071917273,5.548213244239));
#5612 = CARTESIAN_POINT('',(3.926990816987,5.37867965644));
#5613 = ( GEOMETRIC_REPRESENTATION_CONTEXT(2) 
PARAMETRIC_REPRESENTATION_CONTEXT() REPRESENTATION_CONTEXT('2D SPACE',''
  ) );
#5614 = ORIENTED_EDGE('',*,*,#3722,.F.);
#5615 = ADVANCED_FACE('',(#5616),#2055,.T.);
#5616 = FACE_BOUND('',#5617,.T.);
#5617 = EDGE_LOOP('',(#5618,#5619,#5620,#5621));
#5618 = ORIENTED_EDGE('',*,*,#2403,.F.);
#5619 = ORIENTED_EDGE('',*,*,#2040,.T.);
#5620 = ORIENTED_EDGE('',*,*,#2186,.T.);
#5621 = ORIENTED_EDGE('',*,*,#2351,.F.);
#5622 = ADVANCED_FACE('',(#5623),#2546,.T.);
#5623 = FACE_BOUND('',#5624,.T.);
#5624 = EDGE_LOOP('',(#5625,#5626,#5627,#5834,#5835,#5861,#5862,#6090));
#5625 = ORIENTED_EDGE('',*,*,#2532,.F.);
#5626 = ORIENTED_EDGE('',*,*,#4416,.T.);
#5627 = ORIENTED_EDGE('',*,*,#5628,.T.);
#5628 = EDGE_CURVE('',#4417,#4677,#5629,.T.);
#5629 = SURFACE_CURVE('',#5630,(#5696,#5765),.PCURVE_S1.);
#5630 = B_SPLINE_CURVE_WITH_KNOTS('',8,(#5631,#5632,#5633,#5634,#5635,
    #5636,#5637,#5638,#5639,#5640,#5641,#5642,#5643,#5644,#5645,#5646,
    #5647,#5648,#5649,#5650,#5651,#5652,#5653,#5654,#5655,#5656,#5657,
    #5658,#5659,#5660,#5661,#5662,#5663,#5664,#5665,#5666,#5667,#5668,
    #5669,#5670,#5671,#5672,#5673,#5674,#5675,#5676,#5677,#5678,#5679,
    #5680,#5681,#5682,#5683,#5684,#5685,#5686,#5687,#5688,#5689,#5690,
    #5691,#5692,#5693,#5694,#5695),.UNSPECIFIED.,.F.,.F.,(9,7,7,7,7,7,7,
    7,7,9),(0.,0.274320372129,0.373457241157,0.477756508524,
    0.543127717569,0.574559566047,0.633016307207,0.713634920869,
    0.886524358782,1.),.UNSPECIFIED.);
#5631 = CARTESIAN_POINT('',(-16.89867965644,-95.87867965644,
    69.37867965644));
#5632 = CARTESIAN_POINT('',(-17.06828457272,-95.70907474015,
    69.548284572729));
#5633 = CARTESIAN_POINT('',(-17.25296937831,-95.55538541067,
    69.732969378319));
#5634 = CARTESIAN_POINT('',(-17.45250266482,-95.41757296611,
    69.932502664825));
#5635 = CARTESIAN_POINT('',(-17.66686869911,-95.29656479845,
    70.146868699119));
#5636 = CARTESIAN_POINT('',(-17.89599848579,-95.19383847009,
    70.375998485796));
#5637 = CARTESIAN_POINT('',(-18.13977611178,-95.11156982056,
    70.619776111785));
#5638 = CARTESIAN_POINT('',(-18.3978775247,-95.0524416416,
    70.877877524703));
#5639 = CARTESIAN_POINT('',(-18.76850263249,-95.00891956453,
    71.248502632497));
#5640 = CARTESIAN_POINT('',(-18.86868618504,-95.00091919659,
    71.348686185044));
#5641 = CARTESIAN_POINT('',(-18.97064151208,-94.99665701296,
    71.450641512082));
#5642 = CARTESIAN_POINT('',(-19.07432448899,-94.99634061519,
    71.55432448899));
#5643 = CARTESIAN_POINT('',(-19.17967210329,-95.00019795987,
    71.659672103297));
#5644 = CARTESIAN_POINT('',(-19.28660172271,-95.00847795381,
    71.766601722713));
#5645 = CARTESIAN_POINT('',(-19.39501111334,-95.02145358208,
    71.875011113344));
#5646 = CARTESIAN_POINT('',(-19.62026330564,-95.05833752325,
    72.100263305646));
#5647 = CARTESIAN_POINT('',(-19.73721505603,-95.08277423713,
    72.217215056034));
#5648 = CARTESIAN_POINT('',(-19.85551472124,-95.11308769327,
    72.335514721242));
#5649 = CARTESIAN_POINT('',(-19.9749706159,-95.14966389633,
    72.454970615909));
#5650 = CARTESIAN_POINT('',(-20.09531617921,-95.19291257891,
    72.575316179216));
#5651 = CARTESIAN_POINT('',(-20.21620773363,-95.24325976896,
    72.696207733637));
#5652 = CARTESIAN_POINT('',(-20.3372229305,-95.30114521864,
    72.817222930501));
#5653 = CARTESIAN_POINT('',(-20.53347099255,-95.40831569412,
    73.013470992554));
#5654 = CARTESIAN_POINT('',(-20.60891588727,-95.45273743213,
    73.088915887271));
#5655 = CARTESIAN_POINT('',(-20.68406277118,-95.50039543197,
    73.164062771186));
#5656 = CARTESIAN_POINT('',(-20.7587524005,-95.55138698192,
    73.238752400501));
#5657 = CARTESIAN_POINT('',(-20.83279868918,-95.60579699655,
    73.312798689183));
#5658 = CARTESIAN_POINT('',(-20.90598981875,-95.66369217551,
    73.385989818752));
#5659 = CARTESIAN_POINT('',(-20.97808985161,-95.72511345976,
    73.458089851619));
#5660 = CARTESIAN_POINT('',(-21.08285941101,-95.82129770655,
    73.562859411019));
#5661 = CARTESIAN_POINT('',(-21.1165646823,-95.85334390721,
    73.596564682302));
#5662 = CARTESIAN_POINT('',(-21.14992709514,-95.88620498603,
    73.629927095147));
#5663 = CARTESIAN_POINT('',(-21.18291568787,-95.919878337,
    73.662915687871));
#5664 = CARTESIAN_POINT('',(-21.21549828228,-95.95435879865,
    73.695498282281));
#5665 = CARTESIAN_POINT('',(-21.24764166216,-95.98963830334,
    73.727641662166));
#5666 = CARTESIAN_POINT('',(-21.2793117518,-96.02570552667,
    73.759311751802));
#5667 = CARTESIAN_POINT('',(-21.36842875252,-96.13106034077,
    73.848428752529));
#5668 = CARTESIAN_POINT('',(-21.42463943919,-96.20226332545,
    73.904639439194));
#5669 = CARTESIAN_POINT('',(-21.47886554845,-96.27604207973,
    73.958865548454));
#5670 = CARTESIAN_POINT('',(-21.53087512073,-96.35225193722,
    74.010875120731));
#5671 = CARTESIAN_POINT('',(-21.58044740485,-96.43071282235,
    74.060447404857));
#5672 = CARTESIAN_POINT('',(-21.62737735184,-96.51120505215,
    74.107377351843));
#5673 = CARTESIAN_POINT('',(-21.67148174043,-96.59346409347,
    74.151481740432));
#5674 = CARTESIAN_POINT('',(-21.76932333803,-96.79262030833,
    74.24932333803));
#5675 = CARTESIAN_POINT('',(-21.82040929178,-96.9108997662,
    74.300409291781));
#5676 = CARTESIAN_POINT('',(-21.86543265211,-97.03115409007,
    74.345432652114));
#5677 = CARTESIAN_POINT('',(-21.90418714287,-97.15256121866,
    74.384187142873));
#5678 = CARTESIAN_POINT('',(-21.93664128495,-97.2743472167,
    74.416641284953));
#5679 = CARTESIAN_POINT('',(-21.96289787265,-97.39579598645,
    74.44289787265));
#5680 = CARTESIAN_POINT('',(-21.98316399672,-97.51625706283,
    74.463163996729));
#5681 = CARTESIAN_POINT('',(-22.02897237961,-97.89012475564,
    74.508972379611));
#5682 = CARTESIAN_POINT('',(-22.03390739326,-98.13710159256,
    74.513907393264));
#5683 = CARTESIAN_POINT('',(-22.01602071387,-98.37315595795,
    74.496020713878));
#5684 = CARTESIAN_POINT('',(-21.978883691,-98.59649641678,
    74.458883691002));
#5685 = CARTESIAN_POINT('',(-21.92580070779,-98.8063335503,
    74.405800707797));
#5686 = CARTESIAN_POINT('',(-21.85955782722,-99.00269824083,
    74.339557827225));
#5687 = CARTESIAN_POINT('',(-21.78223620273,-99.18623256568,
    74.262236202735));
#5688 = CARTESIAN_POINT('',(-21.63782901041,-99.47069785878,
    74.11782901041));
#5689 = CARTESIAN_POINT('',(-21.57644612166,-99.57816606188,
    74.056446121662));
#5690 = CARTESIAN_POINT('',(-21.51134338789,-99.68055441121,
    73.991343387891));
#5691 = CARTESIAN_POINT('',(-21.44289435424,-99.77801513949,
    73.922894354243));
#5692 = CARTESIAN_POINT('',(-21.37141793975,-99.87068912555,
    73.851417939753));
#5693 = CARTESIAN_POINT('',(-21.29718588419,-99.95871194882,
    73.777185884199));
#5694 = CARTESIAN_POINT('',(-21.22042587348,-100.0422148136,
    73.700425873487));
#5695 = CARTESIAN_POINT('',(-21.14132034356,-100.1213203435,
    73.62132034356));
#5696 = PCURVE('',#2546,#5697);
#5697 = DEFINITIONAL_REPRESENTATION('',(#5698),#5764);
#5698 = B_SPLINE_CURVE_WITH_KNOTS('',8,(#5699,#5700,#5701,#5702,#5703,
    #5704,#5705,#5706,#5707,#5708,#5709,#5710,#5711,#5712,#5713,#5714,
    #5715,#5716,#5717,#5718,#5719,#5720,#5721,#5722,#5723,#5724,#5725,
    #5726,#5727,#5728,#5729,#5730,#5731,#5732,#5733,#5734,#5735,#5736,
    #5737,#5738,#5739,#5740,#5741,#5742,#5743,#5744,#5745,#5746,#5747,
    #5748,#5749,#5750,#5751,#5752,#5753,#5754,#5755,#5756,#5757,#5758,
    #5759,#5760,#5761,#5762,#5763),.UNSPECIFIED.,.F.,.F.,(9,7,7,7,7,7,7,
    7,7,9),(0.,0.274320372129,0.373457241157,0.477756508524,
    0.543127717569,0.574559566047,0.633016307207,0.713634920869,
    0.886524358782,1.),.UNSPECIFIED.);
#5699 = CARTESIAN_POINT('',(27.8,0.342084348159));
#5700 = CARTESIAN_POINT('',(27.313381019097,0.355334732244));
#5701 = CARTESIAN_POINT('',(26.8376956621,0.369763232681));
#5702 = CARTESIAN_POINT('',(26.374352264658,0.385351770689));
#5703 = CARTESIAN_POINT('',(25.925624652049,0.402099117119));
#5704 = CARTESIAN_POINT('',(25.494390366904,0.419999881703));
#5705 = CARTESIAN_POINT('',(25.084171259558,0.439045008733));
#5706 = CARTESIAN_POINT('',(24.69892508295,0.459209181617));
#5707 = CARTESIAN_POINT('',(24.215133536898,0.488164268164));
#5708 = CARTESIAN_POINT('',(24.090673042851,0.495991108207));
#5709 = CARTESIAN_POINT('',(23.970422174056,0.503956368131));
#5710 = CARTESIAN_POINT('',(23.854662399399,0.512056600702));
#5711 = CARTESIAN_POINT('',(23.743708370043,0.52028688307));
#5712 = CARTESIAN_POINT('',(23.637906518734,0.528640759587));
#5713 = CARTESIAN_POINT('',(23.53763631726,0.53711024323));
#5714 = CARTESIAN_POINT('',(23.344080388788,0.554708070754));
#5715 = CARTESIAN_POINT('',(23.251461693384,0.563844926253));
#5716 = CARTESIAN_POINT('',(23.165915786641,0.573087087597));
#5717 = CARTESIAN_POINT('',(23.087998993222,0.582419579368));
#5718 = CARTESIAN_POINT('',(23.018345271408,0.591821576501));
#5719 = CARTESIAN_POINT('',(22.957653921519,0.60126622919));
#5720 = CARTESIAN_POINT('',(22.906686012967,0.610720541445));
#5721 = CARTESIAN_POINT('',(22.84093786249,0.626052421293));
#5722 = CARTESIAN_POINT('',(22.81975711971,0.631946553693));
#5723 = CARTESIAN_POINT('',(22.802931087501,0.637817403999));
#5724 = CARTESIAN_POINT('',(22.790676105267,0.643652531289));
#5725 = CARTESIAN_POINT('',(22.783215302232,0.649437397592));
#5726 = CARTESIAN_POINT('',(22.780771292854,0.65515545459));
#5727 = CARTESIAN_POINT('',(22.783557331349,0.660788269658));
#5728 = CARTESIAN_POINT('',(22.795714270321,0.668973391486));
#5729 = CARTESIAN_POINT('',(22.800915320495,0.671606615805));
#5730 = CARTESIAN_POINT('',(22.807391212583,0.674213054308));
#5731 = CARTESIAN_POINT('',(22.815161833358,0.676790288115));
#5732 = CARTESIAN_POINT('',(22.824245328446,0.679335803303));
#5733 = CARTESIAN_POINT('',(22.834657611137,0.681847004857));
#5734 = CARTESIAN_POINT('',(22.846411871195,0.68432123061));
#5735 = CARTESIAN_POINT('',(22.883892929795,0.691283496291));
#5736 = CARTESIAN_POINT('',(22.912949290407,0.695674956187));
#5737 = CARTESIAN_POINT('',(22.94674829623,0.699911370973));
#5738 = CARTESIAN_POINT('',(22.985309692063,0.703974618807));
#5739 = CARTESIAN_POINT('',(23.028608038088,0.707847453504));
#5740 = CARTESIAN_POINT('',(23.076565617936,0.711513855613));
#5741 = CARTESIAN_POINT('',(23.129042053481,0.714959510971));
#5742 = CARTESIAN_POINT('',(23.264124851726,0.722603385784));
#5743 = CARTESIAN_POINT('',(23.350661670235,0.72659447592));
#5744 = CARTESIAN_POINT('',(23.444853711609,0.730111925946));
#5745 = CARTESIAN_POINT('',(23.545989983501,0.733139620537));
#5746 = CARTESIAN_POINT('',(23.653280518199,0.735675100387));
#5747 = CARTESIAN_POINT('',(23.765896853574,0.737726396301));
#5748 = CARTESIAN_POINT('',(23.882998348298,0.739309687244));
#5749 = CARTESIAN_POINT('',(24.262688316945,0.742888467157));
#5750 = CARTESIAN_POINT('',(24.537591453469,0.743274015099));
#5751 = CARTESIAN_POINT('',(24.822745952573,0.741876618272));
#5752 = CARTESIAN_POINT('',(25.113648864623,0.738975288359));
#5753 = CARTESIAN_POINT('',(25.40694063966,0.734828180297));
#5754 = CARTESIAN_POINT('',(25.700426564637,0.729652955252));
#5755 = CARTESIAN_POINT('',(25.993143297651,0.723612203339));
#5756 = CARTESIAN_POINT('',(26.477276305142,0.712330391438));
#5757 = CARTESIAN_POINT('',(26.668638234009,0.707534853255));
#5758 = CARTESIAN_POINT('',(26.859368533874,0.702448702179));
#5759 = CARTESIAN_POINT('',(27.049338194602,0.697101121425));
#5760 = CARTESIAN_POINT('',(27.238444061738,0.691517026543));
#5761 = CARTESIAN_POINT('',(27.426612374358,0.685717647203));
#5762 = CARTESIAN_POINT('',(27.61380094762,0.679720771366));
#5763 = CARTESIAN_POINT('',(27.8,0.673540651841));
#5764 = ( GEOMETRIC_REPRESENTATION_CONTEXT(2) 
PARAMETRIC_REPRESENTATION_CONTEXT() REPRESENTATION_CONTEXT('2D SPACE',''
  ) );
#5765 = PCURVE('',#4810,#5766);
#5766 = DEFINITIONAL_REPRESENTATION('',(#5767),#5833);
#5767 = B_SPLINE_CURVE_WITH_KNOTS('',8,(#5768,#5769,#5770,#5771,#5772,
    #5773,#5774,#5775,#5776,#5777,#5778,#5779,#5780,#5781,#5782,#5783,
    #5784,#5785,#5786,#5787,#5788,#5789,#5790,#5791,#5792,#5793,#5794,
    #5795,#5796,#5797,#5798,#5799,#5800,#5801,#5802,#5803,#5804,#5805,
    #5806,#5807,#5808,#5809,#5810,#5811,#5812,#5813,#5814,#5815,#5816,
    #5817,#5818,#5819,#5820,#5821,#5822,#5823,#5824,#5825,#5826,#5827,
    #5828,#5829,#5830,#5831,#5832),.UNSPECIFIED.,.F.,.F.,(9,7,7,7,7,7,7,
    7,7,9),(0.,0.274320372129,0.373457241157,0.477756508524,
    0.543127717569,0.574559566047,0.633016307207,0.713634920869,
    0.886524358782,1.),.UNSPECIFIED.);
#5768 = CARTESIAN_POINT('',(0.785398163397,5.37867965644));
#5769 = CARTESIAN_POINT('',(0.865350687684,5.548284572729));
#5770 = CARTESIAN_POINT('',(0.945106493302,5.732969378319));
#5771 = CARTESIAN_POINT('',(1.025396989746,5.932502664825));
#5772 = CARTESIAN_POINT('',(1.106769924324,6.146868699119));
#5773 = CARTESIAN_POINT('',(1.189723021734,6.375998485796));
#5774 = CARTESIAN_POINT('',(1.274787068909,6.619776111785));
#5775 = CARTESIAN_POINT('',(1.362532607969,6.877877524703));
#5776 = CARTESIAN_POINT('',(1.486923185372,7.248502632497));
#5777 = CARTESIAN_POINT('',(1.520400849781,7.348686185044));
#5778 = CARTESIAN_POINT('',(1.554374547073,7.450641512082));
#5779 = CARTESIAN_POINT('',(1.58888297576,7.55432448899));
#5780 = CARTESIAN_POINT('',(1.62396554576,7.659672103297));
#5781 = CARTESIAN_POINT('',(1.659663927151,7.766601722713));
#5782 = CARTESIAN_POINT('',(1.696024406712,7.875011113344));
#5783 = CARTESIAN_POINT('',(1.772108406529,8.100263305646));
#5784 = CARTESIAN_POINT('',(1.811896288865,8.217215056034));
#5785 = CARTESIAN_POINT('',(1.852534407551,8.335514721242));
#5786 = CARTESIAN_POINT('',(1.894086445221,8.454970615909));
#5787 = CARTESIAN_POINT('',(1.936611833902,8.575316179216));
#5788 = CARTESIAN_POINT('',(1.980169033697,8.696207733637));
#5789 = CARTESIAN_POINT('',(2.024820315141,8.817222930501));
#5790 = CARTESIAN_POINT('',(2.099355029406,9.013470992554));
#5791 = CARTESIAN_POINT('',(2.128523551239,9.088915887271));
#5792 = CARTESIAN_POINT('',(2.158158039746,9.164062771186));
#5793 = CARTESIAN_POINT('',(2.188268241063,9.238752400501));
#5794 = CARTESIAN_POINT('',(2.218859531988,9.312798689183));
#5795 = CARTESIAN_POINT('',(2.249932622229,9.385989818752));
#5796 = CARTESIAN_POINT('',(2.281482645332,9.458089851619));
#5797 = CARTESIAN_POINT('',(2.328891118448,9.562859411019));
#5798 = CARTESIAN_POINT('',(2.344391459795,9.596564682302));
#5799 = CARTESIAN_POINT('',(2.3599968587,9.629927095147));
#5800 = CARTESIAN_POINT('',(2.375705015847,9.662915687871));
#5801 = CARTESIAN_POINT('',(2.391513071378,9.695498282281));
#5802 = CARTESIAN_POINT('',(2.407417540012,9.727641662166));
#5803 = CARTESIAN_POINT('',(2.423414246172,9.759311751802));
#5804 = CARTESIAN_POINT('',(2.469411198576,9.848428752529));
#5805 = CARTESIAN_POINT('',(2.499632769553,9.904639439194));
#5806 = CARTESIAN_POINT('',(2.530123457582,9.958865548454));
#5807 = CARTESIAN_POINT('',(2.560840765955,10.010875120731));
#5808 = CARTESIAN_POINT('',(2.591738140205,10.060447404857));
#5809 = CARTESIAN_POINT('',(2.622763290843,10.107377351844));
#5810 = CARTESIAN_POINT('',(2.653855914333,10.151481740432));
#5811 = CARTESIAN_POINT('',(2.72782000182,10.24932333803));
#5812 = CARTESIAN_POINT('',(2.770715270028,10.300409291781));
#5813 = CARTESIAN_POINT('',(2.813430603469,10.345432652114));
#5814 = CARTESIAN_POINT('',(2.855809821542,10.384187142873));
#5815 = CARTESIAN_POINT('',(2.897725677141,10.416641284953));
#5816 = CARTESIAN_POINT('',(2.939069705986,10.44289787265));
#5817 = CARTESIAN_POINT('',(2.979746824659,10.463163996729));
#5818 = CARTESIAN_POINT('',(3.105301354498,10.508972379611));
#5819 = CARTESIAN_POINT('',(3.187215884739,10.513907393264));
#5820 = CARTESIAN_POINT('',(3.265548390255,10.496020713878));
#5821 = CARTESIAN_POINT('',(3.340458350866,10.458883691002));
#5822 = CARTESIAN_POINT('',(3.412153856558,10.405800707797));
#5823 = CARTESIAN_POINT('',(3.480917120424,10.339557827225));
#5824 = CARTESIAN_POINT('',(3.547135466419,10.262236202735));
#5825 = CARTESIAN_POINT('',(3.65347556034,10.11782901041));
#5826 = CARTESIAN_POINT('',(3.694679995865,10.056446121662));
#5827 = CARTESIAN_POINT('',(3.735049660177,9.991343387891));
#5828 = CARTESIAN_POINT('',(3.774666663981,9.922894354243));
#5829 = CARTESIAN_POINT('',(3.813603008489,9.851417939753));
#5830 = CARTESIAN_POINT('',(3.851925737226,9.7771858842));
#5831 = CARTESIAN_POINT('',(3.88970011256,9.700425873487));
#5832 = CARTESIAN_POINT('',(3.926990816987,9.62132034356));
#5833 = ( GEOMETRIC_REPRESENTATION_CONTEXT(2) 
PARAMETRIC_REPRESENTATION_CONTEXT() REPRESENTATION_CONTEXT('2D SPACE',''
  ) );
#5834 = ORIENTED_EDGE('',*,*,#4676,.T.);
#5835 = ORIENTED_EDGE('',*,*,#5836,.T.);
#5836 = EDGE_CURVE('',#4649,#5339,#5837,.T.);
#5837 = SURFACE_CURVE('',#5838,(#5842,#5849),.PCURVE_S1.);
#5838 = LINE('',#5839,#5840);
#5839 = CARTESIAN_POINT('',(-25.32,-76.5,77.8));
#5840 = VECTOR('',#5841,1.);
#5841 = DIRECTION('',(0.,1.,0.));
#5842 = PCURVE('',#2546,#5843);
#5843 = DEFINITIONAL_REPRESENTATION('',(#5844),#5848);
#5844 = LINE('',#5845,#5846);
#5845 = CARTESIAN_POINT('',(0.,1.));
#5846 = VECTOR('',#5847,1.);
#5847 = DIRECTION('',(-1.,0.));
#5848 = ( GEOMETRIC_REPRESENTATION_CONTEXT(2) 
PARAMETRIC_REPRESENTATION_CONTEXT() REPRESENTATION_CONTEXT('2D SPACE',''
  ) );
#5849 = PCURVE('',#5850,#5855);
#5850 = PLANE('',#5851);
#5851 = AXIS2_PLACEMENT_3D('',#5852,#5853,#5854);
#5852 = CARTESIAN_POINT('',(-25.32,-104.3,77.8));
#5853 = DIRECTION('',(1.,0.,-0.));
#5854 = DIRECTION('',(0.,0.,1.));
#5855 = DEFINITIONAL_REPRESENTATION('',(#5856),#5860);
#5856 = LINE('',#5857,#5858);
#5857 = CARTESIAN_POINT('',(0.,-27.8));
#5858 = VECTOR('',#5859,1.);
#5859 = DIRECTION('',(0.,-1.));
#5860 = ( GEOMETRIC_REPRESENTATION_CONTEXT(2) 
PARAMETRIC_REPRESENTATION_CONTEXT() REPRESENTATION_CONTEXT('2D SPACE',''
  ) );
#5861 = ORIENTED_EDGE('',*,*,#5338,.F.);
#5862 = ORIENTED_EDGE('',*,*,#5863,.T.);
#5863 = EDGE_CURVE('',#5172,#5095,#5864,.T.);
#5864 = SURFACE_CURVE('',#5865,(#5938,#6014),.PCURVE_S1.);
#5865 = B_SPLINE_CURVE_WITH_KNOTS('',8,(#5866,#5867,#5868,#5869,#5870,
    #5871,#5872,#5873,#5874,#5875,#5876,#5877,#5878,#5879,#5880,#5881,
    #5882,#5883,#5884,#5885,#5886,#5887,#5888,#5889,#5890,#5891,#5892,
    #5893,#5894,#5895,#5896,#5897,#5898,#5899,#5900,#5901,#5902,#5903,
    #5904,#5905,#5906,#5907,#5908,#5909,#5910,#5911,#5912,#5913,#5914,
    #5915,#5916,#5917,#5918,#5919,#5920,#5921,#5922,#5923,#5924,#5925,
    #5926,#5927,#5928,#5929,#5930,#5931,#5932,#5933,#5934,#5935,#5936,
    #5937),.UNSPECIFIED.,.F.,.F.,(9,7,7,7,7,7,7,7,7,7,9),(0.,
    9.391961860284E-02,0.232175952462,0.314119486784,0.366613730067,
    0.406623650293,0.457019377494,0.522582780293,0.627074976,
    0.725669956047,1.),.UNSPECIFIED.);
#5866 = CARTESIAN_POINT('',(-21.14132034356,-52.87867965644,
    73.62132034356));
#5867 = CARTESIAN_POINT('',(-21.20685119454,-52.94421050742,
    73.686851194543));
#5868 = CARTESIAN_POINT('',(-21.27077581007,-53.01276226106,
    73.750775810071));
#5869 = CARTESIAN_POINT('',(-21.3329872305,-53.08440251643,
    73.812987230501));
#5870 = CARTESIAN_POINT('',(-21.3933589672,-53.15920309779,
    73.873358967204));
#5871 = CARTESIAN_POINT('',(-21.45174496368,-53.23723910488,
    73.931744963686));
#5872 = CARTESIAN_POINT('',(-21.50797830284,-53.31858950759,
    73.987978302847));
#5873 = CARTESIAN_POINT('',(-21.5618686604,-53.40333928505,
    74.041868660402));
#5874 = CARTESIAN_POINT('',(-21.68875967221,-53.6214842714,
    74.168759672212));
#5875 = CARTESIAN_POINT('',(-21.75870177428,-53.75883560068,
    74.238701774287));
#5876 = CARTESIAN_POINT('',(-21.8224229606,-53.90404589088,
    74.302422960607));
#5877 = CARTESIAN_POINT('',(-21.87907121282,-54.05743864209,
    74.35907121282));
#5878 = CARTESIAN_POINT('',(-21.92755333727,-54.21921747871,
    74.407553337276));
#5879 = CARTESIAN_POINT('',(-21.96656619533,-54.38942098979,
    74.446566195332));
#5880 = CARTESIAN_POINT('',(-21.99460788167,-54.5679011774,
    74.474607881674));
#5881 = CARTESIAN_POINT('',(-22.01900583263,-54.86487232308,
    74.499005832637));
#5882 = CARTESIAN_POINT('',(-22.02360987964,-54.97811472923,
    74.503609879643));
#5883 = CARTESIAN_POINT('',(-22.02337681666,-55.09394792915,
    74.503376816664));
#5884 = CARTESIAN_POINT('',(-22.01792845989,-55.21213651913,
    74.49792845989));
#5885 = CARTESIAN_POINT('',(-22.00688843914,-55.33234098583,
    74.486888439143));
#5886 = CARTESIAN_POINT('',(-21.98991276489,-55.45410940555,
    74.469912764898));
#5887 = CARTESIAN_POINT('',(-21.96673285061,-55.57686853698,
    74.446732850612));
#5888 = CARTESIAN_POINT('',(-21.91829884889,-55.77873925261,
    74.398298848898));
#5889 = CARTESIAN_POINT('',(-21.89678393818,-55.85768222435,
    74.376783938188));
#5890 = CARTESIAN_POINT('',(-21.8726358518,-55.93653746173,
    74.352635851803));
#5891 = CARTESIAN_POINT('',(-21.84584624175,-56.01509269853,
    74.325846241756));
#5892 = CARTESIAN_POINT('',(-21.8164319669,-56.09313049866,
    74.296431966907));
#5893 = CARTESIAN_POINT('',(-21.78443824136,-56.17042959157,
    74.264438241361));
#5894 = CARTESIAN_POINT('',(-21.74994178286,-56.24676620773,
    74.229941782867));
#5895 = CARTESIAN_POINT('',(-21.68493890118,-56.3791924327,
    74.164938901182));
#5896 = CARTESIAN_POINT('',(-21.65543083781,-56.43578757043,
    74.135430837816));
#5897 = CARTESIAN_POINT('',(-21.62457751615,-56.49160352477,
    74.104577516157));
#5898 = CARTESIAN_POINT('',(-21.59243334983,-56.54655217462,
    74.07243334983));
#5899 = CARTESIAN_POINT('',(-21.55905871436,-56.60055408435,
    74.039058714363));
#5900 = CARTESIAN_POINT('',(-21.52451924049,-56.6535380078,
    74.004519240493));
#5901 = CARTESIAN_POINT('',(-21.48888510748,-56.70544039232,
    73.968885107483));
#5902 = CARTESIAN_POINT('',(-21.40606069069,-56.82014686028,
    73.886060690692));
#5903 = CARTESIAN_POINT('',(-21.35826819262,-56.88228816324,
    73.83826819262));
#5904 = CARTESIAN_POINT('',(-21.30899765634,-56.94252109895,
    73.788997656342));
#5905 = CARTESIAN_POINT('',(-21.25839402177,-57.00076619242,
    73.73839402177));
#5906 = CARTESIAN_POINT('',(-21.20660011579,-57.05696855807,
    73.68660011579));
#5907 = CARTESIAN_POINT('',(-21.15375441343,-57.11109427143,
    73.633754413437));
#5908 = CARTESIAN_POINT('',(-21.09998879908,-57.16312674081,
    73.579988799089));
#5909 = CARTESIAN_POINT('',(-20.9744421095,-57.27802882961,
    73.454442109506));
#5910 = CARTESIAN_POINT('',(-20.90211226768,-57.33944442065,
    73.382112267686));
#5911 = CARTESIAN_POINT('',(-20.82869554921,-57.39731752748,
    73.308695549216));
#5912 = CARTESIAN_POINT('',(-20.75442852715,-57.45169059667,
    73.234428527153));
#5913 = CARTESIAN_POINT('',(-20.67952352474,-57.50263165878,
    73.159523524741));
#5914 = CARTESIAN_POINT('',(-20.60416702939,-57.55022682117,
    73.084167029389));
#5915 = CARTESIAN_POINT('',(-20.52851859646,-57.59457444087,
    73.00851859646));
#5916 = CARTESIAN_POINT('',(-20.3318900752,-57.70145422295,
    72.811890075203));
#5917 = CARTESIAN_POINT('',(-20.21070831406,-57.75912474619,
    72.690708314065));
#5918 = CARTESIAN_POINT('',(-20.08966555973,-57.8092508073,
    72.569665559736));
#5919 = CARTESIAN_POINT('',(-19.96918296993,-57.85227390962,
    72.449182969936));
#5920 = CARTESIAN_POINT('',(-19.84960312298,-57.88862132297,
    72.329603122983));
#5921 = CARTESIAN_POINT('',(-19.73119157759,-57.91870366793,
    72.211191577598));
#5922 = CARTESIAN_POINT('',(-19.61413912936,-57.94290756105,
    72.09413912936));
#5923 = CARTESIAN_POINT('',(-19.38951305727,-57.9792050788,
    71.86951305727));
#5924 = CARTESIAN_POINT('',(-19.28180945148,-57.99190007637,
    71.761809451481));
#5925 = CARTESIAN_POINT('',(-19.17557195499,-57.99996473996,
    71.655571954999));
#5926 = CARTESIAN_POINT('',(-19.07090027601,-58.0036665573,
    71.550900276013));
#5927 = CARTESIAN_POINT('',(-18.96787508015,-58.00324953648,
    71.44787508015));
#5928 = CARTESIAN_POINT('',(-18.86655797186,-57.99893722958,
    71.346557971862));
#5929 = CARTESIAN_POINT('',(-18.76699219941,-57.9909333209,
    71.246992199418));
#5930 = CARTESIAN_POINT('',(-18.39711905318,-57.94738457688,
    70.877119053185));
#5931 = CARTESIAN_POINT('',(-18.13916215427,-57.88822288246,
    70.619162154277));
#5932 = CARTESIAN_POINT('',(-17.89551781833,-57.80594592361,
    70.375517818335));
#5933 = CARTESIAN_POINT('',(-17.6665090767,-57.70323215755,
    70.146509076703));
#5934 = CARTESIAN_POINT('',(-17.45225159851,-57.5822536346,
    69.932251598519));
#5935 = CARTESIAN_POINT('',(-17.25281432438,-57.4444856024,
    69.732814324383));
#5936 = CARTESIAN_POINT('',(-17.06821324423,-57.29085393135,
    69.548213244239));
#5937 = CARTESIAN_POINT('',(-16.89867965644,-57.12132034356,
    69.37867965644));
#5938 = PCURVE('',#2546,#5939);
#5939 = DEFINITIONAL_REPRESENTATION('',(#5940),#6013);
#5940 = B_SPLINE_CURVE_WITH_KNOTS('',8,(#5941,#5942,#5943,#5944,#5945,
    #5946,#5947,#5948,#5949,#5950,#5951,#5952,#5953,#5954,#5955,#5956,
    #5957,#5958,#5959,#5960,#5961,#5962,#5963,#5964,#5965,#5966,#5967,
    #5968,#5969,#5970,#5971,#5972,#5973,#5974,#5975,#5976,#5977,#5978,
    #5979,#5980,#5981,#5982,#5983,#5984,#5985,#5986,#5987,#5988,#5989,
    #5990,#5991,#5992,#5993,#5994,#5995,#5996,#5997,#5998,#5999,#6000,
    #6001,#6002,#6003,#6004,#6005,#6006,#6007,#6008,#6009,#6010,#6011,
    #6012),.UNSPECIFIED.,.F.,.F.,(9,7,7,7,7,7,7,7,7,7,9),(0.,
    9.391961860284E-02,0.232175952462,0.314119486784,0.366613730067,
    0.406623650293,0.457019377494,0.522582780293,0.627074976,
    0.725669956047,1.),.UNSPECIFIED.);
#5941 = CARTESIAN_POINT('',(-27.8,0.673540651841));
#5942 = CARTESIAN_POINT('',(-27.64575310517,0.678660249574));
#5943 = CARTESIAN_POINT('',(-27.49081937239,0.683654360162));
#5944 = CARTESIAN_POINT('',(-27.33521081392,0.688514627383));
#5945 = CARTESIAN_POINT('',(-27.17895218838,0.693231169313));
#5946 = CARTESIAN_POINT('',(-27.02208058534,0.697792575288));
#5947 = CARTESIAN_POINT('',(-26.86464454049,0.70218580491));
#5948 = CARTESIAN_POINT('',(-26.70670268124,0.706395989094));
#5949 = CARTESIAN_POINT('',(-26.31517417385,0.716309349392));
#5950 = CARTESIAN_POINT('',(-26.08129303377,0.721773576116));
#5951 = CARTESIAN_POINT('',(-25.84666156452,0.726751793797));
#5952 = CARTESIAN_POINT('',(-25.61159848435,0.731177438502));
#5953 = CARTESIAN_POINT('',(-25.37675159205,0.734965104475));
#5954 = CARTESIAN_POINT('',(-25.14308847334,0.73801298401));
#5955 = CARTESIAN_POINT('',(-24.9118952724,0.740203740756));
#5956 = CARTESIAN_POINT('',(-24.55019323833,0.742109830675));
#5957 = CARTESIAN_POINT('',(-24.41711830721,0.742469521847));
#5958 = CARTESIAN_POINT('',(-24.28599137304,0.742451313802));
#5959 = CARTESIAN_POINT('',(-24.15734973679,0.742025660929));
#5960 = CARTESIAN_POINT('',(-24.03183755569,0.741163159308));
#5961 = CARTESIAN_POINT('',(-23.91019053958,0.739836934758));
#5962 = CARTESIAN_POINT('',(-23.79321395351,0.738026003954));
#5963 = CARTESIAN_POINT('',(-23.61035098092,0.73424209757));
#5964 = CARTESIAN_POINT('',(-23.54121169258,0.732561245171));
#5965 = CARTESIAN_POINT('',(-23.47457616789,0.730674675922));
#5966 = CARTESIAN_POINT('',(-23.41067420381,0.728581737637));
#5967 = CARTESIAN_POINT('',(-23.34972173759,0.726283747415));
#5968 = CARTESIAN_POINT('',(-23.29191729611,0.723784237606));
#5969 = CARTESIAN_POINT('',(-23.23743844525,0.721089201787));
#5970 = CARTESIAN_POINT('',(-23.14756704017,0.716010851655));
#5971 = CARTESIAN_POINT('',(-23.11071119485,0.713705534204));
#5972 = CARTESIAN_POINT('',(-23.0759371074,0.71129511845));
#5973 = CARTESIAN_POINT('',(-23.04329663904,0.708783855456));
#5974 = CARTESIAN_POINT('',(-23.01282814821,0.70617646206));
#5975 = CARTESIAN_POINT('',(-22.98455753078,0.703478065664));
#5976 = CARTESIAN_POINT('',(-22.95849926029,0.700694149022));
#5977 = CARTESIAN_POINT('',(-22.90462671413,0.69422349146));
#5978 = CARTESIAN_POINT('',(-22.87811043855,0.690489702548));
#5979 = CARTESIAN_POINT('',(-22.85511399586,0.686640441902));
#5980 = CARTESIAN_POINT('',(-22.83561362341,0.682687032951));
#5981 = CARTESIAN_POINT('',(-22.81956174633,0.678640634046));
#5982 = CARTESIAN_POINT('',(-22.80689232255,0.67451206355));
#5983 = CARTESIAN_POINT('',(-22.7975261877,0.670311624929));
#5984 = CARTESIAN_POINT('',(-22.78337570192,0.660503289805));
#5985 = CARTESIAN_POINT('',(-22.78081868253,0.654852520913));
#5986 = CARTESIAN_POINT('',(-22.78350948447,0.649116839783));
#5987 = CARTESIAN_POINT('',(-22.79123287492,0.643314728684));
#5988 = CARTESIAN_POINT('',(-22.80376452242,0.63746277537));
#5989 = CARTESIAN_POINT('',(-22.82087977615,0.631575549171));
#5990 = CARTESIAN_POINT('',(-22.8423609478,0.625665515348));
#5991 = CARTESIAN_POINT('',(-22.90887047393,0.610303912125));
#5992 = CARTESIAN_POINT('',(-22.9602917808,0.600836587036));
#5993 = CARTESIAN_POINT('',(-23.02143736892,0.591380121854));
#5994 = CARTESIAN_POINT('',(-23.09154510149,0.581967419526));
#5995 = CARTESIAN_POINT('',(-23.1699150032,0.572625243983));
#5996 = CARTESIAN_POINT('',(-23.25591270001,0.563374342));
#5997 = CARTESIAN_POINT('',(-23.34898164803,0.554229619481));
#5998 = CARTESIAN_POINT('',(-23.54272088335,0.536680707599));
#5999 = CARTESIAN_POINT('',(-23.64263775552,0.528266363397));
#6000 = CARTESIAN_POINT('',(-23.74800715024,0.519966558984));
#6001 = CARTESIAN_POINT('',(-23.85845738974,0.511789084064));
#6002 = CARTESIAN_POINT('',(-23.97364897711,0.503740240637));
#6003 = CARTESIAN_POINT('',(-24.09327338907,0.495824841552));
#6004 = CARTESIAN_POINT('',(-24.2170544205,0.48804626558));
#6005 = CARTESIAN_POINT('',(-24.70005723657,0.45914992603));
#6006 = CARTESIAN_POINT('',(-25.08520458068,0.438997043303));
#6007 = CARTESIAN_POINT('',(-25.49529520135,0.419962329557));
#6008 = CARTESIAN_POINT('',(-25.92637751881,0.402071021617));
#6009 = CARTESIAN_POINT('',(-26.37493525907,0.385332156134));
#6010 = CARTESIAN_POINT('',(-26.83809495129,0.369751119092));
#6011 = CARTESIAN_POINT('',(-27.31358566998,0.355329159706));
#6012 = CARTESIAN_POINT('',(-27.8,0.342084348159));
#6013 = ( GEOMETRIC_REPRESENTATION_CONTEXT(2) 
PARAMETRIC_REPRESENTATION_CONTEXT() REPRESENTATION_CONTEXT('2D SPACE',''
  ) );
#6014 = PCURVE('',#5150,#6015);
#6015 = DEFINITIONAL_REPRESENTATION('',(#6016),#6089);
#6016 = B_SPLINE_CURVE_WITH_KNOTS('',8,(#6017,#6018,#6019,#6020,#6021,
    #6022,#6023,#6024,#6025,#6026,#6027,#6028,#6029,#6030,#6031,#6032,
    #6033,#6034,#6035,#6036,#6037,#6038,#6039,#6040,#6041,#6042,#6043,
    #6044,#6045,#6046,#6047,#6048,#6049,#6050,#6051,#6052,#6053,#6054,
    #6055,#6056,#6057,#6058,#6059,#6060,#6061,#6062,#6063,#6064,#6065,
    #6066,#6067,#6068,#6069,#6070,#6071,#6072,#6073,#6074,#6075,#6076,
    #6077,#6078,#6079,#6080,#6081,#6082,#6083,#6084,#6085,#6086,#6087,
    #6088),.UNSPECIFIED.,.F.,.F.,(9,7,7,7,7,7,7,7,7,7,9),(0.,
    9.391961860284E-02,0.232175952462,0.314119486784,0.366613730067,
    0.406623650293,0.457019377494,0.522582780293,0.627074976,
    0.725669956047,1.),.UNSPECIFIED.);
#6017 = CARTESIAN_POINT('',(2.356194490192,9.62132034356));
#6018 = CARTESIAN_POINT('',(2.387086029597,9.686851194543));
#6019 = CARTESIAN_POINT('',(2.418311022153,9.750775810071));
#6020 = CARTESIAN_POINT('',(2.449905053501,9.812987230501));
#6021 = CARTESIAN_POINT('',(2.481904325416,9.873358967204));
#6022 = CARTESIAN_POINT('',(2.514346290126,9.931744963686));
#6023 = CARTESIAN_POINT('',(2.547270864392,9.987978302847));
#6024 = CARTESIAN_POINT('',(2.580722223343,10.041868660402));
#6025 = CARTESIAN_POINT('',(2.664844200884,10.168759672212));
#6026 = CARTESIAN_POINT('',(2.716142034805,10.238701774287));
#6027 = CARTESIAN_POINT('',(2.768853535563,10.302422960607));
#6028 = CARTESIAN_POINT('',(2.823158330855,10.35907121282));
#6029 = CARTESIAN_POINT('',(2.879221399303,10.407553337276));
#6030 = CARTESIAN_POINT('',(2.937199507457,10.446566195332));
#6031 = CARTESIAN_POINT('',(2.997258542701,10.474607881674));
#6032 = CARTESIAN_POINT('',(3.096582435641,10.499005832637));
#6033 = CARTESIAN_POINT('',(3.134328725287,10.503609879643));
#6034 = CARTESIAN_POINT('',(3.172880946816,10.503376816664));
#6035 = CARTESIAN_POINT('',(3.212240617187,10.49792845989));
#6036 = CARTESIAN_POINT('',(3.252391124053,10.486888439143));
#6037 = CARTESIAN_POINT('',(3.293295206062,10.469912764898));
#6038 = CARTESIAN_POINT('',(3.334888265799,10.446732850612));
#6039 = CARTESIAN_POINT('',(3.404088168135,10.398298848898));
#6040 = CARTESIAN_POINT('',(3.431349558062,10.376783938188));
#6041 = CARTESIAN_POINT('',(3.458817208583,10.352635851803));
#6042 = CARTESIAN_POINT('',(3.48645542306,10.325846241756));
#6043 = CARTESIAN_POINT('',(3.514226305493,10.296431966907));
#6044 = CARTESIAN_POINT('',(3.542088781245,10.264438241361));
#6045 = CARTESIAN_POINT('',(3.569997617763,10.229941782867));
#6046 = CARTESIAN_POINT('',(3.619170871206,10.164938901182));
#6047 = CARTESIAN_POINT('',(3.640439851422,10.135430837816));
#6048 = CARTESIAN_POINT('',(3.661687954168,10.104577516157));
#6049 = CARTESIAN_POINT('',(3.682895452288,10.07243334983));
#6050 = CARTESIAN_POINT('',(3.704044028383,10.039058714363));
#6051 = CARTESIAN_POINT('',(3.725116479948,10.004519240493));
#6052 = CARTESIAN_POINT('',(3.746096424496,9.968885107483));
#6053 = CARTESIAN_POINT('',(3.79325744631,9.886060690692));
#6054 = CARTESIAN_POINT('',(3.819376871669,9.83826819262));
#6055 = CARTESIAN_POINT('',(3.845296806946,9.788997656342));
#6056 = CARTESIAN_POINT('',(3.870993502771,9.73839402177));
#6057 = CARTESIAN_POINT('',(3.896448191261,9.68660011579));
#6058 = CARTESIAN_POINT('',(3.921646343043,9.633754413437));
#6059 = CARTESIAN_POINT('',(3.946576924286,9.579988799089));
#6060 = CARTESIAN_POINT('',(4.003306753082,9.454442109506));
#6061 = CARTESIAN_POINT('',(4.034913774471,9.382112267686));
#6062 = CARTESIAN_POINT('',(4.066041139556,9.308695549216));
#6063 = CARTESIAN_POINT('',(4.0966842846,9.234428527153));
#6064 = CARTESIAN_POINT('',(4.126844164551,9.159523524741));
#6065 = CARTESIAN_POINT('',(4.15652636126,9.084167029389));
#6066 = CARTESIAN_POINT('',(4.185740795822,9.00851859646));
#6067 = CARTESIAN_POINT('',(4.260340515205,8.811890075203));
#6068 = CARTESIAN_POINT('',(4.305010968176,8.690708314065));
#6069 = CARTESIAN_POINT('',(4.348586324313,8.569665559736));
#6070 = CARTESIAN_POINT('',(4.391129231936,8.449182969936));
#6071 = CARTESIAN_POINT('',(4.43269842349,8.329603122983));
#6072 = CARTESIAN_POINT('',(4.473353543019,8.211191577598));
#6073 = CARTESIAN_POINT('',(4.513158444966,8.09413912936));
#6074 = CARTESIAN_POINT('',(4.589005060695,7.86951305727));
#6075 = CARTESIAN_POINT('',(4.625121585426,7.761809451481));
#6076 = CARTESIAN_POINT('',(4.660585470096,7.655571954999));
#6077 = CARTESIAN_POINT('',(4.695442101274,7.550900276013));
#6078 = CARTESIAN_POINT('',(4.729732375479,7.44787508015));
#6079 = CARTESIAN_POINT('',(4.763494977392,7.346557971862));
#6080 = CARTESIAN_POINT('',(4.796767881295,7.246992199418));
#6081 = CARTESIAN_POINT('',(4.920910557908,6.877119053185));
#6082 = CARTESIAN_POINT('',(5.008612482738,6.619162154277));
#6083 = CARTESIAN_POINT('',(5.093636315504,6.375517818335));
#6084 = CARTESIAN_POINT('',(5.176551908036,6.146509076703));
#6085 = CARTESIAN_POINT('',(5.257889341764,5.932251598519));
#6086 = CARTESIAN_POINT('',(5.338145764138,5.732814324383));
#6087 = CARTESIAN_POINT('',(5.417868244068,5.548213244239));
#6088 = CARTESIAN_POINT('',(5.497787143782,5.37867965644));
#6089 = ( GEOMETRIC_REPRESENTATION_CONTEXT(2) 
PARAMETRIC_REPRESENTATION_CONTEXT() REPRESENTATION_CONTEXT('2D SPACE',''
  ) );
#6090 = ORIENTED_EDGE('',*,*,#5094,.F.);
#6091 = ADVANCED_FACE('',(#6092),#2500,.F.);
#6092 = FACE_BOUND('',#6093,.F.);
#6093 = EDGE_LOOP('',(#6094,#6095,#6096,#6097));
#6094 = ORIENTED_EDGE('',*,*,#2562,.F.);
#6095 = ORIENTED_EDGE('',*,*,#2485,.T.);
#6096 = ORIENTED_EDGE('',*,*,#2727,.T.);
#6097 = ORIENTED_EDGE('',*,*,#2652,.F.);
#6098 = ADVANCED_FACE('',(#6099,#6105),#2710,.F.);
#6099 = FACE_BOUND('',#6100,.F.);
#6100 = EDGE_LOOP('',(#6101,#6102,#6103,#6104));
#6101 = ORIENTED_EDGE('',*,*,#2696,.F.);
#6102 = ORIENTED_EDGE('',*,*,#3067,.T.);
#6103 = ORIENTED_EDGE('',*,*,#3455,.T.);
#6104 = ORIENTED_EDGE('',*,*,#2754,.F.);
#6105 = FACE_BOUND('',#6106,.F.);
#6106 = EDGE_LOOP('',(#6107,#6134,#6159,#6184));
#6107 = ORIENTED_EDGE('',*,*,#6108,.T.);
#6108 = EDGE_CURVE('',#6109,#6111,#6113,.T.);
#6109 = VERTEX_POINT('',#6110);
#6110 = CARTESIAN_POINT('',(15.070008257638,-89.09000825763,65.));
#6111 = VERTEX_POINT('',#6112);
#6112 = CARTESIAN_POINT('',(-10.11000825763,-89.09000825763,65.));
#6113 = SURFACE_CURVE('',#6114,(#6117,#6123),.PCURVE_S1.);
#6114 = B_SPLINE_CURVE_WITH_KNOTS('',1,(#6115,#6116),.UNSPECIFIED.,.F.,
  .F.,(2,2),(0.,1.),.PIECEWISE_BEZIER_KNOTS.);
#6115 = CARTESIAN_POINT('',(15.070008257638,-89.09000825763,65.));
#6116 = CARTESIAN_POINT('',(-10.11000825763,-89.09000825763,65.));
#6117 = PCURVE('',#2710,#6118);
#6118 = DEFINITIONAL_REPRESENTATION('',(#6119),#6122);
#6119 = B_SPLINE_CURVE_WITH_KNOTS('',1,(#6120,#6121),.UNSPECIFIED.,.F.,
  .F.,(2,2),(0.,1.),.PIECEWISE_BEZIER_KNOTS.);
#6120 = CARTESIAN_POINT('',(25.190008257638,9.991742361692E-03));
#6121 = CARTESIAN_POINT('',(9.99174236169E-03,9.991742361692E-03));
#6122 = ( GEOMETRIC_REPRESENTATION_CONTEXT(2) 
PARAMETRIC_REPRESENTATION_CONTEXT() REPRESENTATION_CONTEXT('2D SPACE',''
  ) );
#6123 = PCURVE('',#6124,#6129);
#6124 = B_SPLINE_SURFACE_WITH_KNOTS('',1,1,(
    (#6125,#6126)
    ,(#6127,#6128
    )),.UNSPECIFIED.,.F.,.F.,.F.,(2,2),(2,2),(-12.6,12.6),(0.,1.),
  .PIECEWISE_BEZIER_KNOTS.);
#6125 = CARTESIAN_POINT('',(-10.12,-89.1,64.99));
#6126 = CARTESIAN_POINT('',(1.98,-77.,77.1));
#6127 = CARTESIAN_POINT('',(15.08,-89.1,64.99));
#6128 = CARTESIAN_POINT('',(2.98,-77.,77.1));
#6129 = DEFINITIONAL_REPRESENTATION('',(#6130),#6133);
#6130 = B_SPLINE_CURVE_WITH_KNOTS('',1,(#6131,#6132),.UNSPECIFIED.,.F.,
  .F.,(2,2),(0.,1.),.PIECEWISE_BEZIER_KNOTS.);
#6131 = CARTESIAN_POINT('',(12.6,8.257638315445E-04));
#6132 = CARTESIAN_POINT('',(-12.6,8.257638315446E-04));
#6133 = ( GEOMETRIC_REPRESENTATION_CONTEXT(2) 
PARAMETRIC_REPRESENTATION_CONTEXT() REPRESENTATION_CONTEXT('2D SPACE',''
  ) );
#6134 = ORIENTED_EDGE('',*,*,#6135,.T.);
#6135 = EDGE_CURVE('',#6111,#6136,#6138,.T.);
#6136 = VERTEX_POINT('',#6137);
#6137 = CARTESIAN_POINT('',(-10.11000825763,-63.90999174236,65.));
#6138 = SURFACE_CURVE('',#6139,(#6142,#6148),.PCURVE_S1.);
#6139 = B_SPLINE_CURVE_WITH_KNOTS('',1,(#6140,#6141),.UNSPECIFIED.,.F.,
  .F.,(2,2),(0.,1.),.PIECEWISE_BEZIER_KNOTS.);
#6140 = CARTESIAN_POINT('',(-10.11000825763,-89.09000825763,65.));
#6141 = CARTESIAN_POINT('',(-10.11000825763,-63.90999174236,65.));
#6142 = PCURVE('',#2710,#6143);
#6143 = DEFINITIONAL_REPRESENTATION('',(#6144),#6147);
#6144 = B_SPLINE_CURVE_WITH_KNOTS('',1,(#6145,#6146),.UNSPECIFIED.,.F.,
  .F.,(2,2),(0.,1.),.PIECEWISE_BEZIER_KNOTS.);
#6145 = CARTESIAN_POINT('',(9.991742361688E-03,9.991742361677E-03));
#6146 = CARTESIAN_POINT('',(9.99174236169E-03,25.190008257638));
#6147 = ( GEOMETRIC_REPRESENTATION_CONTEXT(2) 
PARAMETRIC_REPRESENTATION_CONTEXT() REPRESENTATION_CONTEXT('2D SPACE',''
  ) );
#6148 = PCURVE('',#6149,#6154);
#6149 = B_SPLINE_SURFACE_WITH_KNOTS('',1,1,(
    (#6150,#6151)
    ,(#6152,#6153
    )),.UNSPECIFIED.,.F.,.F.,.F.,(2,2),(2,2),(-12.6,12.6),(0.,1.),
  .PIECEWISE_BEZIER_KNOTS.);
#6150 = CARTESIAN_POINT('',(-10.12,-63.9,64.99));
#6151 = CARTESIAN_POINT('',(1.98,-76.,77.1));
#6152 = CARTESIAN_POINT('',(-10.12,-89.1,64.99));
#6153 = CARTESIAN_POINT('',(1.98,-77.,77.1));
#6154 = DEFINITIONAL_REPRESENTATION('',(#6155),#6158);
#6155 = B_SPLINE_CURVE_WITH_KNOTS('',1,(#6156,#6157),.UNSPECIFIED.,.F.,
  .F.,(2,2),(0.,1.),.PIECEWISE_BEZIER_KNOTS.);
#6156 = CARTESIAN_POINT('',(12.6,8.257638315445E-04));
#6157 = CARTESIAN_POINT('',(-12.6,8.257638315446E-04));
#6158 = ( GEOMETRIC_REPRESENTATION_CONTEXT(2) 
PARAMETRIC_REPRESENTATION_CONTEXT() REPRESENTATION_CONTEXT('2D SPACE',''
  ) );
#6159 = ORIENTED_EDGE('',*,*,#6160,.T.);
#6160 = EDGE_CURVE('',#6136,#6161,#6163,.T.);
#6161 = VERTEX_POINT('',#6162);
#6162 = CARTESIAN_POINT('',(15.070008257638,-63.90999174236,65.));
#6163 = SURFACE_CURVE('',#6164,(#6167,#6173),.PCURVE_S1.);
#6164 = B_SPLINE_CURVE_WITH_KNOTS('',1,(#6165,#6166),.UNSPECIFIED.,.F.,
  .F.,(2,2),(0.,1.),.PIECEWISE_BEZIER_KNOTS.);
#6165 = CARTESIAN_POINT('',(-10.11000825763,-63.90999174236,65.));
#6166 = CARTESIAN_POINT('',(15.070008257638,-63.90999174236,65.));
#6167 = PCURVE('',#2710,#6168);
#6168 = DEFINITIONAL_REPRESENTATION('',(#6169),#6172);
#6169 = B_SPLINE_CURVE_WITH_KNOTS('',1,(#6170,#6171),.UNSPECIFIED.,.F.,
  .F.,(2,2),(0.,1.),.PIECEWISE_BEZIER_KNOTS.);
#6170 = CARTESIAN_POINT('',(9.991742361692E-03,25.190008257638));
#6171 = CARTESIAN_POINT('',(25.190008257638,25.190008257638));
#6172 = ( GEOMETRIC_REPRESENTATION_CONTEXT(2) 
PARAMETRIC_REPRESENTATION_CONTEXT() REPRESENTATION_CONTEXT('2D SPACE',''
  ) );
#6173 = PCURVE('',#6174,#6179);
#6174 = B_SPLINE_SURFACE_WITH_KNOTS('',1,1,(
    (#6175,#6176)
    ,(#6177,#6178
    )),.UNSPECIFIED.,.F.,.F.,.F.,(2,2),(2,2),(-12.6,12.6),(0.,1.),
  .PIECEWISE_BEZIER_KNOTS.);
#6175 = CARTESIAN_POINT('',(15.08,-63.9,64.99));
#6176 = CARTESIAN_POINT('',(2.98,-76.,77.1));
#6177 = CARTESIAN_POINT('',(-10.12,-63.9,64.99));
#6178 = CARTESIAN_POINT('',(1.98,-76.,77.1));
#6179 = DEFINITIONAL_REPRESENTATION('',(#6180),#6183);
#6180 = B_SPLINE_CURVE_WITH_KNOTS('',1,(#6181,#6182),.UNSPECIFIED.,.F.,
  .F.,(2,2),(0.,1.),.PIECEWISE_BEZIER_KNOTS.);
#6181 = CARTESIAN_POINT('',(12.6,8.257638315445E-04));
#6182 = CARTESIAN_POINT('',(-12.6,8.257638315446E-04));
#6183 = ( GEOMETRIC_REPRESENTATION_CONTEXT(2) 
PARAMETRIC_REPRESENTATION_CONTEXT() REPRESENTATION_CONTEXT('2D SPACE',''
  ) );
#6184 = ORIENTED_EDGE('',*,*,#6185,.T.);
#6185 = EDGE_CURVE('',#6161,#6109,#6186,.T.);
#6186 = SURFACE_CURVE('',#6187,(#6190,#6196),.PCURVE_S1.);
#6187 = B_SPLINE_CURVE_WITH_KNOTS('',1,(#6188,#6189),.UNSPECIFIED.,.F.,
  .F.,(2,2),(0.,1.),.PIECEWISE_BEZIER_KNOTS.);
#6188 = CARTESIAN_POINT('',(15.070008257638,-63.90999174236,65.));
#6189 = CARTESIAN_POINT('',(15.070008257638,-89.09000825763,65.));
#6190 = PCURVE('',#2710,#6191);
#6191 = DEFINITIONAL_REPRESENTATION('',(#6192),#6195);
#6192 = B_SPLINE_CURVE_WITH_KNOTS('',1,(#6193,#6194),.UNSPECIFIED.,.F.,
  .F.,(2,2),(0.,1.),.PIECEWISE_BEZIER_KNOTS.);
#6193 = CARTESIAN_POINT('',(25.190008257638,25.190008257638));
#6194 = CARTESIAN_POINT('',(25.190008257638,9.991742361692E-03));
#6195 = ( GEOMETRIC_REPRESENTATION_CONTEXT(2) 
PARAMETRIC_REPRESENTATION_CONTEXT() REPRESENTATION_CONTEXT('2D SPACE',''
  ) );
#6196 = PCURVE('',#6197,#6202);
#6197 = B_SPLINE_SURFACE_WITH_KNOTS('',1,1,(
    (#6198,#6199)
    ,(#6200,#6201
    )),.UNSPECIFIED.,.F.,.F.,.F.,(2,2),(2,2),(-12.6,12.6),(0.,1.),
  .PIECEWISE_BEZIER_KNOTS.);
#6198 = CARTESIAN_POINT('',(15.08,-89.1,64.99));
#6199 = CARTESIAN_POINT('',(2.98,-77.,77.1));
#6200 = CARTESIAN_POINT('',(15.08,-63.9,64.99));
#6201 = CARTESIAN_POINT('',(2.98,-76.,77.1));
#6202 = DEFINITIONAL_REPRESENTATION('',(#6203),#6206);
#6203 = B_SPLINE_CURVE_WITH_KNOTS('',1,(#6204,#6205),.UNSPECIFIED.,.F.,
  .F.,(2,2),(0.,1.),.PIECEWISE_BEZIER_KNOTS.);
#6204 = CARTESIAN_POINT('',(12.6,8.257638315445E-04));
#6205 = CARTESIAN_POINT('',(-12.6,8.257638315446E-04));
#6206 = ( GEOMETRIC_REPRESENTATION_CONTEXT(2) 
PARAMETRIC_REPRESENTATION_CONTEXT() REPRESENTATION_CONTEXT('2D SPACE',''
  ) );
#6207 = ADVANCED_FACE('',(#6208),#2934,.T.);
#6208 = FACE_BOUND('',#6209,.T.);
#6209 = EDGE_LOOP('',(#6210,#6211));
#6210 = ORIENTED_EDGE('',*,*,#2969,.T.);
#6211 = ORIENTED_EDGE('',*,*,#2919,.F.);
#6212 = ADVANCED_FACE('',(#6213),#2867,.T.);
#6213 = FACE_BOUND('',#6214,.T.);
#6214 = EDGE_LOOP('',(#6215,#6216,#6217,#6218));
#6215 = ORIENTED_EDGE('',*,*,#2852,.F.);
#6216 = ORIENTED_EDGE('',*,*,#3226,.T.);
#6217 = ORIENTED_EDGE('',*,*,#3344,.F.);
#6218 = ORIENTED_EDGE('',*,*,#6219,.F.);
#6219 = EDGE_CURVE('',#2827,#3345,#6220,.T.);
#6220 = SURFACE_CURVE('',#6221,(#6225,#6231),.PCURVE_S1.);
#6221 = LINE('',#6222,#6223);
#6222 = CARTESIAN_POINT('',(10.48,-67.48,12.));
#6223 = VECTOR('',#6224,1.);
#6224 = DIRECTION('',(0.,-1.,0.));
#6225 = PCURVE('',#2867,#6226);
#6226 = DEFINITIONAL_REPRESENTATION('',(#6227),#6230);
#6227 = B_SPLINE_CURVE_WITH_KNOTS('',1,(#6228,#6229),.UNSPECIFIED.,.F.,
  .F.,(2,2),(-3.58,1.52),.PIECEWISE_BEZIER_KNOTS.);
#6228 = CARTESIAN_POINT('',(0.37,2.06));
#6229 = CARTESIAN_POINT('',(0.37,-3.04));
#6230 = ( GEOMETRIC_REPRESENTATION_CONTEXT(2) 
PARAMETRIC_REPRESENTATION_CONTEXT() REPRESENTATION_CONTEXT('2D SPACE',''
  ) );
#6231 = PCURVE('',#2841,#6232);
#6232 = DEFINITIONAL_REPRESENTATION('',(#6233),#6236);
#6233 = B_SPLINE_CURVE_WITH_KNOTS('',1,(#6234,#6235),.UNSPECIFIED.,.F.,
  .F.,(2,2),(-3.58,1.52),.PIECEWISE_BEZIER_KNOTS.);
#6234 = CARTESIAN_POINT('',(12.,-5.1));
#6235 = CARTESIAN_POINT('',(12.,0.));
#6236 = ( GEOMETRIC_REPRESENTATION_CONTEXT(2) 
PARAMETRIC_REPRESENTATION_CONTEXT() REPRESENTATION_CONTEXT('2D SPACE',''
  ) );
#6237 = ADVANCED_FACE('',(#6238),#2841,.F.);
#6238 = FACE_BOUND('',#6239,.F.);
#6239 = EDGE_LOOP('',(#6240,#6241,#6242,#6243));
#6240 = ORIENTED_EDGE('',*,*,#3365,.F.);
#6241 = ORIENTED_EDGE('',*,*,#6219,.F.);
#6242 = ORIENTED_EDGE('',*,*,#2826,.F.);
#6243 = ORIENTED_EDGE('',*,*,#6244,.F.);
#6244 = EDGE_CURVE('',#3366,#2801,#6245,.T.);
#6245 = SURFACE_CURVE('',#6246,(#6250,#6257),.PCURVE_S1.);
#6246 = LINE('',#6247,#6248);
#6247 = CARTESIAN_POINT('',(10.48,-69.,31.));
#6248 = VECTOR('',#6249,1.);
#6249 = DIRECTION('',(-0.,1.,0.));
#6250 = PCURVE('',#2841,#6251);
#6251 = DEFINITIONAL_REPRESENTATION('',(#6252),#6256);
#6252 = LINE('',#6253,#6254);
#6253 = CARTESIAN_POINT('',(31.,0.));
#6254 = VECTOR('',#6255,1.);
#6255 = DIRECTION('',(0.,-1.));
#6256 = ( GEOMETRIC_REPRESENTATION_CONTEXT(2) 
PARAMETRIC_REPRESENTATION_CONTEXT() REPRESENTATION_CONTEXT('2D SPACE',''
  ) );
#6257 = PCURVE('',#2815,#6258);
#6258 = DEFINITIONAL_REPRESENTATION('',(#6259),#6263);
#6259 = LINE('',#6260,#6261);
#6260 = CARTESIAN_POINT('',(0.,0.));
#6261 = VECTOR('',#6262,1.);
#6262 = DIRECTION('',(0.,1.));
#6263 = ( GEOMETRIC_REPRESENTATION_CONTEXT(2) 
PARAMETRIC_REPRESENTATION_CONTEXT() REPRESENTATION_CONTEXT('2D SPACE',''
  ) );
#6264 = ADVANCED_FACE('',(#6265),#2815,.T.);
#6265 = FACE_BOUND('',#6266,.T.);
#6266 = EDGE_LOOP('',(#6267,#6268,#6269,#6270));
#6267 = ORIENTED_EDGE('',*,*,#6244,.F.);
#6268 = ORIENTED_EDGE('',*,*,#3388,.T.);
#6269 = ORIENTED_EDGE('',*,*,#3435,.F.);
#6270 = ORIENTED_EDGE('',*,*,#2800,.F.);
#6271 = ADVANCED_FACE('',(#6272),#3035,.T.);
#6272 = FACE_BOUND('',#6273,.T.);
#6273 = EDGE_LOOP('',(#6274,#6275,#6276,#6277));
#6274 = ORIENTED_EDGE('',*,*,#3177,.F.);
#6275 = ORIENTED_EDGE('',*,*,#3020,.T.);
#6276 = ORIENTED_EDGE('',*,*,#3413,.F.);
#6277 = ORIENTED_EDGE('',*,*,#3276,.F.);
#6278 = ADVANCED_FACE('',(#6279),#3517,.F.);
#6279 = FACE_BOUND('',#6280,.F.);
#6280 = EDGE_LOOP('',(#6281));
#6281 = ORIENTED_EDGE('',*,*,#3502,.T.);
#6282 = ADVANCED_FACE('',(#6283),#3572,.F.);
#6283 = FACE_BOUND('',#6284,.F.);
#6284 = EDGE_LOOP('',(#6285));
#6285 = ORIENTED_EDGE('',*,*,#3557,.T.);
#6286 = ADVANCED_FACE('',(#6287),#3627,.F.);
#6287 = FACE_BOUND('',#6288,.F.);
#6288 = EDGE_LOOP('',(#6289));
#6289 = ORIENTED_EDGE('',*,*,#3612,.T.);
#6290 = ADVANCED_FACE('',(#6291),#3682,.F.);
#6291 = FACE_BOUND('',#6292,.F.);
#6292 = EDGE_LOOP('',(#6293));
#6293 = ORIENTED_EDGE('',*,*,#3667,.T.);
#6294 = ADVANCED_FACE('',(#6295),#4092,.F.);
#6295 = FACE_BOUND('',#6296,.F.);
#6296 = EDGE_LOOP('',(#6297,#6320,#6347,#6348,#6349,#6350));
#6297 = ORIENTED_EDGE('',*,*,#6298,.T.);
#6298 = EDGE_CURVE('',#4051,#6299,#6301,.T.);
#6299 = VERTEX_POINT('',#6300);
#6300 = CARTESIAN_POINT('',(26.98,-98.,77.8));
#6301 = SEAM_CURVE('',#6302,(#6306,#6313),.PCURVE_S1.);
#6302 = LINE('',#6303,#6304);
#6303 = CARTESIAN_POINT('',(26.98,-98.,64.));
#6304 = VECTOR('',#6305,1.);
#6305 = DIRECTION('',(0.,0.,1.));
#6306 = PCURVE('',#4092,#6307);
#6307 = DEFINITIONAL_REPRESENTATION('',(#6308),#6312);
#6308 = LINE('',#6309,#6310);
#6309 = CARTESIAN_POINT('',(6.28318530718,-0.));
#6310 = VECTOR('',#6311,1.);
#6311 = DIRECTION('',(0.,1.));
#6312 = ( GEOMETRIC_REPRESENTATION_CONTEXT(2) 
PARAMETRIC_REPRESENTATION_CONTEXT() REPRESENTATION_CONTEXT('2D SPACE',''
  ) );
#6313 = PCURVE('',#4092,#6314);
#6314 = DEFINITIONAL_REPRESENTATION('',(#6315),#6319);
#6315 = LINE('',#6316,#6317);
#6316 = CARTESIAN_POINT('',(0.,-0.));
#6317 = VECTOR('',#6318,1.);
#6318 = DIRECTION('',(0.,1.));
#6319 = ( GEOMETRIC_REPRESENTATION_CONTEXT(2) 
PARAMETRIC_REPRESENTATION_CONTEXT() REPRESENTATION_CONTEXT('2D SPACE',''
  ) );
#6320 = ORIENTED_EDGE('',*,*,#6321,.F.);
#6321 = EDGE_CURVE('',#6299,#6299,#6322,.T.);
#6322 = SURFACE_CURVE('',#6323,(#6328,#6335),.PCURVE_S1.);
#6323 = CIRCLE('',#6324,3.);
#6324 = AXIS2_PLACEMENT_3D('',#6325,#6326,#6327);
#6325 = CARTESIAN_POINT('',(23.98,-98.,77.8));
#6326 = DIRECTION('',(0.,0.,1.));
#6327 = DIRECTION('',(1.,0.,-0.));
#6328 = PCURVE('',#4092,#6329);
#6329 = DEFINITIONAL_REPRESENTATION('',(#6330),#6334);
#6330 = LINE('',#6331,#6332);
#6331 = CARTESIAN_POINT('',(0.,13.8));
#6332 = VECTOR('',#6333,1.);
#6333 = DIRECTION('',(1.,0.));
#6334 = ( GEOMETRIC_REPRESENTATION_CONTEXT(2) 
PARAMETRIC_REPRESENTATION_CONTEXT() REPRESENTATION_CONTEXT('2D SPACE',''
  ) );
#6335 = PCURVE('',#6336,#6341);
#6336 = PLANE('',#6337);
#6337 = AXIS2_PLACEMENT_3D('',#6338,#6339,#6340);
#6338 = CARTESIAN_POINT('',(23.98,-98.,77.8));
#6339 = DIRECTION('',(0.,0.,1.));
#6340 = DIRECTION('',(1.,0.,-0.));
#6341 = DEFINITIONAL_REPRESENTATION('',(#6342),#6346);
#6342 = CIRCLE('',#6343,3.);
#6343 = AXIS2_PLACEMENT_2D('',#6344,#6345);
#6344 = CARTESIAN_POINT('',(0.,0.));
#6345 = DIRECTION('',(1.,0.));
#6346 = ( GEOMETRIC_REPRESENTATION_CONTEXT(2) 
PARAMETRIC_REPRESENTATION_CONTEXT() REPRESENTATION_CONTEXT('2D SPACE',''
  ) );
#6347 = ORIENTED_EDGE('',*,*,#6298,.F.);
#6348 = ORIENTED_EDGE('',*,*,#4117,.T.);
#6349 = ORIENTED_EDGE('',*,*,#4440,.T.);
#6350 = ORIENTED_EDGE('',*,*,#4050,.T.);
#6351 = ADVANCED_FACE('',(#6352),#4016,.T.);
#6352 = FACE_BOUND('',#6353,.T.);
#6353 = EDGE_LOOP('',(#6354,#6377,#6378,#6401));
#6354 = ORIENTED_EDGE('',*,*,#6355,.F.);
#6355 = EDGE_CURVE('',#4001,#6356,#6358,.T.);
#6356 = VERTEX_POINT('',#6357);
#6357 = CARTESIAN_POINT('',(30.28,-104.3,81.8));
#6358 = SURFACE_CURVE('',#6359,(#6363,#6370),.PCURVE_S1.);
#6359 = LINE('',#6360,#6361);
#6360 = CARTESIAN_POINT('',(30.28,-104.3,77.8));
#6361 = VECTOR('',#6362,1.);
#6362 = DIRECTION('',(0.,0.,1.));
#6363 = PCURVE('',#4016,#6364);
#6364 = DEFINITIONAL_REPRESENTATION('',(#6365),#6369);
#6365 = LINE('',#6366,#6367);
#6366 = CARTESIAN_POINT('',(0.,0.));
#6367 = VECTOR('',#6368,1.);
#6368 = DIRECTION('',(1.,0.));
#6369 = ( GEOMETRIC_REPRESENTATION_CONTEXT(2) 
PARAMETRIC_REPRESENTATION_CONTEXT() REPRESENTATION_CONTEXT('2D SPACE',''
  ) );
#6370 = PCURVE('',#4664,#6371);
#6371 = DEFINITIONAL_REPRESENTATION('',(#6372),#6376);
#6372 = LINE('',#6373,#6374);
#6373 = CARTESIAN_POINT('',(0.,55.6));
#6374 = VECTOR('',#6375,1.);
#6375 = DIRECTION('',(1.,0.));
#6376 = ( GEOMETRIC_REPRESENTATION_CONTEXT(2) 
PARAMETRIC_REPRESENTATION_CONTEXT() REPRESENTATION_CONTEXT('2D SPACE',''
  ) );
#6377 = ORIENTED_EDGE('',*,*,#4000,.T.);
#6378 = ORIENTED_EDGE('',*,*,#6379,.T.);
#6379 = EDGE_CURVE('',#3979,#6380,#6382,.T.);
#6380 = VERTEX_POINT('',#6381);
#6381 = CARTESIAN_POINT('',(30.28,-48.7,81.8));
#6382 = SURFACE_CURVE('',#6383,(#6387,#6394),.PCURVE_S1.);
#6383 = LINE('',#6384,#6385);
#6384 = CARTESIAN_POINT('',(30.28,-48.7,77.8));
#6385 = VECTOR('',#6386,1.);
#6386 = DIRECTION('',(0.,0.,1.));
#6387 = PCURVE('',#4016,#6388);
#6388 = DEFINITIONAL_REPRESENTATION('',(#6389),#6393);
#6389 = LINE('',#6390,#6391);
#6390 = CARTESIAN_POINT('',(0.,-55.6));
#6391 = VECTOR('',#6392,1.);
#6392 = DIRECTION('',(1.,0.));
#6393 = ( GEOMETRIC_REPRESENTATION_CONTEXT(2) 
PARAMETRIC_REPRESENTATION_CONTEXT() REPRESENTATION_CONTEXT('2D SPACE',''
  ) );
#6394 = PCURVE('',#5374,#6395);
#6395 = DEFINITIONAL_REPRESENTATION('',(#6396),#6400);
#6396 = LINE('',#6397,#6398);
#6397 = CARTESIAN_POINT('',(0.,55.6));
#6398 = VECTOR('',#6399,1.);
#6399 = DIRECTION('',(1.,0.));
#6400 = ( GEOMETRIC_REPRESENTATION_CONTEXT(2) 
PARAMETRIC_REPRESENTATION_CONTEXT() REPRESENTATION_CONTEXT('2D SPACE',''
  ) );
#6401 = ORIENTED_EDGE('',*,*,#6402,.F.);
#6402 = EDGE_CURVE('',#6356,#6380,#6403,.T.);
#6403 = SURFACE_CURVE('',#6404,(#6408,#6415),.PCURVE_S1.);
#6404 = LINE('',#6405,#6406);
#6405 = CARTESIAN_POINT('',(30.28,-104.3,81.8));
#6406 = VECTOR('',#6407,1.);
#6407 = DIRECTION('',(-0.,1.,0.));
#6408 = PCURVE('',#4016,#6409);
#6409 = DEFINITIONAL_REPRESENTATION('',(#6410),#6414);
#6410 = LINE('',#6411,#6412);
#6411 = CARTESIAN_POINT('',(4.,0.));
#6412 = VECTOR('',#6413,1.);
#6413 = DIRECTION('',(0.,-1.));
#6414 = ( GEOMETRIC_REPRESENTATION_CONTEXT(2) 
PARAMETRIC_REPRESENTATION_CONTEXT() REPRESENTATION_CONTEXT('2D SPACE',''
  ) );
#6415 = PCURVE('',#6416,#6421);
#6416 = PLANE('',#6417);
#6417 = AXIS2_PLACEMENT_3D('',#6418,#6419,#6420);
#6418 = CARTESIAN_POINT('',(-25.32,-104.3,81.8));
#6419 = DIRECTION('',(0.,0.,1.));
#6420 = DIRECTION('',(1.,0.,-0.));
#6421 = DEFINITIONAL_REPRESENTATION('',(#6422),#6426);
#6422 = LINE('',#6423,#6424);
#6423 = CARTESIAN_POINT('',(55.6,0.));
#6424 = VECTOR('',#6425,1.);
#6425 = DIRECTION('',(0.,1.));
#6426 = ( GEOMETRIC_REPRESENTATION_CONTEXT(2) 
PARAMETRIC_REPRESENTATION_CONTEXT() REPRESENTATION_CONTEXT('2D SPACE',''
  ) );
#6427 = ADVANCED_FACE('',(#6428),#3856,.F.);
#6428 = FACE_BOUND('',#6429,.F.);
#6429 = EDGE_LOOP('',(#6430,#6453,#6480,#6481,#6482,#6483));
#6430 = ORIENTED_EDGE('',*,*,#6431,.T.);
#6431 = EDGE_CURVE('',#3745,#6432,#6434,.T.);
#6432 = VERTEX_POINT('',#6433);
#6433 = CARTESIAN_POINT('',(26.98,-55.,77.8));
#6434 = SEAM_CURVE('',#6435,(#6439,#6446),.PCURVE_S1.);
#6435 = LINE('',#6436,#6437);
#6436 = CARTESIAN_POINT('',(26.98,-55.,64.));
#6437 = VECTOR('',#6438,1.);
#6438 = DIRECTION('',(0.,0.,1.));
#6439 = PCURVE('',#3856,#6440);
#6440 = DEFINITIONAL_REPRESENTATION('',(#6441),#6445);
#6441 = LINE('',#6442,#6443);
#6442 = CARTESIAN_POINT('',(6.28318530718,-0.));
#6443 = VECTOR('',#6444,1.);
#6444 = DIRECTION('',(0.,1.));
#6445 = ( GEOMETRIC_REPRESENTATION_CONTEXT(2) 
PARAMETRIC_REPRESENTATION_CONTEXT() REPRESENTATION_CONTEXT('2D SPACE',''
  ) );
#6446 = PCURVE('',#3856,#6447);
#6447 = DEFINITIONAL_REPRESENTATION('',(#6448),#6452);
#6448 = LINE('',#6449,#6450);
#6449 = CARTESIAN_POINT('',(0.,-0.));
#6450 = VECTOR('',#6451,1.);
#6451 = DIRECTION('',(0.,1.));
#6452 = ( GEOMETRIC_REPRESENTATION_CONTEXT(2) 
PARAMETRIC_REPRESENTATION_CONTEXT() REPRESENTATION_CONTEXT('2D SPACE',''
  ) );
#6453 = ORIENTED_EDGE('',*,*,#6454,.F.);
#6454 = EDGE_CURVE('',#6432,#6432,#6455,.T.);
#6455 = SURFACE_CURVE('',#6456,(#6461,#6468),.PCURVE_S1.);
#6456 = CIRCLE('',#6457,3.);
#6457 = AXIS2_PLACEMENT_3D('',#6458,#6459,#6460);
#6458 = CARTESIAN_POINT('',(23.98,-55.,77.8));
#6459 = DIRECTION('',(0.,0.,1.));
#6460 = DIRECTION('',(1.,0.,-0.));
#6461 = PCURVE('',#3856,#6462);
#6462 = DEFINITIONAL_REPRESENTATION('',(#6463),#6467);
#6463 = LINE('',#6464,#6465);
#6464 = CARTESIAN_POINT('',(0.,13.8));
#6465 = VECTOR('',#6466,1.);
#6466 = DIRECTION('',(1.,0.));
#6467 = ( GEOMETRIC_REPRESENTATION_CONTEXT(2) 
PARAMETRIC_REPRESENTATION_CONTEXT() REPRESENTATION_CONTEXT('2D SPACE',''
  ) );
#6468 = PCURVE('',#6469,#6474);
#6469 = PLANE('',#6470);
#6470 = AXIS2_PLACEMENT_3D('',#6471,#6472,#6473);
#6471 = CARTESIAN_POINT('',(23.98,-55.,77.8));
#6472 = DIRECTION('',(0.,0.,1.));
#6473 = DIRECTION('',(1.,0.,-0.));
#6474 = DEFINITIONAL_REPRESENTATION('',(#6475),#6479);
#6475 = CIRCLE('',#6476,3.);
#6476 = AXIS2_PLACEMENT_2D('',#6477,#6478);
#6477 = CARTESIAN_POINT('',(0.,0.));
#6478 = DIRECTION('',(1.,0.));
#6479 = ( GEOMETRIC_REPRESENTATION_CONTEXT(2) 
PARAMETRIC_REPRESENTATION_CONTEXT() REPRESENTATION_CONTEXT('2D SPACE',''
  ) );
#6480 = ORIENTED_EDGE('',*,*,#6431,.F.);
#6481 = ORIENTED_EDGE('',*,*,#3916,.T.);
#6482 = ORIENTED_EDGE('',*,*,#5387,.T.);
#6483 = ORIENTED_EDGE('',*,*,#3744,.T.);
#6484 = ADVANCED_FACE('',(#6485),#4345,.T.);
#6485 = FACE_BOUND('',#6486,.F.);
#6486 = EDGE_LOOP('',(#6487));
#6487 = ORIENTED_EDGE('',*,*,#4330,.F.);
#6488 = ADVANCED_FACE('',(#6489),#4400,.T.);
#6489 = FACE_BOUND('',#6490,.F.);
#6490 = EDGE_LOOP('',(#6491));
#6491 = ORIENTED_EDGE('',*,*,#4385,.F.);
#6492 = ADVANCED_FACE('',(#6493),#4810,.F.);
#6493 = FACE_BOUND('',#6494,.F.);
#6494 = EDGE_LOOP('',(#6495,#6518,#6545,#6546,#6547,#6548));
#6495 = ORIENTED_EDGE('',*,*,#6496,.T.);
#6496 = EDGE_CURVE('',#4699,#6497,#6499,.T.);
#6497 = VERTEX_POINT('',#6498);
#6498 = CARTESIAN_POINT('',(-16.02,-98.,77.8));
#6499 = SEAM_CURVE('',#6500,(#6504,#6511),.PCURVE_S1.);
#6500 = LINE('',#6501,#6502);
#6501 = CARTESIAN_POINT('',(-16.02,-98.,64.));
#6502 = VECTOR('',#6503,1.);
#6503 = DIRECTION('',(0.,0.,1.));
#6504 = PCURVE('',#4810,#6505);
#6505 = DEFINITIONAL_REPRESENTATION('',(#6506),#6510);
#6506 = LINE('',#6507,#6508);
#6507 = CARTESIAN_POINT('',(6.28318530718,-0.));
#6508 = VECTOR('',#6509,1.);
#6509 = DIRECTION('',(0.,1.));
#6510 = ( GEOMETRIC_REPRESENTATION_CONTEXT(2) 
PARAMETRIC_REPRESENTATION_CONTEXT() REPRESENTATION_CONTEXT('2D SPACE',''
  ) );
#6511 = PCURVE('',#4810,#6512);
#6512 = DEFINITIONAL_REPRESENTATION('',(#6513),#6517);
#6513 = LINE('',#6514,#6515);
#6514 = CARTESIAN_POINT('',(0.,-0.));
#6515 = VECTOR('',#6516,1.);
#6516 = DIRECTION('',(0.,1.));
#6517 = ( GEOMETRIC_REPRESENTATION_CONTEXT(2) 
PARAMETRIC_REPRESENTATION_CONTEXT() REPRESENTATION_CONTEXT('2D SPACE',''
  ) );
#6518 = ORIENTED_EDGE('',*,*,#6519,.F.);
#6519 = EDGE_CURVE('',#6497,#6497,#6520,.T.);
#6520 = SURFACE_CURVE('',#6521,(#6526,#6533),.PCURVE_S1.);
#6521 = CIRCLE('',#6522,3.);
#6522 = AXIS2_PLACEMENT_3D('',#6523,#6524,#6525);
#6523 = CARTESIAN_POINT('',(-19.02,-98.,77.8));
#6524 = DIRECTION('',(0.,0.,1.));
#6525 = DIRECTION('',(1.,0.,-0.));
#6526 = PCURVE('',#4810,#6527);
#6527 = DEFINITIONAL_REPRESENTATION('',(#6528),#6532);
#6528 = LINE('',#6529,#6530);
#6529 = CARTESIAN_POINT('',(0.,13.8));
#6530 = VECTOR('',#6531,1.);
#6531 = DIRECTION('',(1.,0.));
#6532 = ( GEOMETRIC_REPRESENTATION_CONTEXT(2) 
PARAMETRIC_REPRESENTATION_CONTEXT() REPRESENTATION_CONTEXT('2D SPACE',''
  ) );
#6533 = PCURVE('',#6534,#6539);
#6534 = PLANE('',#6535);
#6535 = AXIS2_PLACEMENT_3D('',#6536,#6537,#6538);
#6536 = CARTESIAN_POINT('',(-19.02,-98.,77.8));
#6537 = DIRECTION('',(0.,0.,1.));
#6538 = DIRECTION('',(1.,0.,-0.));
#6539 = DEFINITIONAL_REPRESENTATION('',(#6540),#6544);
#6540 = CIRCLE('',#6541,3.);
#6541 = AXIS2_PLACEMENT_2D('',#6542,#6543);
#6542 = CARTESIAN_POINT('',(0.,0.));
#6543 = DIRECTION('',(1.,0.));
#6544 = ( GEOMETRIC_REPRESENTATION_CONTEXT(2) 
PARAMETRIC_REPRESENTATION_CONTEXT() REPRESENTATION_CONTEXT('2D SPACE',''
  ) );
#6545 = ORIENTED_EDGE('',*,*,#6496,.F.);
#6546 = ORIENTED_EDGE('',*,*,#4870,.T.);
#6547 = ORIENTED_EDGE('',*,*,#5628,.T.);
#6548 = ORIENTED_EDGE('',*,*,#4698,.T.);
#6549 = ADVANCED_FACE('',(#6550),#4664,.F.);
#6550 = FACE_BOUND('',#6551,.F.);
#6551 = EDGE_LOOP('',(#6552,#6553,#6576,#6597));
#6552 = ORIENTED_EDGE('',*,*,#4648,.F.);
#6553 = ORIENTED_EDGE('',*,*,#6554,.T.);
#6554 = EDGE_CURVE('',#4649,#6555,#6557,.T.);
#6555 = VERTEX_POINT('',#6556);
#6556 = CARTESIAN_POINT('',(-25.32,-104.3,81.8));
#6557 = SURFACE_CURVE('',#6558,(#6562,#6569),.PCURVE_S1.);
#6558 = LINE('',#6559,#6560);
#6559 = CARTESIAN_POINT('',(-25.32,-104.3,77.8));
#6560 = VECTOR('',#6561,1.);
#6561 = DIRECTION('',(0.,0.,1.));
#6562 = PCURVE('',#4664,#6563);
#6563 = DEFINITIONAL_REPRESENTATION('',(#6564),#6568);
#6564 = LINE('',#6565,#6566);
#6565 = CARTESIAN_POINT('',(0.,0.));
#6566 = VECTOR('',#6567,1.);
#6567 = DIRECTION('',(1.,0.));
#6568 = ( GEOMETRIC_REPRESENTATION_CONTEXT(2) 
PARAMETRIC_REPRESENTATION_CONTEXT() REPRESENTATION_CONTEXT('2D SPACE',''
  ) );
#6569 = PCURVE('',#5850,#6570);
#6570 = DEFINITIONAL_REPRESENTATION('',(#6571),#6575);
#6571 = LINE('',#6572,#6573);
#6572 = CARTESIAN_POINT('',(0.,0.));
#6573 = VECTOR('',#6574,1.);
#6574 = DIRECTION('',(1.,0.));
#6575 = ( GEOMETRIC_REPRESENTATION_CONTEXT(2) 
PARAMETRIC_REPRESENTATION_CONTEXT() REPRESENTATION_CONTEXT('2D SPACE',''
  ) );
#6576 = ORIENTED_EDGE('',*,*,#6577,.T.);
#6577 = EDGE_CURVE('',#6555,#6356,#6578,.T.);
#6578 = SURFACE_CURVE('',#6579,(#6583,#6590),.PCURVE_S1.);
#6579 = LINE('',#6580,#6581);
#6580 = CARTESIAN_POINT('',(-25.32,-104.3,81.8));
#6581 = VECTOR('',#6582,1.);
#6582 = DIRECTION('',(1.,0.,-0.));
#6583 = PCURVE('',#4664,#6584);
#6584 = DEFINITIONAL_REPRESENTATION('',(#6585),#6589);
#6585 = LINE('',#6586,#6587);
#6586 = CARTESIAN_POINT('',(4.,0.));
#6587 = VECTOR('',#6588,1.);
#6588 = DIRECTION('',(0.,1.));
#6589 = ( GEOMETRIC_REPRESENTATION_CONTEXT(2) 
PARAMETRIC_REPRESENTATION_CONTEXT() REPRESENTATION_CONTEXT('2D SPACE',''
  ) );
#6590 = PCURVE('',#6416,#6591);
#6591 = DEFINITIONAL_REPRESENTATION('',(#6592),#6596);
#6592 = LINE('',#6593,#6594);
#6593 = CARTESIAN_POINT('',(0.,0.));
#6594 = VECTOR('',#6595,1.);
#6595 = DIRECTION('',(1.,0.));
#6596 = ( GEOMETRIC_REPRESENTATION_CONTEXT(2) 
PARAMETRIC_REPRESENTATION_CONTEXT() REPRESENTATION_CONTEXT('2D SPACE',''
  ) );
#6597 = ORIENTED_EDGE('',*,*,#6355,.F.);
#6598 = ADVANCED_FACE('',(#6599),#5374,.T.);
#6599 = FACE_BOUND('',#6600,.T.);
#6600 = EDGE_LOOP('',(#6601,#6602,#6625,#6646));
#6601 = ORIENTED_EDGE('',*,*,#5360,.F.);
#6602 = ORIENTED_EDGE('',*,*,#6603,.T.);
#6603 = EDGE_CURVE('',#5339,#6604,#6606,.T.);
#6604 = VERTEX_POINT('',#6605);
#6605 = CARTESIAN_POINT('',(-25.32,-48.7,81.8));
#6606 = SURFACE_CURVE('',#6607,(#6611,#6618),.PCURVE_S1.);
#6607 = LINE('',#6608,#6609);
#6608 = CARTESIAN_POINT('',(-25.32,-48.7,77.8));
#6609 = VECTOR('',#6610,1.);
#6610 = DIRECTION('',(0.,0.,1.));
#6611 = PCURVE('',#5374,#6612);
#6612 = DEFINITIONAL_REPRESENTATION('',(#6613),#6617);
#6613 = LINE('',#6614,#6615);
#6614 = CARTESIAN_POINT('',(0.,0.));
#6615 = VECTOR('',#6616,1.);
#6616 = DIRECTION('',(1.,0.));
#6617 = ( GEOMETRIC_REPRESENTATION_CONTEXT(2) 
PARAMETRIC_REPRESENTATION_CONTEXT() REPRESENTATION_CONTEXT('2D SPACE',''
  ) );
#6618 = PCURVE('',#5850,#6619);
#6619 = DEFINITIONAL_REPRESENTATION('',(#6620),#6624);
#6620 = LINE('',#6621,#6622);
#6621 = CARTESIAN_POINT('',(0.,-55.6));
#6622 = VECTOR('',#6623,1.);
#6623 = DIRECTION('',(1.,0.));
#6624 = ( GEOMETRIC_REPRESENTATION_CONTEXT(2) 
PARAMETRIC_REPRESENTATION_CONTEXT() REPRESENTATION_CONTEXT('2D SPACE',''
  ) );
#6625 = ORIENTED_EDGE('',*,*,#6626,.T.);
#6626 = EDGE_CURVE('',#6604,#6380,#6627,.T.);
#6627 = SURFACE_CURVE('',#6628,(#6632,#6639),.PCURVE_S1.);
#6628 = LINE('',#6629,#6630);
#6629 = CARTESIAN_POINT('',(-25.32,-48.7,81.8));
#6630 = VECTOR('',#6631,1.);
#6631 = DIRECTION('',(1.,0.,-0.));
#6632 = PCURVE('',#5374,#6633);
#6633 = DEFINITIONAL_REPRESENTATION('',(#6634),#6638);
#6634 = LINE('',#6635,#6636);
#6635 = CARTESIAN_POINT('',(4.,0.));
#6636 = VECTOR('',#6637,1.);
#6637 = DIRECTION('',(0.,1.));
#6638 = ( GEOMETRIC_REPRESENTATION_CONTEXT(2) 
PARAMETRIC_REPRESENTATION_CONTEXT() REPRESENTATION_CONTEXT('2D SPACE',''
  ) );
#6639 = PCURVE('',#6416,#6640);
#6640 = DEFINITIONAL_REPRESENTATION('',(#6641),#6645);
#6641 = LINE('',#6642,#6643);
#6642 = CARTESIAN_POINT('',(0.,55.6));
#6643 = VECTOR('',#6644,1.);
#6644 = DIRECTION('',(1.,0.));
#6645 = ( GEOMETRIC_REPRESENTATION_CONTEXT(2) 
PARAMETRIC_REPRESENTATION_CONTEXT() REPRESENTATION_CONTEXT('2D SPACE',''
  ) );
#6646 = ORIENTED_EDGE('',*,*,#6379,.F.);
#6647 = ADVANCED_FACE('',(#6648),#5150,.F.);
#6648 = FACE_BOUND('',#6649,.F.);
#6649 = EDGE_LOOP('',(#6650,#6673,#6700,#6701,#6702,#6703));
#6650 = ORIENTED_EDGE('',*,*,#6651,.T.);
#6651 = EDGE_CURVE('',#5117,#6652,#6654,.T.);
#6652 = VERTEX_POINT('',#6653);
#6653 = CARTESIAN_POINT('',(-16.02,-55.,77.8));
#6654 = SEAM_CURVE('',#6655,(#6659,#6666),.PCURVE_S1.);
#6655 = LINE('',#6656,#6657);
#6656 = CARTESIAN_POINT('',(-16.02,-55.,64.));
#6657 = VECTOR('',#6658,1.);
#6658 = DIRECTION('',(0.,0.,1.));
#6659 = PCURVE('',#5150,#6660);
#6660 = DEFINITIONAL_REPRESENTATION('',(#6661),#6665);
#6661 = LINE('',#6662,#6663);
#6662 = CARTESIAN_POINT('',(6.28318530718,-0.));
#6663 = VECTOR('',#6664,1.);
#6664 = DIRECTION('',(0.,1.));
#6665 = ( GEOMETRIC_REPRESENTATION_CONTEXT(2) 
PARAMETRIC_REPRESENTATION_CONTEXT() REPRESENTATION_CONTEXT('2D SPACE',''
  ) );
#6666 = PCURVE('',#5150,#6667);
#6667 = DEFINITIONAL_REPRESENTATION('',(#6668),#6672);
#6668 = LINE('',#6669,#6670);
#6669 = CARTESIAN_POINT('',(0.,-0.));
#6670 = VECTOR('',#6671,1.);
#6671 = DIRECTION('',(0.,1.));
#6672 = ( GEOMETRIC_REPRESENTATION_CONTEXT(2) 
PARAMETRIC_REPRESENTATION_CONTEXT() REPRESENTATION_CONTEXT('2D SPACE',''
  ) );
#6673 = ORIENTED_EDGE('',*,*,#6674,.F.);
#6674 = EDGE_CURVE('',#6652,#6652,#6675,.T.);
#6675 = SURFACE_CURVE('',#6676,(#6681,#6688),.PCURVE_S1.);
#6676 = CIRCLE('',#6677,3.);
#6677 = AXIS2_PLACEMENT_3D('',#6678,#6679,#6680);
#6678 = CARTESIAN_POINT('',(-19.02,-55.,77.8));
#6679 = DIRECTION('',(0.,0.,1.));
#6680 = DIRECTION('',(1.,0.,-0.));
#6681 = PCURVE('',#5150,#6682);
#6682 = DEFINITIONAL_REPRESENTATION('',(#6683),#6687);
#6683 = LINE('',#6684,#6685);
#6684 = CARTESIAN_POINT('',(0.,13.8));
#6685 = VECTOR('',#6686,1.);
#6686 = DIRECTION('',(1.,0.));
#6687 = ( GEOMETRIC_REPRESENTATION_CONTEXT(2) 
PARAMETRIC_REPRESENTATION_CONTEXT() REPRESENTATION_CONTEXT('2D SPACE',''
  ) );
#6688 = PCURVE('',#6689,#6694);
#6689 = PLANE('',#6690);
#6690 = AXIS2_PLACEMENT_3D('',#6691,#6692,#6693);
#6691 = CARTESIAN_POINT('',(-19.02,-55.,77.8));
#6692 = DIRECTION('',(0.,0.,1.));
#6693 = DIRECTION('',(1.,0.,-0.));
#6694 = DEFINITIONAL_REPRESENTATION('',(#6695),#6699);
#6695 = CIRCLE('',#6696,3.);
#6696 = AXIS2_PLACEMENT_2D('',#6697,#6698);
#6697 = CARTESIAN_POINT('',(0.,0.));
#6698 = DIRECTION('',(1.,0.));
#6699 = ( GEOMETRIC_REPRESENTATION_CONTEXT(2) 
PARAMETRIC_REPRESENTATION_CONTEXT() REPRESENTATION_CONTEXT('2D SPACE',''
  ) );
#6700 = ORIENTED_EDGE('',*,*,#6651,.F.);
#6701 = ORIENTED_EDGE('',*,*,#5171,.T.);
#6702 = ORIENTED_EDGE('',*,*,#5863,.T.);
#6703 = ORIENTED_EDGE('',*,*,#5116,.T.);
#6704 = ADVANCED_FACE('',(#6705),#5850,.F.);
#6705 = FACE_BOUND('',#6706,.F.);
#6706 = EDGE_LOOP('',(#6707,#6708,#6709,#6710));
#6707 = ORIENTED_EDGE('',*,*,#6554,.F.);
#6708 = ORIENTED_EDGE('',*,*,#5836,.T.);
#6709 = ORIENTED_EDGE('',*,*,#6603,.T.);
#6710 = ORIENTED_EDGE('',*,*,#6711,.F.);
#6711 = EDGE_CURVE('',#6555,#6604,#6712,.T.);
#6712 = SURFACE_CURVE('',#6713,(#6717,#6724),.PCURVE_S1.);
#6713 = LINE('',#6714,#6715);
#6714 = CARTESIAN_POINT('',(-25.32,-104.3,81.8));
#6715 = VECTOR('',#6716,1.);
#6716 = DIRECTION('',(-0.,1.,0.));
#6717 = PCURVE('',#5850,#6718);
#6718 = DEFINITIONAL_REPRESENTATION('',(#6719),#6723);
#6719 = LINE('',#6720,#6721);
#6720 = CARTESIAN_POINT('',(4.,0.));
#6721 = VECTOR('',#6722,1.);
#6722 = DIRECTION('',(0.,-1.));
#6723 = ( GEOMETRIC_REPRESENTATION_CONTEXT(2) 
PARAMETRIC_REPRESENTATION_CONTEXT() REPRESENTATION_CONTEXT('2D SPACE',''
  ) );
#6724 = PCURVE('',#6416,#6725);
#6725 = DEFINITIONAL_REPRESENTATION('',(#6726),#6730);
#6726 = LINE('',#6727,#6728);
#6727 = CARTESIAN_POINT('',(0.,0.));
#6728 = VECTOR('',#6729,1.);
#6729 = DIRECTION('',(0.,1.));
#6730 = ( GEOMETRIC_REPRESENTATION_CONTEXT(2) 
PARAMETRIC_REPRESENTATION_CONTEXT() REPRESENTATION_CONTEXT('2D SPACE',''
  ) );
#6731 = ADVANCED_FACE('',(#6732),#6124,.F.);
#6732 = FACE_BOUND('',#6733,.F.);
#6733 = EDGE_LOOP('',(#6734,#6756,#6757,#6779));
#6734 = ORIENTED_EDGE('',*,*,#6735,.F.);
#6735 = EDGE_CURVE('',#6111,#6736,#6738,.T.);
#6736 = VERTEX_POINT('',#6737);
#6737 = CARTESIAN_POINT('',(1.98,-77.,77.1));
#6738 = SURFACE_CURVE('',#6739,(#6742,#6749),.PCURVE_S1.);
#6739 = B_SPLINE_CURVE_WITH_KNOTS('',1,(#6740,#6741),.UNSPECIFIED.,.F.,
  .F.,(2,2),(0.,1.),.PIECEWISE_BEZIER_KNOTS.);
#6740 = CARTESIAN_POINT('',(-10.12,-89.1,64.99));
#6741 = CARTESIAN_POINT('',(1.98,-77.,77.1));
#6742 = PCURVE('',#6124,#6743);
#6743 = DEFINITIONAL_REPRESENTATION('',(#6744),#6748);
#6744 = LINE('',#6745,#6746);
#6745 = CARTESIAN_POINT('',(-12.6,0.));
#6746 = VECTOR('',#6747,1.);
#6747 = DIRECTION('',(0.,1.));
#6748 = ( GEOMETRIC_REPRESENTATION_CONTEXT(2) 
PARAMETRIC_REPRESENTATION_CONTEXT() REPRESENTATION_CONTEXT('2D SPACE',''
  ) );
#6749 = PCURVE('',#6149,#6750);
#6750 = DEFINITIONAL_REPRESENTATION('',(#6751),#6755);
#6751 = LINE('',#6752,#6753);
#6752 = CARTESIAN_POINT('',(12.6,0.));
#6753 = VECTOR('',#6754,1.);
#6754 = DIRECTION('',(0.,1.));
#6755 = ( GEOMETRIC_REPRESENTATION_CONTEXT(2) 
PARAMETRIC_REPRESENTATION_CONTEXT() REPRESENTATION_CONTEXT('2D SPACE',''
  ) );
#6756 = ORIENTED_EDGE('',*,*,#6108,.F.);
#6757 = ORIENTED_EDGE('',*,*,#6758,.T.);
#6758 = EDGE_CURVE('',#6109,#6759,#6761,.T.);
#6759 = VERTEX_POINT('',#6760);
#6760 = CARTESIAN_POINT('',(2.98,-77.,77.1));
#6761 = SURFACE_CURVE('',#6762,(#6765,#6772),.PCURVE_S1.);
#6762 = B_SPLINE_CURVE_WITH_KNOTS('',1,(#6763,#6764),.UNSPECIFIED.,.F.,
  .F.,(2,2),(0.,1.),.PIECEWISE_BEZIER_KNOTS.);
#6763 = CARTESIAN_POINT('',(15.08,-89.1,64.99));
#6764 = CARTESIAN_POINT('',(2.98,-77.,77.1));
#6765 = PCURVE('',#6124,#6766);
#6766 = DEFINITIONAL_REPRESENTATION('',(#6767),#6771);
#6767 = LINE('',#6768,#6769);
#6768 = CARTESIAN_POINT('',(12.6,0.));
#6769 = VECTOR('',#6770,1.);
#6770 = DIRECTION('',(0.,1.));
#6771 = ( GEOMETRIC_REPRESENTATION_CONTEXT(2) 
PARAMETRIC_REPRESENTATION_CONTEXT() REPRESENTATION_CONTEXT('2D SPACE',''
  ) );
#6772 = PCURVE('',#6197,#6773);
#6773 = DEFINITIONAL_REPRESENTATION('',(#6774),#6778);
#6774 = LINE('',#6775,#6776);
#6775 = CARTESIAN_POINT('',(-12.6,0.));
#6776 = VECTOR('',#6777,1.);
#6777 = DIRECTION('',(0.,1.));
#6778 = ( GEOMETRIC_REPRESENTATION_CONTEXT(2) 
PARAMETRIC_REPRESENTATION_CONTEXT() REPRESENTATION_CONTEXT('2D SPACE',''
  ) );
#6779 = ORIENTED_EDGE('',*,*,#6780,.F.);
#6780 = EDGE_CURVE('',#6736,#6759,#6781,.T.);
#6781 = SURFACE_CURVE('',#6782,(#6786,#6792),.PCURVE_S1.);
#6782 = LINE('',#6783,#6784);
#6783 = CARTESIAN_POINT('',(2.48,-77.,77.1));
#6784 = VECTOR('',#6785,1.);
#6785 = DIRECTION('',(1.,0.,0.));
#6786 = PCURVE('',#6124,#6787);
#6787 = DEFINITIONAL_REPRESENTATION('',(#6788),#6791);
#6788 = B_SPLINE_CURVE_WITH_KNOTS('',1,(#6789,#6790),.UNSPECIFIED.,.F.,
  .F.,(2,2),(-0.5,0.5),.PIECEWISE_BEZIER_KNOTS.);
#6789 = CARTESIAN_POINT('',(-12.6,1.));
#6790 = CARTESIAN_POINT('',(12.6,1.));
#6791 = ( GEOMETRIC_REPRESENTATION_CONTEXT(2) 
PARAMETRIC_REPRESENTATION_CONTEXT() REPRESENTATION_CONTEXT('2D SPACE',''
  ) );
#6792 = PCURVE('',#6793,#6798);
#6793 = PLANE('',#6794);
#6794 = AXIS2_PLACEMENT_3D('',#6795,#6796,#6797);
#6795 = CARTESIAN_POINT('',(1.98,-77.,77.1));
#6796 = DIRECTION('',(0.,0.,1.));
#6797 = DIRECTION('',(0.707106781187,0.707106781187,-0.));
#6798 = DEFINITIONAL_REPRESENTATION('',(#6799),#6803);
#6799 = LINE('',#6800,#6801);
#6800 = CARTESIAN_POINT('',(0.353553390593,-0.353553390593));
#6801 = VECTOR('',#6802,1.);
#6802 = DIRECTION('',(0.707106781187,-0.707106781187));
#6803 = ( GEOMETRIC_REPRESENTATION_CONTEXT(2) 
PARAMETRIC_REPRESENTATION_CONTEXT() REPRESENTATION_CONTEXT('2D SPACE',''
  ) );
#6804 = ADVANCED_FACE('',(#6805),#6197,.F.);
#6805 = FACE_BOUND('',#6806,.F.);
#6806 = EDGE_LOOP('',(#6807,#6808,#6809,#6831));
#6807 = ORIENTED_EDGE('',*,*,#6758,.F.);
#6808 = ORIENTED_EDGE('',*,*,#6185,.F.);
#6809 = ORIENTED_EDGE('',*,*,#6810,.T.);
#6810 = EDGE_CURVE('',#6161,#6811,#6813,.T.);
#6811 = VERTEX_POINT('',#6812);
#6812 = CARTESIAN_POINT('',(2.98,-76.,77.1));
#6813 = SURFACE_CURVE('',#6814,(#6817,#6824),.PCURVE_S1.);
#6814 = B_SPLINE_CURVE_WITH_KNOTS('',1,(#6815,#6816),.UNSPECIFIED.,.F.,
  .F.,(2,2),(0.,1.),.PIECEWISE_BEZIER_KNOTS.);
#6815 = CARTESIAN_POINT('',(15.08,-63.9,64.99));
#6816 = CARTESIAN_POINT('',(2.98,-76.,77.1));
#6817 = PCURVE('',#6197,#6818);
#6818 = DEFINITIONAL_REPRESENTATION('',(#6819),#6823);
#6819 = LINE('',#6820,#6821);
#6820 = CARTESIAN_POINT('',(12.6,0.));
#6821 = VECTOR('',#6822,1.);
#6822 = DIRECTION('',(0.,1.));
#6823 = ( GEOMETRIC_REPRESENTATION_CONTEXT(2) 
PARAMETRIC_REPRESENTATION_CONTEXT() REPRESENTATION_CONTEXT('2D SPACE',''
  ) );
#6824 = PCURVE('',#6174,#6825);
#6825 = DEFINITIONAL_REPRESENTATION('',(#6826),#6830);
#6826 = LINE('',#6827,#6828);
#6827 = CARTESIAN_POINT('',(-12.6,0.));
#6828 = VECTOR('',#6829,1.);
#6829 = DIRECTION('',(0.,1.));
#6830 = ( GEOMETRIC_REPRESENTATION_CONTEXT(2) 
PARAMETRIC_REPRESENTATION_CONTEXT() REPRESENTATION_CONTEXT('2D SPACE',''
  ) );
#6831 = ORIENTED_EDGE('',*,*,#6832,.F.);
#6832 = EDGE_CURVE('',#6759,#6811,#6833,.T.);
#6833 = SURFACE_CURVE('',#6834,(#6838,#6844),.PCURVE_S1.);
#6834 = LINE('',#6835,#6836);
#6835 = CARTESIAN_POINT('',(2.98,-76.5,77.1));
#6836 = VECTOR('',#6837,1.);
#6837 = DIRECTION('',(0.,1.,0.));
#6838 = PCURVE('',#6197,#6839);
#6839 = DEFINITIONAL_REPRESENTATION('',(#6840),#6843);
#6840 = B_SPLINE_CURVE_WITH_KNOTS('',1,(#6841,#6842),.UNSPECIFIED.,.F.,
  .F.,(2,2),(-0.5,0.5),.PIECEWISE_BEZIER_KNOTS.);
#6841 = CARTESIAN_POINT('',(-12.6,1.));
#6842 = CARTESIAN_POINT('',(12.6,1.));
#6843 = ( GEOMETRIC_REPRESENTATION_CONTEXT(2) 
PARAMETRIC_REPRESENTATION_CONTEXT() REPRESENTATION_CONTEXT('2D SPACE',''
  ) );
#6844 = PCURVE('',#6793,#6845);
#6845 = DEFINITIONAL_REPRESENTATION('',(#6846),#6850);
#6846 = LINE('',#6847,#6848);
#6847 = CARTESIAN_POINT('',(1.06066017178,-0.353553390593));
#6848 = VECTOR('',#6849,1.);
#6849 = DIRECTION('',(0.707106781187,0.707106781187));
#6850 = ( GEOMETRIC_REPRESENTATION_CONTEXT(2) 
PARAMETRIC_REPRESENTATION_CONTEXT() REPRESENTATION_CONTEXT('2D SPACE',''
  ) );
#6851 = ADVANCED_FACE('',(#6852),#6174,.F.);
#6852 = FACE_BOUND('',#6853,.F.);
#6853 = EDGE_LOOP('',(#6854,#6855,#6877,#6897));
#6854 = ORIENTED_EDGE('',*,*,#6160,.F.);
#6855 = ORIENTED_EDGE('',*,*,#6856,.T.);
#6856 = EDGE_CURVE('',#6136,#6857,#6859,.T.);
#6857 = VERTEX_POINT('',#6858);
#6858 = CARTESIAN_POINT('',(1.98,-76.,77.1));
#6859 = SURFACE_CURVE('',#6860,(#6863,#6870),.PCURVE_S1.);
#6860 = B_SPLINE_CURVE_WITH_KNOTS('',1,(#6861,#6862),.UNSPECIFIED.,.F.,
  .F.,(2,2),(0.,1.),.PIECEWISE_BEZIER_KNOTS.);
#6861 = CARTESIAN_POINT('',(-10.12,-63.9,64.99));
#6862 = CARTESIAN_POINT('',(1.98,-76.,77.1));
#6863 = PCURVE('',#6174,#6864);
#6864 = DEFINITIONAL_REPRESENTATION('',(#6865),#6869);
#6865 = LINE('',#6866,#6867);
#6866 = CARTESIAN_POINT('',(12.6,0.));
#6867 = VECTOR('',#6868,1.);
#6868 = DIRECTION('',(0.,1.));
#6869 = ( GEOMETRIC_REPRESENTATION_CONTEXT(2) 
PARAMETRIC_REPRESENTATION_CONTEXT() REPRESENTATION_CONTEXT('2D SPACE',''
  ) );
#6870 = PCURVE('',#6149,#6871);
#6871 = DEFINITIONAL_REPRESENTATION('',(#6872),#6876);
#6872 = LINE('',#6873,#6874);
#6873 = CARTESIAN_POINT('',(-12.6,0.));
#6874 = VECTOR('',#6875,1.);
#6875 = DIRECTION('',(0.,1.));
#6876 = ( GEOMETRIC_REPRESENTATION_CONTEXT(2) 
PARAMETRIC_REPRESENTATION_CONTEXT() REPRESENTATION_CONTEXT('2D SPACE',''
  ) );
#6877 = ORIENTED_EDGE('',*,*,#6878,.T.);
#6878 = EDGE_CURVE('',#6857,#6811,#6879,.T.);
#6879 = SURFACE_CURVE('',#6880,(#6884,#6890),.PCURVE_S1.);
#6880 = LINE('',#6881,#6882);
#6881 = CARTESIAN_POINT('',(2.48,-76.,77.1));
#6882 = VECTOR('',#6883,1.);
#6883 = DIRECTION('',(1.,0.,0.));
#6884 = PCURVE('',#6174,#6885);
#6885 = DEFINITIONAL_REPRESENTATION('',(#6886),#6889);
#6886 = B_SPLINE_CURVE_WITH_KNOTS('',1,(#6887,#6888),.UNSPECIFIED.,.F.,
  .F.,(2,2),(-0.5,0.5),.PIECEWISE_BEZIER_KNOTS.);
#6887 = CARTESIAN_POINT('',(12.6,1.));
#6888 = CARTESIAN_POINT('',(-12.6,1.));
#6889 = ( GEOMETRIC_REPRESENTATION_CONTEXT(2) 
PARAMETRIC_REPRESENTATION_CONTEXT() REPRESENTATION_CONTEXT('2D SPACE',''
  ) );
#6890 = PCURVE('',#6793,#6891);
#6891 = DEFINITIONAL_REPRESENTATION('',(#6892),#6896);
#6892 = LINE('',#6893,#6894);
#6893 = CARTESIAN_POINT('',(1.06066017178,0.353553390593));
#6894 = VECTOR('',#6895,1.);
#6895 = DIRECTION('',(0.707106781187,-0.707106781187));
#6896 = ( GEOMETRIC_REPRESENTATION_CONTEXT(2) 
PARAMETRIC_REPRESENTATION_CONTEXT() REPRESENTATION_CONTEXT('2D SPACE',''
  ) );
#6897 = ORIENTED_EDGE('',*,*,#6810,.F.);
#6898 = ADVANCED_FACE('',(#6899),#6149,.F.);
#6899 = FACE_BOUND('',#6900,.F.);
#6900 = EDGE_LOOP('',(#6901,#6902,#6903,#6923));
#6901 = ORIENTED_EDGE('',*,*,#6135,.F.);
#6902 = ORIENTED_EDGE('',*,*,#6735,.T.);
#6903 = ORIENTED_EDGE('',*,*,#6904,.T.);
#6904 = EDGE_CURVE('',#6736,#6857,#6905,.T.);
#6905 = SURFACE_CURVE('',#6906,(#6910,#6916),.PCURVE_S1.);
#6906 = LINE('',#6907,#6908);
#6907 = CARTESIAN_POINT('',(1.98,-76.5,77.1));
#6908 = VECTOR('',#6909,1.);
#6909 = DIRECTION('',(0.,1.,0.));
#6910 = PCURVE('',#6149,#6911);
#6911 = DEFINITIONAL_REPRESENTATION('',(#6912),#6915);
#6912 = B_SPLINE_CURVE_WITH_KNOTS('',1,(#6913,#6914),.UNSPECIFIED.,.F.,
  .F.,(2,2),(-0.5,0.5),.PIECEWISE_BEZIER_KNOTS.);
#6913 = CARTESIAN_POINT('',(12.6,1.));
#6914 = CARTESIAN_POINT('',(-12.6,1.));
#6915 = ( GEOMETRIC_REPRESENTATION_CONTEXT(2) 
PARAMETRIC_REPRESENTATION_CONTEXT() REPRESENTATION_CONTEXT('2D SPACE',''
  ) );
#6916 = PCURVE('',#6793,#6917);
#6917 = DEFINITIONAL_REPRESENTATION('',(#6918),#6922);
#6918 = LINE('',#6919,#6920);
#6919 = CARTESIAN_POINT('',(0.353553390593,0.353553390593));
#6920 = VECTOR('',#6921,1.);
#6921 = DIRECTION('',(0.707106781187,0.707106781187));
#6922 = ( GEOMETRIC_REPRESENTATION_CONTEXT(2) 
PARAMETRIC_REPRESENTATION_CONTEXT() REPRESENTATION_CONTEXT('2D SPACE',''
  ) );
#6923 = ORIENTED_EDGE('',*,*,#6856,.F.);
#6924 = ADVANCED_FACE('',(#6925,#6928),#6336,.F.);
#6925 = FACE_BOUND('',#6926,.F.);
#6926 = EDGE_LOOP('',(#6927));
#6927 = ORIENTED_EDGE('',*,*,#6321,.T.);
#6928 = FACE_BOUND('',#6929,.F.);
#6929 = EDGE_LOOP('',(#6930));
#6930 = ORIENTED_EDGE('',*,*,#6931,.F.);
#6931 = EDGE_CURVE('',#6932,#6932,#6934,.T.);
#6932 = VERTEX_POINT('',#6933);
#6933 = CARTESIAN_POINT('',(25.43,-98.,77.8));
#6934 = SURFACE_CURVE('',#6935,(#6940,#6947),.PCURVE_S1.);
#6935 = CIRCLE('',#6936,1.45);
#6936 = AXIS2_PLACEMENT_3D('',#6937,#6938,#6939);
#6937 = CARTESIAN_POINT('',(23.98,-98.,77.8));
#6938 = DIRECTION('',(0.,0.,1.));
#6939 = DIRECTION('',(1.,0.,-0.));
#6940 = PCURVE('',#6336,#6941);
#6941 = DEFINITIONAL_REPRESENTATION('',(#6942),#6946);
#6942 = CIRCLE('',#6943,1.45);
#6943 = AXIS2_PLACEMENT_2D('',#6944,#6945);
#6944 = CARTESIAN_POINT('',(0.,0.));
#6945 = DIRECTION('',(1.,0.));
#6946 = ( GEOMETRIC_REPRESENTATION_CONTEXT(2) 
PARAMETRIC_REPRESENTATION_CONTEXT() REPRESENTATION_CONTEXT('2D SPACE',''
  ) );
#6947 = PCURVE('',#6948,#6953);
#6948 = CYLINDRICAL_SURFACE('',#6949,1.45);
#6949 = AXIS2_PLACEMENT_3D('',#6950,#6951,#6952);
#6950 = CARTESIAN_POINT('',(23.98,-98.,77.3));
#6951 = DIRECTION('',(0.,0.,1.));
#6952 = DIRECTION('',(1.,0.,-0.));
#6953 = DEFINITIONAL_REPRESENTATION('',(#6954),#6958);
#6954 = LINE('',#6955,#6956);
#6955 = CARTESIAN_POINT('',(0.,0.5));
#6956 = VECTOR('',#6957,1.);
#6957 = DIRECTION('',(1.,0.));
#6958 = ( GEOMETRIC_REPRESENTATION_CONTEXT(2) 
PARAMETRIC_REPRESENTATION_CONTEXT() REPRESENTATION_CONTEXT('2D SPACE',''
  ) );
#6959 = ADVANCED_FACE('',(#6960,#6966,#6997,#7023,#7054),#6416,.T.);
#6960 = FACE_BOUND('',#6961,.T.);
#6961 = EDGE_LOOP('',(#6962,#6963,#6964,#6965));
#6962 = ORIENTED_EDGE('',*,*,#6711,.F.);
#6963 = ORIENTED_EDGE('',*,*,#6577,.T.);
#6964 = ORIENTED_EDGE('',*,*,#6402,.T.);
#6965 = ORIENTED_EDGE('',*,*,#6626,.F.);
#6966 = FACE_BOUND('',#6967,.T.);
#6967 = EDGE_LOOP('',(#6968));
#6968 = ORIENTED_EDGE('',*,*,#6969,.F.);
#6969 = EDGE_CURVE('',#6970,#6970,#6972,.T.);
#6970 = VERTEX_POINT('',#6971);
#6971 = CARTESIAN_POINT('',(-17.57,-98.,81.8));
#6972 = SURFACE_CURVE('',#6973,(#6978,#6985),.PCURVE_S1.);
#6973 = CIRCLE('',#6974,1.45);
#6974 = AXIS2_PLACEMENT_3D('',#6975,#6976,#6977);
#6975 = CARTESIAN_POINT('',(-19.02,-98.,81.8));
#6976 = DIRECTION('',(0.,0.,1.));
#6977 = DIRECTION('',(1.,0.,-0.));
#6978 = PCURVE('',#6416,#6979);
#6979 = DEFINITIONAL_REPRESENTATION('',(#6980),#6984);
#6980 = CIRCLE('',#6981,1.45);
#6981 = AXIS2_PLACEMENT_2D('',#6982,#6983);
#6982 = CARTESIAN_POINT('',(6.3,6.3));
#6983 = DIRECTION('',(1.,0.));
#6984 = ( GEOMETRIC_REPRESENTATION_CONTEXT(2) 
PARAMETRIC_REPRESENTATION_CONTEXT() REPRESENTATION_CONTEXT('2D SPACE',''
  ) );
#6985 = PCURVE('',#6986,#6991);
#6986 = CYLINDRICAL_SURFACE('',#6987,1.45);
#6987 = AXIS2_PLACEMENT_3D('',#6988,#6989,#6990);
#6988 = CARTESIAN_POINT('',(-19.02,-98.,77.3));
#6989 = DIRECTION('',(0.,0.,1.));
#6990 = DIRECTION('',(1.,0.,-0.));
#6991 = DEFINITIONAL_REPRESENTATION('',(#6992),#6996);
#6992 = LINE('',#6993,#6994);
#6993 = CARTESIAN_POINT('',(0.,4.5));
#6994 = VECTOR('',#6995,1.);
#6995 = DIRECTION('',(1.,0.));
#6996 = ( GEOMETRIC_REPRESENTATION_CONTEXT(2) 
PARAMETRIC_REPRESENTATION_CONTEXT() REPRESENTATION_CONTEXT('2D SPACE',''
  ) );
#6997 = FACE_BOUND('',#6998,.T.);
#6998 = EDGE_LOOP('',(#6999));
#6999 = ORIENTED_EDGE('',*,*,#7000,.F.);
#7000 = EDGE_CURVE('',#7001,#7001,#7003,.T.);
#7001 = VERTEX_POINT('',#7002);
#7002 = CARTESIAN_POINT('',(25.43,-98.,81.8));
#7003 = SURFACE_CURVE('',#7004,(#7009,#7016),.PCURVE_S1.);
#7004 = CIRCLE('',#7005,1.45);
#7005 = AXIS2_PLACEMENT_3D('',#7006,#7007,#7008);
#7006 = CARTESIAN_POINT('',(23.98,-98.,81.8));
#7007 = DIRECTION('',(0.,0.,1.));
#7008 = DIRECTION('',(1.,0.,-0.));
#7009 = PCURVE('',#6416,#7010);
#7010 = DEFINITIONAL_REPRESENTATION('',(#7011),#7015);
#7011 = CIRCLE('',#7012,1.45);
#7012 = AXIS2_PLACEMENT_2D('',#7013,#7014);
#7013 = CARTESIAN_POINT('',(49.3,6.3));
#7014 = DIRECTION('',(1.,0.));
#7015 = ( GEOMETRIC_REPRESENTATION_CONTEXT(2) 
PARAMETRIC_REPRESENTATION_CONTEXT() REPRESENTATION_CONTEXT('2D SPACE',''
  ) );
#7016 = PCURVE('',#6948,#7017);
#7017 = DEFINITIONAL_REPRESENTATION('',(#7018),#7022);
#7018 = LINE('',#7019,#7020);
#7019 = CARTESIAN_POINT('',(0.,4.5));
#7020 = VECTOR('',#7021,1.);
#7021 = DIRECTION('',(1.,0.));
#7022 = ( GEOMETRIC_REPRESENTATION_CONTEXT(2) 
PARAMETRIC_REPRESENTATION_CONTEXT() REPRESENTATION_CONTEXT('2D SPACE',''
  ) );
#7023 = FACE_BOUND('',#7024,.T.);
#7024 = EDGE_LOOP('',(#7025));
#7025 = ORIENTED_EDGE('',*,*,#7026,.F.);
#7026 = EDGE_CURVE('',#7027,#7027,#7029,.T.);
#7027 = VERTEX_POINT('',#7028);
#7028 = CARTESIAN_POINT('',(-17.57,-55.,81.8));
#7029 = SURFACE_CURVE('',#7030,(#7035,#7042),.PCURVE_S1.);
#7030 = CIRCLE('',#7031,1.45);
#7031 = AXIS2_PLACEMENT_3D('',#7032,#7033,#7034);
#7032 = CARTESIAN_POINT('',(-19.02,-55.,81.8));
#7033 = DIRECTION('',(0.,0.,1.));
#7034 = DIRECTION('',(1.,0.,-0.));
#7035 = PCURVE('',#6416,#7036);
#7036 = DEFINITIONAL_REPRESENTATION('',(#7037),#7041);
#7037 = CIRCLE('',#7038,1.45);
#7038 = AXIS2_PLACEMENT_2D('',#7039,#7040);
#7039 = CARTESIAN_POINT('',(6.3,49.3));
#7040 = DIRECTION('',(1.,0.));
#7041 = ( GEOMETRIC_REPRESENTATION_CONTEXT(2) 
PARAMETRIC_REPRESENTATION_CONTEXT() REPRESENTATION_CONTEXT('2D SPACE',''
  ) );
#7042 = PCURVE('',#7043,#7048);
#7043 = CYLINDRICAL_SURFACE('',#7044,1.45);
#7044 = AXIS2_PLACEMENT_3D('',#7045,#7046,#7047);
#7045 = CARTESIAN_POINT('',(-19.02,-55.,77.3));
#7046 = DIRECTION('',(0.,0.,1.));
#7047 = DIRECTION('',(1.,0.,-0.));
#7048 = DEFINITIONAL_REPRESENTATION('',(#7049),#7053);
#7049 = LINE('',#7050,#7051);
#7050 = CARTESIAN_POINT('',(0.,4.5));
#7051 = VECTOR('',#7052,1.);
#7052 = DIRECTION('',(1.,0.));
#7053 = ( GEOMETRIC_REPRESENTATION_CONTEXT(2) 
PARAMETRIC_REPRESENTATION_CONTEXT() REPRESENTATION_CONTEXT('2D SPACE',''
  ) );
#7054 = FACE_BOUND('',#7055,.T.);
#7055 = EDGE_LOOP('',(#7056));
#7056 = ORIENTED_EDGE('',*,*,#7057,.F.);
#7057 = EDGE_CURVE('',#7058,#7058,#7060,.T.);
#7058 = VERTEX_POINT('',#7059);
#7059 = CARTESIAN_POINT('',(25.43,-55.,81.8));
#7060 = SURFACE_CURVE('',#7061,(#7066,#7073),.PCURVE_S1.);
#7061 = CIRCLE('',#7062,1.45);
#7062 = AXIS2_PLACEMENT_3D('',#7063,#7064,#7065);
#7063 = CARTESIAN_POINT('',(23.98,-55.,81.8));
#7064 = DIRECTION('',(0.,0.,1.));
#7065 = DIRECTION('',(1.,0.,-0.));
#7066 = PCURVE('',#6416,#7067);
#7067 = DEFINITIONAL_REPRESENTATION('',(#7068),#7072);
#7068 = CIRCLE('',#7069,1.45);
#7069 = AXIS2_PLACEMENT_2D('',#7070,#7071);
#7070 = CARTESIAN_POINT('',(49.3,49.3));
#7071 = DIRECTION('',(1.,0.));
#7072 = ( GEOMETRIC_REPRESENTATION_CONTEXT(2) 
PARAMETRIC_REPRESENTATION_CONTEXT() REPRESENTATION_CONTEXT('2D SPACE',''
  ) );
#7073 = PCURVE('',#7074,#7079);
#7074 = CYLINDRICAL_SURFACE('',#7075,1.45);
#7075 = AXIS2_PLACEMENT_3D('',#7076,#7077,#7078);
#7076 = CARTESIAN_POINT('',(23.98,-55.,77.3));
#7077 = DIRECTION('',(0.,0.,1.));
#7078 = DIRECTION('',(1.,0.,-0.));
#7079 = DEFINITIONAL_REPRESENTATION('',(#7080),#7084);
#7080 = LINE('',#7081,#7082);
#7081 = CARTESIAN_POINT('',(0.,4.5));
#7082 = VECTOR('',#7083,1.);
#7083 = DIRECTION('',(1.,0.));
#7084 = ( GEOMETRIC_REPRESENTATION_CONTEXT(2) 
PARAMETRIC_REPRESENTATION_CONTEXT() REPRESENTATION_CONTEXT('2D SPACE',''
  ) );
#7085 = ADVANCED_FACE('',(#7086,#7089),#6469,.F.);
#7086 = FACE_BOUND('',#7087,.F.);
#7087 = EDGE_LOOP('',(#7088));
#7088 = ORIENTED_EDGE('',*,*,#6454,.T.);
#7089 = FACE_BOUND('',#7090,.F.);
#7090 = EDGE_LOOP('',(#7091));
#7091 = ORIENTED_EDGE('',*,*,#7092,.F.);
#7092 = EDGE_CURVE('',#7093,#7093,#7095,.T.);
#7093 = VERTEX_POINT('',#7094);
#7094 = CARTESIAN_POINT('',(25.43,-55.,77.8));
#7095 = SURFACE_CURVE('',#7096,(#7101,#7108),.PCURVE_S1.);
#7096 = CIRCLE('',#7097,1.45);
#7097 = AXIS2_PLACEMENT_3D('',#7098,#7099,#7100);
#7098 = CARTESIAN_POINT('',(23.98,-55.,77.8));
#7099 = DIRECTION('',(0.,0.,1.));
#7100 = DIRECTION('',(1.,0.,-0.));
#7101 = PCURVE('',#6469,#7102);
#7102 = DEFINITIONAL_REPRESENTATION('',(#7103),#7107);
#7103 = CIRCLE('',#7104,1.45);
#7104 = AXIS2_PLACEMENT_2D('',#7105,#7106);
#7105 = CARTESIAN_POINT('',(0.,0.));
#7106 = DIRECTION('',(1.,0.));
#7107 = ( GEOMETRIC_REPRESENTATION_CONTEXT(2) 
PARAMETRIC_REPRESENTATION_CONTEXT() REPRESENTATION_CONTEXT('2D SPACE',''
  ) );
#7108 = PCURVE('',#7074,#7109);
#7109 = DEFINITIONAL_REPRESENTATION('',(#7110),#7114);
#7110 = LINE('',#7111,#7112);
#7111 = CARTESIAN_POINT('',(0.,0.5));
#7112 = VECTOR('',#7113,1.);
#7113 = DIRECTION('',(1.,0.));
#7114 = ( GEOMETRIC_REPRESENTATION_CONTEXT(2) 
PARAMETRIC_REPRESENTATION_CONTEXT() REPRESENTATION_CONTEXT('2D SPACE',''
  ) );
#7115 = ADVANCED_FACE('',(#7116,#7119),#6534,.F.);
#7116 = FACE_BOUND('',#7117,.F.);
#7117 = EDGE_LOOP('',(#7118));
#7118 = ORIENTED_EDGE('',*,*,#6519,.T.);
#7119 = FACE_BOUND('',#7120,.F.);
#7120 = EDGE_LOOP('',(#7121));
#7121 = ORIENTED_EDGE('',*,*,#7122,.F.);
#7122 = EDGE_CURVE('',#7123,#7123,#7125,.T.);
#7123 = VERTEX_POINT('',#7124);
#7124 = CARTESIAN_POINT('',(-17.57,-98.,77.8));
#7125 = SURFACE_CURVE('',#7126,(#7131,#7138),.PCURVE_S1.);
#7126 = CIRCLE('',#7127,1.45);
#7127 = AXIS2_PLACEMENT_3D('',#7128,#7129,#7130);
#7128 = CARTESIAN_POINT('',(-19.02,-98.,77.8));
#7129 = DIRECTION('',(0.,0.,1.));
#7130 = DIRECTION('',(1.,0.,-0.));
#7131 = PCURVE('',#6534,#7132);
#7132 = DEFINITIONAL_REPRESENTATION('',(#7133),#7137);
#7133 = CIRCLE('',#7134,1.45);
#7134 = AXIS2_PLACEMENT_2D('',#7135,#7136);
#7135 = CARTESIAN_POINT('',(0.,0.));
#7136 = DIRECTION('',(1.,0.));
#7137 = ( GEOMETRIC_REPRESENTATION_CONTEXT(2) 
PARAMETRIC_REPRESENTATION_CONTEXT() REPRESENTATION_CONTEXT('2D SPACE',''
  ) );
#7138 = PCURVE('',#6986,#7139);
#7139 = DEFINITIONAL_REPRESENTATION('',(#7140),#7144);
#7140 = LINE('',#7141,#7142);
#7141 = CARTESIAN_POINT('',(0.,0.5));
#7142 = VECTOR('',#7143,1.);
#7143 = DIRECTION('',(1.,0.));
#7144 = ( GEOMETRIC_REPRESENTATION_CONTEXT(2) 
PARAMETRIC_REPRESENTATION_CONTEXT() REPRESENTATION_CONTEXT('2D SPACE',''
  ) );
#7145 = ADVANCED_FACE('',(#7146,#7149),#6689,.F.);
#7146 = FACE_BOUND('',#7147,.F.);
#7147 = EDGE_LOOP('',(#7148));
#7148 = ORIENTED_EDGE('',*,*,#6674,.T.);
#7149 = FACE_BOUND('',#7150,.F.);
#7150 = EDGE_LOOP('',(#7151));
#7151 = ORIENTED_EDGE('',*,*,#7152,.F.);
#7152 = EDGE_CURVE('',#7153,#7153,#7155,.T.);
#7153 = VERTEX_POINT('',#7154);
#7154 = CARTESIAN_POINT('',(-17.57,-55.,77.8));
#7155 = SURFACE_CURVE('',#7156,(#7161,#7168),.PCURVE_S1.);
#7156 = CIRCLE('',#7157,1.45);
#7157 = AXIS2_PLACEMENT_3D('',#7158,#7159,#7160);
#7158 = CARTESIAN_POINT('',(-19.02,-55.,77.8));
#7159 = DIRECTION('',(0.,0.,1.));
#7160 = DIRECTION('',(1.,0.,-0.));
#7161 = PCURVE('',#6689,#7162);
#7162 = DEFINITIONAL_REPRESENTATION('',(#7163),#7167);
#7163 = CIRCLE('',#7164,1.45);
#7164 = AXIS2_PLACEMENT_2D('',#7165,#7166);
#7165 = CARTESIAN_POINT('',(0.,0.));
#7166 = DIRECTION('',(1.,0.));
#7167 = ( GEOMETRIC_REPRESENTATION_CONTEXT(2) 
PARAMETRIC_REPRESENTATION_CONTEXT() REPRESENTATION_CONTEXT('2D SPACE',''
  ) );
#7168 = PCURVE('',#7043,#7169);
#7169 = DEFINITIONAL_REPRESENTATION('',(#7170),#7174);
#7170 = LINE('',#7171,#7172);
#7171 = CARTESIAN_POINT('',(0.,0.5));
#7172 = VECTOR('',#7173,1.);
#7173 = DIRECTION('',(1.,0.));
#7174 = ( GEOMETRIC_REPRESENTATION_CONTEXT(2) 
PARAMETRIC_REPRESENTATION_CONTEXT() REPRESENTATION_CONTEXT('2D SPACE',''
  ) );
#7175 = ADVANCED_FACE('',(#7176),#6793,.F.);
#7176 = FACE_BOUND('',#7177,.F.);
#7177 = EDGE_LOOP('',(#7178,#7179,#7180,#7181));
#7178 = ORIENTED_EDGE('',*,*,#6904,.F.);
#7179 = ORIENTED_EDGE('',*,*,#6780,.T.);
#7180 = ORIENTED_EDGE('',*,*,#6832,.T.);
#7181 = ORIENTED_EDGE('',*,*,#6878,.F.);
#7182 = ADVANCED_FACE('',(#7183),#6948,.F.);
#7183 = FACE_BOUND('',#7184,.F.);
#7184 = EDGE_LOOP('',(#7185,#7206,#7207,#7208));
#7185 = ORIENTED_EDGE('',*,*,#7186,.T.);
#7186 = EDGE_CURVE('',#6932,#7001,#7187,.T.);
#7187 = SEAM_CURVE('',#7188,(#7192,#7199),.PCURVE_S1.);
#7188 = LINE('',#7189,#7190);
#7189 = CARTESIAN_POINT('',(25.43,-98.,77.3));
#7190 = VECTOR('',#7191,1.);
#7191 = DIRECTION('',(0.,0.,1.));
#7192 = PCURVE('',#6948,#7193);
#7193 = DEFINITIONAL_REPRESENTATION('',(#7194),#7198);
#7194 = LINE('',#7195,#7196);
#7195 = CARTESIAN_POINT('',(6.28318530718,-0.));
#7196 = VECTOR('',#7197,1.);
#7197 = DIRECTION('',(0.,1.));
#7198 = ( GEOMETRIC_REPRESENTATION_CONTEXT(2) 
PARAMETRIC_REPRESENTATION_CONTEXT() REPRESENTATION_CONTEXT('2D SPACE',''
  ) );
#7199 = PCURVE('',#6948,#7200);
#7200 = DEFINITIONAL_REPRESENTATION('',(#7201),#7205);
#7201 = LINE('',#7202,#7203);
#7202 = CARTESIAN_POINT('',(0.,-0.));
#7203 = VECTOR('',#7204,1.);
#7204 = DIRECTION('',(0.,1.));
#7205 = ( GEOMETRIC_REPRESENTATION_CONTEXT(2) 
PARAMETRIC_REPRESENTATION_CONTEXT() REPRESENTATION_CONTEXT('2D SPACE',''
  ) );
#7206 = ORIENTED_EDGE('',*,*,#7000,.F.);
#7207 = ORIENTED_EDGE('',*,*,#7186,.F.);
#7208 = ORIENTED_EDGE('',*,*,#6931,.T.);
#7209 = ADVANCED_FACE('',(#7210),#6986,.F.);
#7210 = FACE_BOUND('',#7211,.F.);
#7211 = EDGE_LOOP('',(#7212,#7233,#7234,#7235));
#7212 = ORIENTED_EDGE('',*,*,#7213,.T.);
#7213 = EDGE_CURVE('',#7123,#6970,#7214,.T.);
#7214 = SEAM_CURVE('',#7215,(#7219,#7226),.PCURVE_S1.);
#7215 = LINE('',#7216,#7217);
#7216 = CARTESIAN_POINT('',(-17.57,-98.,77.3));
#7217 = VECTOR('',#7218,1.);
#7218 = DIRECTION('',(0.,0.,1.));
#7219 = PCURVE('',#6986,#7220);
#7220 = DEFINITIONAL_REPRESENTATION('',(#7221),#7225);
#7221 = LINE('',#7222,#7223);
#7222 = CARTESIAN_POINT('',(6.28318530718,-0.));
#7223 = VECTOR('',#7224,1.);
#7224 = DIRECTION('',(0.,1.));
#7225 = ( GEOMETRIC_REPRESENTATION_CONTEXT(2) 
PARAMETRIC_REPRESENTATION_CONTEXT() REPRESENTATION_CONTEXT('2D SPACE',''
  ) );
#7226 = PCURVE('',#6986,#7227);
#7227 = DEFINITIONAL_REPRESENTATION('',(#7228),#7232);
#7228 = LINE('',#7229,#7230);
#7229 = CARTESIAN_POINT('',(0.,-0.));
#7230 = VECTOR('',#7231,1.);
#7231 = DIRECTION('',(0.,1.));
#7232 = ( GEOMETRIC_REPRESENTATION_CONTEXT(2) 
PARAMETRIC_REPRESENTATION_CONTEXT() REPRESENTATION_CONTEXT('2D SPACE',''
  ) );
#7233 = ORIENTED_EDGE('',*,*,#6969,.F.);
#7234 = ORIENTED_EDGE('',*,*,#7213,.F.);
#7235 = ORIENTED_EDGE('',*,*,#7122,.T.);
#7236 = ADVANCED_FACE('',(#7237),#7043,.F.);
#7237 = FACE_BOUND('',#7238,.F.);
#7238 = EDGE_LOOP('',(#7239,#7260,#7261,#7262));
#7239 = ORIENTED_EDGE('',*,*,#7240,.T.);
#7240 = EDGE_CURVE('',#7153,#7027,#7241,.T.);
#7241 = SEAM_CURVE('',#7242,(#7246,#7253),.PCURVE_S1.);
#7242 = LINE('',#7243,#7244);
#7243 = CARTESIAN_POINT('',(-17.57,-55.,77.3));
#7244 = VECTOR('',#7245,1.);
#7245 = DIRECTION('',(0.,0.,1.));
#7246 = PCURVE('',#7043,#7247);
#7247 = DEFINITIONAL_REPRESENTATION('',(#7248),#7252);
#7248 = LINE('',#7249,#7250);
#7249 = CARTESIAN_POINT('',(6.28318530718,-0.));
#7250 = VECTOR('',#7251,1.);
#7251 = DIRECTION('',(0.,1.));
#7252 = ( GEOMETRIC_REPRESENTATION_CONTEXT(2) 
PARAMETRIC_REPRESENTATION_CONTEXT() REPRESENTATION_CONTEXT('2D SPACE',''
  ) );
#7253 = PCURVE('',#7043,#7254);
#7254 = DEFINITIONAL_REPRESENTATION('',(#7255),#7259);
#7255 = LINE('',#7256,#7257);
#7256 = CARTESIAN_POINT('',(0.,-0.));
#7257 = VECTOR('',#7258,1.);
#7258 = DIRECTION('',(0.,1.));
#7259 = ( GEOMETRIC_REPRESENTATION_CONTEXT(2) 
PARAMETRIC_REPRESENTATION_CONTEXT() REPRESENTATION_CONTEXT('2D SPACE',''
  ) );
#7260 = ORIENTED_EDGE('',*,*,#7026,.F.);
#7261 = ORIENTED_EDGE('',*,*,#7240,.F.);
#7262 = ORIENTED_EDGE('',*,*,#7152,.T.);
#7263 = ADVANCED_FACE('',(#7264),#7074,.F.);
#7264 = FACE_BOUND('',#7265,.F.);
#7265 = EDGE_LOOP('',(#7266,#7287,#7288,#7289));
#7266 = ORIENTED_EDGE('',*,*,#7267,.T.);
#7267 = EDGE_CURVE('',#7093,#7058,#7268,.T.);
#7268 = SEAM_CURVE('',#7269,(#7273,#7280),.PCURVE_S1.);
#7269 = LINE('',#7270,#7271);
#7270 = CARTESIAN_POINT('',(25.43,-55.,77.3));
#7271 = VECTOR('',#7272,1.);
#7272 = DIRECTION('',(0.,0.,1.));
#7273 = PCURVE('',#7074,#7274);
#7274 = DEFINITIONAL_REPRESENTATION('',(#7275),#7279);
#7275 = LINE('',#7276,#7277);
#7276 = CARTESIAN_POINT('',(6.28318530718,-0.));
#7277 = VECTOR('',#7278,1.);
#7278 = DIRECTION('',(0.,1.));
#7279 = ( GEOMETRIC_REPRESENTATION_CONTEXT(2) 
PARAMETRIC_REPRESENTATION_CONTEXT() REPRESENTATION_CONTEXT('2D SPACE',''
  ) );
#7280 = PCURVE('',#7074,#7281);
#7281 = DEFINITIONAL_REPRESENTATION('',(#7282),#7286);
#7282 = LINE('',#7283,#7284);
#7283 = CARTESIAN_POINT('',(0.,-0.));
#7284 = VECTOR('',#7285,1.);
#7285 = DIRECTION('',(0.,1.));
#7286 = ( GEOMETRIC_REPRESENTATION_CONTEXT(2) 
PARAMETRIC_REPRESENTATION_CONTEXT() REPRESENTATION_CONTEXT('2D SPACE',''
  ) );
#7287 = ORIENTED_EDGE('',*,*,#7057,.F.);
#7288 = ORIENTED_EDGE('',*,*,#7267,.F.);
#7289 = ORIENTED_EDGE('',*,*,#7092,.T.);
#7290 = ( GEOMETRIC_REPRESENTATION_CONTEXT(3) 
GLOBAL_UNCERTAINTY_ASSIGNED_CONTEXT((#7294)) 
GLOBAL_UNIT_ASSIGNED_CONTEXT((#7291,#7292,#7293)) REPRESENTATION_CONTEXT
('Context #1','3D Context with UNIT and UNCERTAINTY') );
#7291 = ( LENGTH_UNIT() NAMED_UNIT(*) SI_UNIT(.MILLI.,.METRE.) );
#7292 = ( NAMED_UNIT(*) PLANE_ANGLE_UNIT() SI_UNIT($,.RADIAN.) );
#7293 = ( NAMED_UNIT(*) SI_UNIT($,.STERADIAN.) SOLID_ANGLE_UNIT() );
#7294 = UNCERTAINTY_MEASURE_WITH_UNIT(LENGTH_MEASURE(5.E-07),#7291,
  'distance_accuracy_value','confusion accuracy');
#7295 = CONTEXT_DEPENDENT_SHAPE_REPRESENTATION(#7296,#7298);
#7296 = ( REPRESENTATION_RELATIONSHIP('','',#32,#10) 
REPRESENTATION_RELATIONSHIP_WITH_TRANSFORMATION(#7297) 
SHAPE_REPRESENTATION_RELATIONSHIP() );
#7297 = ITEM_DEFINED_TRANSFORMATION('','',#11,#15);
#7298 = PRODUCT_DEFINITION_SHAPE('Placement','Placement of an item',
  #7299);
#7299 = NEXT_ASSEMBLY_USAGE_OCCURRENCE('1','=>[0:1:1:2]','',#5,#27,$);
#7300 = PRODUCT_RELATED_PRODUCT_CATEGORY('part',$,(#29));
ENDSEC;
END-ISO-10303-21;
